-- MySQL dump 10.13  Distrib 8.0.37, for Win64 (x86_64)
--
-- Host: 127.0.0.1    Database: ruoyi-vue
-- ------------------------------------------------------
-- Server version	8.0.37

/*!40101 SET @OLD_CHARACTER_SET_CLIENT=@@CHARACTER_SET_CLIENT */;
/*!40101 SET @OLD_CHARACTER_SET_RESULTS=@@CHARACTER_SET_RESULTS */;
/*!40101 SET @OLD_COLLATION_CONNECTION=@@COLLATION_CONNECTION */;
/*!50503 SET NAMES utf8mb4 */;
/*!40103 SET @OLD_TIME_ZONE=@@TIME_ZONE */;
/*!40103 SET TIME_ZONE='+00:00' */;
/*!40014 SET @OLD_UNIQUE_CHECKS=@@UNIQUE_CHECKS, UNIQUE_CHECKS=0 */;
/*!40014 SET @OLD_FOREIGN_KEY_CHECKS=@@FOREIGN_KEY_CHECKS, FOREIGN_KEY_CHECKS=0 */;
/*!40101 SET @OLD_SQL_MODE=@@SQL_MODE, SQL_MODE='NO_AUTO_VALUE_ON_ZERO' */;
/*!40111 SET @OLD_SQL_NOTES=@@SQL_NOTES, SQL_NOTES=0 */;

--
-- Table structure for table `departments_students`
--

DROP TABLE IF EXISTS `departments_students`;
/*!40101 SET @saved_cs_client     = @@character_set_client */;
/*!50503 SET character_set_client = utf8mb4 */;
CREATE TABLE `departments_students` (
  `id` bigint unsigned NOT NULL AUTO_INCREMENT COMMENT '记录ID',
  `college_id` bigint NOT NULL COMMENT '高校ID',
  `college_name` varchar(255) CHARACTER SET utf8mb4 COLLATE utf8mb4_general_ci NOT NULL COMMENT '高校名称',
  `department_id` bigint NOT NULL COMMENT '院系ID',
  `department_name` varchar(255) CHARACTER SET utf8mb4 COLLATE utf8mb4_general_ci NOT NULL COMMENT '院系名称',
  `major_id` bigint NOT NULL COMMENT '专业ID',
  `major_name` varchar(255) CHARACTER SET utf8mb4 COLLATE utf8mb4_general_ci NOT NULL COMMENT '专业名称',
  `student_id` bigint NOT NULL COMMENT '学生ID',
  `student_name` varchar(255) CHARACTER SET utf8mb4 COLLATE utf8mb4_general_ci NOT NULL COMMENT '学生姓名',
  `gender` char(1) CHARACTER SET utf8mb4 COLLATE utf8mb4_general_ci DEFAULT NULL COMMENT '性别',
  `date_of_birth` date DEFAULT NULL COMMENT '出生日期',
  `enrollment_year` year DEFAULT NULL COMMENT '入学年份',
  PRIMARY KEY (`id`) USING BTREE,
  KEY `idx_student_id` (`student_id`),
  KEY `idx_department_id` (`department_id`),
  KEY `idx_major_id` (`major_id`)
) ENGINE=InnoDB AUTO_INCREMENT=460 DEFAULT CHARSET=utf8mb4 COLLATE=utf8mb4_general_ci ROW_FORMAT=DYNAMIC COMMENT='高校院系专业学生信息表';
/*!40101 SET character_set_client = @saved_cs_client */;

--
-- Dumping data for table `departments_students`
--

LOCK TABLES `departments_students` WRITE;
/*!40000 ALTER TABLE `departments_students` DISABLE KEYS */;
INSERT INTO `departments_students` VALUES (121,2,'清华大学',1,'信息工程学院',1,'软件工程',19970002,'王生安','M','1979-01-01',1997),(122,2,'清华大学',1,'信息工程学院',1,'软件工程',19980002,'李鑫灏','M','1980-01-01',1998),(123,2,'清华大学',1,'信息工程学院',1,'软件工程',19990002,'薛佛世','M','1981-01-01',1999),(124,2,'清华大学',1,'信息工程学院',1,'软件工程',20000002,'蔡壮保','M','1982-01-01',2000),(125,2,'清华大学',1,'信息工程学院',1,'软件工程',20010002,'钱勤堃','M','1983-01-01',2001),(126,2,'清华大学',1,'信息工程学院',1,'软件工程',20020002,'潘恩依','M','1984-01-01',2002),(127,2,'清华大学',1,'信息工程学院',1,'软件工程',20030002,'陈国柏','M','1985-01-01',2003),(128,2,'清华大学',1,'信息工程学院',1,'软件工程',20040002,'魏皑虎','M','1986-01-01',2004),(129,2,'清华大学',1,'信息工程学院',1,'软件工程',20050002,'周卓浩','M','1987-01-01',2005),(130,2,'清华大学',1,'信息工程学院',1,'软件工程',20060002,'汤辟邦','M','1988-01-01',2006),(131,2,'清华大学',1,'信息工程学院',1,'软件工程',20070002,'张顺谷','M','1989-01-01',2007),(132,2,'清华大学',1,'信息工程学院',1,'软件工程',20080002,'张悌斯','M','1990-01-01',2008),(133,2,'清华大学',1,'信息工程学院',1,'软件工程',20090002,'张灶冲','M','1991-01-01',2009),(134,2,'清华大学',1,'信息工程学院',1,'软件工程',20100002,'易江维','M','1992-01-01',2010),(135,2,'清华大学',1,'信息工程学院',1,'软件工程',20110002,'孙来笙','M','1993-01-01',2011),(136,2,'清华大学',1,'信息工程学院',1,'软件工程',20120002,'饶展林','M','1994-01-01',2012),(137,2,'清华大学',1,'信息工程学院',1,'软件工程',20130002,'岳列洋','M','1995-01-01',2013),(138,2,'清华大学',1,'信息工程学院',1,'软件工程',20140002,'时党舒','M','1996-01-01',2014),(139,2,'清华大学',1,'信息工程学院',1,'软件工程',20150002,'周迟蒲','M','1997-01-01',2015),(140,2,'清华大学',1,'信息工程学院',1,'软件工程',20160002,'廉梦容','M','1998-01-01',2016),(141,2,'清华大学',1,'信息工程学院',1,'软件工程',20170002,'张淮森','M','1999-01-01',2017),(142,2,'清华大学',1,'信息工程学院',1,'软件工程',20180002,'夏劲釜','M','2000-01-01',2018),(143,2,'清华大学',1,'信息工程学院',1,'软件工程',20190002,'王好隐','M','2001-01-01',2019),(144,2,'清华大学',1,'信息工程学院',1,'软件工程',20200002,'刘昼星','M','2002-01-01',2020),(145,2,'清华大学',1,'信息工程学院',1,'软件工程',20210002,'池荣弈','M','2003-01-01',2021),(186,3,'西北大学',3,'软件学院',2,'物联网',19970101,'石海清','M','1979-01-01',1997),(187,3,'西北大学',3,'信息学院',2,'物联网',19980102,'孟思茵','F','1980-01-01',1998),(188,3,'西北大学',3,'软件学院',2,'物联网',19990103,'雷元兴','M','1981-01-01',1999),(189,3,'西北大学',3,'信息学院',2,'物联网',20000104,'钟逸君','F','1982-01-01',2000),(190,3,'西北大学',3,'软件学院',2,'物联网',20010105,'邵航宇','M','1983-01-01',2001),(191,3,'西北大学',3,'信息学院',2,'物联网',20020106,'花雪林','F','1984-01-01',2002),(192,3,'西北大学',3,'软件学院',2,'物联网',20030107,'景泽炜','M','1985-01-01',2003),(193,3,'西北大学',3,'信息学院',2,'物联网',20040108,'燕嘉雯','F','1986-01-01',2004),(194,3,'西北大学',3,'软件学院',2,'物联网',20050109,'温海涛','M','1987-01-01',2005),(195,3,'西北大学',3,'信息学院',2,'物联网',20060110,'胡语柔','F','1988-01-01',2006),(196,3,'西北大学',3,'软件学院',2,'物联网',20070111,'秦文清','M','1989-01-01',2007),(197,3,'西北大学',3,'信息学院',2,'物联网',20080112,'凌梦雪','F','1990-01-01',2008),(198,3,'西北大学',3,'软件学院',2,'物联网',20090113,'施辰朗','M','1991-01-01',2009),(199,3,'西北大学',3,'信息学院',2,'物联网',20100114,'韦雨桐','F','1992-01-01',2010),(200,3,'西北大学',3,'软件学院',2,'物联网',20110115,'裴卓霖','M','1993-01-01',2011),(201,3,'西北大学',3,'信息学院',2,'物联网',20120116,'曲雨婷','F','1994-01-01',2012),(202,3,'西北大学',3,'软件学院',2,'物联网',20130117,'左健晖','M','1995-01-01',2013),(203,3,'西北大学',3,'信息学院',2,'物联网',20140118,'贺思雅','F','1996-01-01',2014),(204,3,'西北大学',3,'软件学院',2,'物联网',20150119,'杜明辉','M','1997-01-01',2015),(205,3,'西北大学',3,'信息学院',2,'物联网',20160120,'樊静文','F','1998-01-01',2016),(206,3,'西北大学',3,'软件学院',2,'物联网',20170121,'柯辰曦','M','1999-01-01',2017),(207,3,'西北大学',3,'信息学院',2,'物联网',20180122,'卢梦瑶','F','2000-01-01',2018),(208,3,'西北大学',3,'软件学院',2,'物联网',20190123,'龙梓洋','M','2001-01-01',2019),(209,3,'西北大学',3,'信息学院',2,'物联网',20200124,'华晓玲','F','2002-01-01',2020),(210,3,'西北大学',3,'软件学院',2,'物联网',20010125,'郝皓轩','M','1983-01-01',2001),(211,3,'西北大学',3,'信息学院',2,'物联网',20020126,'杜语柔','F','1984-01-01',2002),(212,3,'西北大学',3,'软件学院',2,'物联网',20030127,'严子龙','M','1985-01-01',2003),(213,3,'西北大学',3,'信息学院',2,'物联网',20040128,'花雪灵','F','1986-01-01',2004),(214,3,'西北大学',3,'软件学院',2,'物联网',20050129,'赵俊杰','M','1987-01-01',2005),(215,3,'西北大学',3,'信息学院',2,'物联网',20060130,'汤婉婷','F','1988-01-01',2006),(216,3,'西北大学',3,'软件学院',2,'物联网',20070131,'段嘉豪','M','1989-01-01',2007),(217,3,'西北大学',3,'信息学院',2,'物联网',20080132,'林子涵','F','1990-01-01',2008),(218,3,'西北大学',3,'软件学院',2,'物联网',20090133,'岳成鑫','M','1991-01-01',2009),(219,3,'西北大学',3,'信息学院',2,'物联网',20100134,'付静怡','F','1992-01-01',2010),(220,3,'西北大学',3,'软件学院',2,'物联网',20110135,'荣嘉楠','M','1993-01-01',2011),(221,3,'西北大学',3,'信息学院',2,'物联网',20120136,'毕诗涵','F','1994-01-01',2012),(222,3,'西北大学',3,'软件学院',2,'物联网',20130137,'陶俊杰','M','1995-01-01',2013),(223,3,'西北大学',3,'信息学院',2,'物联网',20140138,'郝雨薇','F','1996-01-01',2014),(224,3,'西北大学',3,'软件学院',2,'物联网',20150139,'柯俊杰','M','1997-01-01',2015),(225,3,'西北大学',3,'信息学院',2,'物联网',20160140,'余雪芬','F','1998-01-01',2016),(226,1,'长安大学',1,'信息工程学院',1,'软件工程',19970001,'王生安','M','1979-01-01',1997),(228,1,'长安大学',1,'信息工程学院',1,'软件工程',19990001,'薛佛世','M','1981-01-01',1999),(229,1,'长安大学',1,'信息工程学院',1,'软件工程',20000001,'蔡壮保','M','1982-01-01',2000),(230,1,'长安大学',1,'信息工程学院',1,'软件工程',20010001,'钱勤堃','M','1983-01-01',2001),(231,1,'长安大学',1,'信息工程学院',1,'软件工程',20020001,'潘恩依','M','1984-01-01',2002),(232,1,'长安大学',1,'信息工程学院',1,'软件工程',20030001,'陈国柏','M','1985-01-01',2003),(233,1,'长安大学',1,'信息工程学院',1,'软件工程',20040001,'魏皑虎','M','1986-01-01',2004),(234,1,'长安大学',1,'信息工程学院',1,'软件工程',20050001,'周卓浩','M','1987-01-01',2005),(235,1,'长安大学',1,'信息工程学院',1,'软件工程',20060001,'汤辟邦','M','1988-01-01',2006),(236,1,'长安大学',1,'信息工程学院',1,'软件工程',20070001,'张顺谷','M','1989-01-01',2007),(237,1,'长安大学',1,'信息工程学院',1,'软件工程',20080001,'张悌斯','M','1990-01-01',2008),(238,1,'长安大学',1,'信息工程学院',1,'软件工程',20090001,'张灶冲','M','1991-01-01',2009),(239,1,'长安大学',1,'信息工程学院',1,'软件工程',20100001,'易江维','M','1992-01-01',2010),(240,1,'长安大学',1,'信息工程学院',1,'软件工程',20110001,'孙来笙','M','1993-01-01',2011),(241,1,'长安大学',1,'信息工程学院',1,'软件工程',20120001,'饶展林','M','1994-01-01',2012),(242,1,'长安大学',1,'信息工程学院',1,'软件工程',20130001,'岳列洋','M','1995-01-01',2013),(243,1,'长安大学',1,'信息工程学院',1,'软件工程',20140001,'时党舒','M','1996-01-01',2014),(244,1,'长安大学',1,'信息工程学院',1,'软件工程',20150001,'周迟蒲','M','1997-01-01',2015),(245,1,'长安大学',1,'信息工程学院',1,'软件工程',20160001,'廉梦容','M','1998-01-01',2016),(246,1,'长安大学',1,'信息工程学院',1,'软件工程',20170001,'张淮森','M','1999-01-01',2017),(247,1,'长安大学',1,'信息工程学院',1,'软件工程',20180001,'夏劲釜','M','2000-01-01',2018),(248,1,'长安大学',1,'信息工程学院',1,'软件工程',20190001,'王好隐','M','2001-01-01',2019),(249,1,'长安大学',1,'信息工程学院',1,'软件工程',20200001,'刘昼星','M','2002-01-01',2020),(250,1,'长安大学',1,'信息工程学院',1,'软件工程',20210001,'池荣弈','M','2003-01-01',2021),(251,4,'西安交通大学',4,'电气学院',3,'电气工程',20011005,'陈浩宇','M','1983-01-01',2001),(252,4,'西安交通大学',4,'电气学院',3,'电气工程',20021006,'杨雅静','F','1984-01-01',2002),(253,4,'西安交通大学',4,'电气学院',3,'电气工程',20031007,'吴志伟','M','1985-01-01',2003),(254,4,'西安交通大学',4,'电气学院',3,'电气工程',20041008,'王馨悦','F','1986-01-01',2004),(255,4,'西安交通大学',4,'电气学院',3,'电气工程',20051009,'徐建平','M','1987-01-01',2005),(256,4,'西安交通大学',4,'电气学院',3,'电气工程',20061010,'周晓彤','F','1988-01-01',2006),(257,4,'西安交通大学',4,'电气学院',3,'电气工程',20071011,'张子涵','M','1989-01-01',2007),(258,4,'西安交通大学',4,'电气学院',3,'电气工程',20081012,'林雨欣','F','1990-01-01',2008),(259,4,'西安交通大学',4,'电气学院',3,'电气工程',20091013,'冯伟强','M','1991-01-01',2009),(260,4,'西安交通大学',4,'电气学院',3,'电气工程',20101014,'黄思琪','F','1992-01-01',2010),(261,4,'西安交通大学',4,'电气学院',3,'电气工程',20111015,'刘志杰','M','1993-01-01',2011),(262,4,'西安交通大学',4,'电气学院',3,'电气工程',20121016,'罗美琳','F','1994-01-01',2012),(263,4,'西安交通大学',4,'电气学院',3,'电气工程',20131017,'沈俊楠','M','1995-01-01',2013),(264,4,'西安交通大学',4,'电气学院',3,'电气工程',20141018,'袁雅慧','F','1996-01-01',2014),(265,4,'西安交通大学',4,'电气学院',3,'电气工程',20151019,'顾辰宇','M','1997-01-01',2015),(266,4,'西安交通大学',4,'电气学院',3,'电气工程',20161020,'魏雨欣','F','1998-01-01',2016),(267,4,'西安交通大学',4,'电气学院',3,'电气工程',20171021,'韩晓东','M','1999-01-01',2017),(268,4,'西安交通大学',4,'电气学院',3,'电气工程',20181022,'宋婉婷','F','2000-01-01',2018),(269,4,'西安交通大学',4,'电气学院',3,'电气工程',20191023,'冯子龙','M','2001-01-01',2019),(270,4,'西安交通大学',4,'电气学院',3,'电气工程',20201024,'徐梦琳','F','2002-01-01',2020),(271,4,'西安交通大学',4,'电气学院',3,'电气工程',20011025,'郝皓轩','M','1983-01-01',2001),(272,4,'西安交通大学',4,'电气学院',3,'电气工程',20021026,'杜语柔','F','1984-01-01',2002),(273,4,'西安交通大学',4,'电气学院',3,'电气工程',20031027,'严子龙','M','1985-01-01',2003),(274,4,'西安交通大学',4,'电气学院',3,'电气工程',20041028,'花雪灵','F','1986-01-01',2004),(275,4,'西安交通大学',4,'电气学院',3,'电气工程',20051029,'赵俊杰','M','1987-01-01',2005),(276,4,'西安交通大学',4,'电气学院',3,'电气工程',20061030,'汤婉婷','F','1988-01-01',2006),(277,4,'西安交通大学',4,'电气学院',3,'电气工程',20071031,'段嘉豪','M','1989-01-01',2007),(278,4,'西安交通大学',4,'电气学院',3,'电气工程',20081032,'林子涵','F','1990-01-01',2008),(279,4,'西安交通大学',4,'电气学院',3,'电气工程',20091033,'岳成鑫','M','1991-01-01',2009),(280,4,'西安交通大学',4,'电气学院',3,'电气工程',20101034,'付静怡','F','1992-01-01',2010),(281,4,'西安交通大学',4,'电气学院',3,'电气工程',20111035,'荣嘉楠','M','1993-01-01',2011),(282,4,'西安交通大学',4,'电气学院',3,'电气工程',20121036,'毕诗涵','F','1994-01-01',2012),(283,4,'西安交通大学',4,'电气学院',3,'电气工程',20131037,'陶俊杰','M','1995-01-01',2013),(284,4,'西安交通大学',4,'电气学院',3,'电气工程',20141038,'郝雨薇','F','1996-01-01',2014),(285,4,'西安交通大学',4,'电气学院',3,'电气工程',20151039,'柯俊杰','M','1997-01-01',2015),(286,4,'西安交通大学',4,'电气学院',3,'电气工程',20161040,'余雪芬','F','1998-01-01',2016),(287,4,'西安交通大学',4,'电气学院',3,'电气工程',20171041,'龙天宇','M','1999-01-01',2017),(288,4,'西安交通大学',4,'电气学院',3,'电气工程',20181042,'姚梦雪','F','2000-01-01',2018),(289,4,'西安交通大学',4,'电气学院',3,'电气工程',20191043,'滕伟','M','2001-01-01',2019),(290,4,'西安交通大学',4,'电气学院',3,'电气工程',20201044,'尤雨馨','F','2002-01-01',2020),(291,4,'西安交通大学',4,'电气学院',3,'电气工程',20201045,'语馨','F','2002-01-01',1997),(382,4,'北京大学',5,'工程学院',3,'电气工程',199700011,'李华东','M','1979-01-01',1997),(383,4,'北京大学',5,'工程学院',3,'电气工程',199700021,'王建国','M','1978-12-15',1997),(384,4,'北京大学',5,'工程学院',3,'电气工程',199700031,'陈晓峰','M','1978-11-12',1997),(391,4,'北京大学',5,'工程学院',3,'电气工程',200000011,'高志鹏','M','1982-03-05',2000),(392,4,'北京大学',5,'工程学院',3,'电气工程',200000021,'李慧敏','F','1981-12-28',2000),(393,4,'北京大学',5,'工程学院',3,'电气工程',200000031,'周晓峰','M','1981-11-15',2000),(394,4,'北京大学',5,'工程学院',3,'电气工程',200100011,'丁志成','M','1983-03-11',2001),(395,4,'北京大学',5,'工程学院',3,'电气工程',200100021,'陈静怡','F','1982-12-22',2001),(396,4,'北京大学',5,'工程学院',3,'电气工程',200100031,'杨国华','M','1982-11-10',2001),(397,4,'北京大学',5,'工程学院',3,'电气工程',200200011,'郑小龙','M','1984-03-14',2002),(398,4,'北京大学',5,'工程学院',3,'电气工程',200200021,'何文静','F','1983-12-25',2002),(399,4,'北京大学',5,'工程学院',3,'电气工程',200200031,'孙志辉','M','1983-11-13',2002),(400,4,'北京大学',5,'工程学院',3,'电气工程',200300011,'李志鹏','M','1985-03-02',2003),(401,4,'北京大学',5,'工程学院',3,'电气工程',200300021,'王慧敏','F','1984-12-15',2003),(402,4,'北京大学',5,'工程学院',3,'电气工程',200300031,'周晓华','M','1984-11-20',2003),(403,4,'北京大学',5,'工程学院',3,'电气工程',200400011,'丁志成','M','1986-03-11',2004),(404,4,'北京大学',5,'工程学院',3,'电气工程',200400021,'陈静怡','F','1985-12-28',2004),(405,4,'北京大学',5,'工程学院',3,'电气工程',200400031,'杨国华','M','1985-11-15',2004),(406,4,'北京大学',5,'工程学院',3,'电气工程',200500011,'郑小龙','M','1987-03-14',2005),(407,4,'北京大学',5,'工程学院',3,'电气工程',200500021,'何文静','F','1986-12-25',2005),(408,4,'北京大学',5,'工程学院',3,'电气工程',200500031,'孙志辉','M','1986-11-13',2005),(409,4,'北京大学',5,'工程学院',3,'电气工程',200600011,'李华东','M','1988-01-01',2006),(410,4,'北京大学',5,'工程学院',3,'电气工程',200600021,'王建国','M','1987-12-15',2006),(411,4,'北京大学',5,'工程学院',3,'电气工程',200600031,'陈晓峰','M','1987-11-12',2006),(412,4,'北京大学',5,'工程学院',3,'电气工程',200700011,'丁文轩','M','1989-03-02',2007),(413,4,'北京大学',5,'工程学院',3,'电气工程',200700021,'陈静怡','F','1988-12-25',2007),(414,4,'北京大学',5,'工程学院',3,'电气工程',200700031,'杨国强','M','1988-11-12',2007),(415,4,'北京大学',5,'工程学院',3,'电气工程',200800011,'郑小龙','M','1990-03-01',2008),(416,4,'北京大学',5,'工程学院',3,'电气工程',200800021,'何文静','F','1989-12-21',2008),(417,4,'北京大学',5,'工程学院',3,'电气工程',200800031,'孙志辉','M','1989-11-02',2008),(418,4,'北京大学',5,'工程学院',3,'电气工程',200900011,'高志鹏','M','1991-03-05',2009),(419,4,'北京大学',5,'工程学院',3,'电气工程',200900021,'李慧敏','F','1990-12-28',2009),(420,4,'北京大学',5,'工程学院',3,'电气工程',200900031,'周晓峰','M','1990-11-15',2009),(421,4,'北京大学',5,'工程学院',3,'电气工程',201000011,'丁志成','M','1992-03-11',2010),(422,4,'北京大学',5,'工程学院',3,'电气工程',201000021,'陈静怡','F','1991-12-22',2010),(423,4,'北京大学',5,'工程学院',3,'电气工程',201000031,'杨国华','M','1991-11-10',2010),(424,4,'北京大学',5,'工程学院',3,'电气工程',201100011,'郑小龙','M','1993-03-14',2011),(425,4,'北京大学',5,'工程学院',3,'电气工程',201100021,'何文静','F','1992-12-25',2011),(426,4,'北京大学',5,'工程学院',3,'电气工程',201100031,'孙志辉','M','1992-11-13',2011),(427,4,'北京大学',5,'工程学院',3,'电气工程',201200011,'李志鹏','M','1994-03-02',2012),(428,4,'北京大学',5,'工程学院',3,'电气工程',201200021,'王慧敏','F','1993-12-15',2012),(429,4,'北京大学',5,'工程学院',3,'电气工程',201200031,'周晓华','M','1993-11-20',2012),(430,4,'北京大学',5,'工程学院',3,'电气工程',201300011,'丁志成','M','1995-03-11',2013),(431,4,'北京大学',5,'工程学院',3,'电气工程',201300021,'陈静怡','F','1994-12-28',2013),(432,4,'北京大学',5,'工程学院',3,'电气工程',201300031,'杨国华','M','1994-11-15',2013),(433,4,'北京大学',5,'工程学院',3,'电气工程',201400011,'郑小龙','M','1996-03-14',2014),(434,4,'北京大学',5,'工程学院',3,'电气工程',201400021,'何文静','F','1995-12-25',2014),(435,4,'北京大学',5,'工程学院',3,'电气工程',201400031,'孙志辉','M','1995-11-13',2014),(436,4,'北京大学',5,'工程学院',3,'电气工程',201500011,'李华东','M','1997-01-01',2015),(437,4,'北京大学',5,'工程学院',3,'电气工程',201500021,'王建国','M','1996-12-15',2015),(438,4,'北京大学',5,'工程学院',3,'电气工程',201500031,'陈晓峰','M','1996-11-12',2015),(439,4,'北京大学',5,'工程学院',3,'电气工程',201600011,'丁文轩','M','1998-03-02',2016),(440,4,'北京大学',5,'工程学院',3,'电气工程',201600021,'陈静怡','F','1997-12-25',2016),(441,4,'北京大学',5,'工程学院',3,'电气工程',201600031,'杨国强','M','1997-11-12',2016),(442,4,'北京大学',5,'工程学院',3,'电气工程',201700011,'郑小龙','M','1999-03-01',2017),(443,4,'北京大学',5,'工程学院',3,'电气工程',201700021,'何文静','F','1998-12-21',2017),(444,4,'北京大学',5,'工程学院',3,'电气工程',201700031,'孙志辉','M','1998-11-02',2017),(445,4,'北京大学',5,'工程学院',3,'电气工程',201800011,'高志鹏','M','2000-03-05',2018),(446,4,'北京大学',5,'工程学院',3,'电气工程',201800021,'李慧敏','F','1999-12-28',2018),(447,4,'北京大学',5,'工程学院',3,'电气工程',201800031,'周晓峰','M','1999-11-15',2018),(448,4,'北京大学',5,'工程学院',3,'电气工程',201900011,'丁志成','M','2002-03-11',2019),(449,4,'北京大学',5,'工程学院',3,'电气工程',201900021,'陈静怡','F','2001-12-22',2019),(450,4,'北京大学',5,'工程学院',3,'电气工程',201900031,'杨国华','M','2001-11-10',2019),(451,4,'北京大学',5,'工程学院',3,'电气工程',202000011,'郑小龙','M','2003-03-14',2020),(452,4,'北京大学',5,'工程学院',3,'电气工程',202000021,'何文静','F','2002-12-25',2020),(453,4,'北京大学',5,'工程学院',3,'电气工程',202000031,'孙志辉','M','2002-11-13',2020),(454,4,'北京大学',5,'工程学院',3,'电气工程',202100011,'李志鹏','M','2004-03-02',2021),(455,4,'北京大学',5,'工程学院',3,'电气工程',202100021,'王慧敏','F','2003-12-15',2021),(456,4,'北京大学',5,'工程学院',3,'电气工程',202100031,'周晓华','M','2003-11-20',2021),(457,4,'北京大学',5,'工程学院',3,'电气工程',199900011,'郑小龙','M','1981-03-01',1999),(458,4,'北京大学',5,'工程学院',3,'电气工程',199900021,'何文静','F','1980-12-21',1999),(459,4,'北京大学',5,'工程学院',3,'电气工程',199900031,'孙志辉','M','1980-11-02',1999);
/*!40000 ALTER TABLE `departments_students` ENABLE KEYS */;
UNLOCK TABLES;

--
-- Table structure for table `employment_analysis`
--

DROP TABLE IF EXISTS `employment_analysis`;
/*!40101 SET @saved_cs_client     = @@character_set_client */;
/*!50503 SET character_set_client = utf8mb4 */;
CREATE TABLE `employment_analysis` (
  `analysis_id` bigint unsigned NOT NULL AUTO_INCREMENT COMMENT '分析ID',
  `student_id` bigint NOT NULL COMMENT '学生ID',
  `college_name` varchar(255) CHARACTER SET utf8mb4 COLLATE utf8mb4_general_ci NOT NULL COMMENT '高校名称',
  `department_name` varchar(255) CHARACTER SET utf8mb4 COLLATE utf8mb4_general_ci NOT NULL COMMENT '院系名称',
  `major_name` varchar(255) CHARACTER SET utf8mb4 COLLATE utf8mb4_general_ci NOT NULL COMMENT '专业名称',
  `gender` char(1) CHARACTER SET utf8mb4 COLLATE utf8mb4_general_ci DEFAULT NULL COMMENT '性别',
  `employment_date` date DEFAULT NULL COMMENT '就业日期',
  `salary` decimal(12,2) DEFAULT NULL COMMENT '薪资',
  `location` varchar(255) CHARACTER SET utf8mb4 COLLATE utf8mb4_general_ci DEFAULT NULL COMMENT '工作地点',
  `employment_id` bigint unsigned NOT NULL COMMENT '就业信息ID',
  PRIMARY KEY (`analysis_id`) USING BTREE,
  KEY `fk_employment_analysis_employment_id` (`employment_id`),
  CONSTRAINT `fk_employment_analysis_employment_id` FOREIGN KEY (`employment_id`) REFERENCES `employment_info` (`employment_id`) ON DELETE CASCADE
) ENGINE=InnoDB AUTO_INCREMENT=619 DEFAULT CHARSET=utf8mb4 COLLATE=utf8mb4_general_ci ROW_FORMAT=DYNAMIC COMMENT='就业分析表';
/*!40101 SET character_set_client = @saved_cs_client */;

--
-- Dumping data for table `employment_analysis`
--

LOCK TABLES `employment_analysis` WRITE;
/*!40000 ALTER TABLE `employment_analysis` DISABLE KEYS */;
INSERT INTO `employment_analysis` VALUES (303,19990002,'清华大学','信息工程学院','软件工程','M','2002-06-01',22345.34,'浙江',479),(304,20000002,'清华大学','信息工程学院','软件工程','M','2003-06-01',18002.45,'北京',480),(305,20010002,'清华大学','信息工程学院','软件工程','M','2004-06-01',21045.56,'广东',481),(306,20020002,'清华大学','信息工程学院','软件工程','M','2005-06-01',24467.67,'北京',482),(307,20040002,'清华大学','信息工程学院','软件工程','M','2007-06-01',23412.89,'北京',484),(308,20050002,'清华大学','信息工程学院','软件工程','M','2008-06-01',18934.12,'北京',485),(309,20060002,'清华大学','信息工程学院','软件工程','M','2009-06-01',24856.23,'北京',486),(310,20070002,'清华大学','信息工程学院','软件工程','M','2010-06-01',21789.34,'广东',487),(311,20090002,'清华大学','信息工程学院','软件工程','M','2012-06-01',22789.56,'北京',489),(312,20100002,'清华大学','信息工程学院','软件工程','M','2013-06-01',26789.67,'北京',490),(313,20110002,'清华大学','信息工程学院','软件工程','M','2014-06-01',23789.78,'北京',491),(314,20130002,'清华大学','信息工程学院','软件工程','M','2016-06-01',24789.12,'广东',493),(315,20140002,'清华大学','信息工程学院','软件工程','M','2017-06-01',28912.23,'北京',494),(316,20150002,'清华大学','信息工程学院','软件工程','M','2018-06-01',25978.34,'浙江',495),(317,20160002,'清华大学','信息工程学院','软件工程','M','2019-06-01',29012.45,'北京',496),(318,20170002,'清华大学','信息工程学院','软件工程','M','2020-06-01',27067.56,'广东',497),(319,20180002,'清华大学','信息工程学院','软件工程','M','2021-06-01',30567.67,'北京',498),(320,20210002,'清华大学','信息工程学院','软件工程','M','2024-06-01',29567.12,'北京',503),(365,19970101,'西北大学','软件学院','物联网','M','2000-06-01',10234.45,'广东',544),(366,19980102,'西北大学','信息学院','物联网','F','2002-07-15',9823.10,'深圳',545),(367,19990103,'西北大学','软件学院','物联网','M','2003-08-01',8560.75,'杭州',546),(368,20000104,'西北大学','信息学院','物联网','F','2004-09-10',9387.60,'北京',547),(369,20010105,'西北大学','软件学院','物联网','M','2005-10-05',10456.80,'北京',548),(370,20020106,'西北大学','信息学院','物联网','F','2006-11-12',8900.55,'北京',549),(371,20030107,'西北大学','软件学院','物联网','M','2007-12-01',9720.30,'北京',550),(372,20040108,'西北大学','信息学院','物联网','F','2008-01-20',10400.00,'杭州',551),(373,20050109,'西北大学','软件学院','物联网','M','2009-02-15',11500.25,'北京',552),(374,20060110,'西北大学','信息学院','物联网','F','2010-03-05',9450.75,'北京',553),(375,20070111,'西北大学','软件学院','物联网','M','2011-04-12',11000.50,'北京',554),(376,20080112,'西北大学','信息学院','物联网','F','2012-05-30',10000.20,'北京',555),(377,20090113,'西北大学','软件学院','物联网','M','2013-06-18',9400.40,'上海',556),(378,20100114,'西北大学','信息学院','物联网','F','2014-07-25',10320.70,'北京',557),(379,20110115,'西北大学','软件学院','物联网','M','2015-08-10',8900.55,'北京',558),(380,20120116,'西北大学','信息学院','物联网','F','2016-09-01',9720.30,'北京',559),(381,20130117,'西北大学','软件学院','物联网','M','2017-10-20',10400.00,'杭州',560),(382,20140118,'西北大学','信息学院','物联网','F','2018-11-15',11500.25,'北京',561),(383,20150119,'西北大学','软件学院','物联网','M','2019-12-05',9450.75,'北京',562),(384,20160120,'西北大学','信息学院','物联网','F','2020-01-12',11000.50,'北京',563),(385,20170121,'西北大学','软件学院','物联网','M','2021-02-28',10000.20,'北京',564),(386,20180122,'西北大学','信息学院','物联网','F','2022-03-18',9400.40,'上海',565),(387,20190123,'西北大学','软件学院','物联网','M','2023-04-25',10320.70,'北京',566),(388,20200124,'西北大学','信息学院','物联网','F','2024-05-10',8900.55,'北京',567),(389,20010125,'西北大学','软件学院','物联网','M','2002-07-15',9823.10,'深圳',568),(390,20020126,'西北大学','信息学院','物联网','F','2003-08-01',8560.75,'杭州',569),(391,20030127,'西北大学','软件学院','物联网','M','2004-09-10',9387.60,'北京',570),(392,20040128,'西北大学','信息学院','物联网','F','2005-10-05',10456.80,'北京',571),(393,20050129,'西北大学','软件学院','物联网','M','2006-11-12',8900.55,'北京',572),(394,20060130,'西北大学','信息学院','物联网','F','2007-12-01',9720.30,'北京',573),(395,20070131,'西北大学','软件学院','物联网','M','2008-01-20',10400.00,'杭州',574),(396,20080132,'西北大学','信息学院','物联网','F','2009-02-15',11500.25,'北京',575),(397,20090133,'西北大学','软件学院','物联网','M','2010-03-05',9450.75,'北京',576),(398,20100134,'西北大学','信息学院','物联网','F','2011-04-12',11000.50,'北京',577),(399,20110135,'西北大学','软件学院','物联网','M','2012-05-30',10000.20,'北京',578),(400,20120136,'西北大学','信息学院','物联网','F','2013-06-18',9400.40,'上海',579),(401,20130137,'西北大学','软件学院','物联网','M','2014-07-25',10320.70,'北京',580),(402,20140138,'西北大学','信息学院','物联网','F','2015-08-10',8900.55,'北京',581),(403,20150139,'西北大学','软件学院','物联网','M','2016-09-01',9720.30,'北京',582),(404,20160140,'西北大学','信息学院','物联网','F','2017-10-20',10400.00,'杭州',583),(405,19970001,'长安大学','信息工程学院','软件工程','M','2000-06-01',5123.45,'深圳',584),(407,19990001,'长安大学','信息工程学院','软件工程','M','2002-06-01',7021.34,'杭州',586),(408,20000001,'长安大学','信息工程学院','软件工程','M','2003-06-01',8075.89,'北京',587),(409,20010001,'长安大学','信息工程学院','软件工程','M','2004-06-01',9134.56,'广州',588),(410,20020001,'长安大学','信息工程学院','软件工程','M','2005-06-01',10289.78,'北京',589),(411,20030001,'长安大学','信息工程学院','软件工程','M','2006-06-01',11345.23,'北京',590),(412,20040001,'长安大学','信息工程学院','软件工程','M','2007-06-01',12489.45,'北京',591),(413,20050001,'长安大学','信息工程学院','软件工程','M','2008-06-01',13214.67,'北京',592),(414,20060001,'长安大学','信息工程学院','软件工程','M','2009-06-01',14567.89,'北京',593),(415,20070001,'长安大学','信息工程学院','软件工程','M','2010-06-01',15234.56,'深圳',594),(416,20080001,'长安大学','信息工程学院','软件工程','M','2011-06-01',16890.23,'合肥',595),(417,20090001,'长安大学','信息工程学院','软件工程','M','2012-06-01',17234.45,'北京',596),(418,20100001,'长安大学','信息工程学院','软件工程','M','2013-06-01',18567.89,'北京',597),(419,20110001,'长安大学','信息工程学院','软件工程','M','2014-06-01',19234.56,'北京',598),(420,20120001,'长安大学','信息工程学院','软件工程','M','2015-06-01',20489.78,'北京',599),(421,20130001,'长安大学','信息工程学院','软件工程','M','2016-06-01',21345.23,'深圳',600),(422,20140001,'长安大学','信息工程学院','软件工程','M','2017-06-01',22134.56,'北京',601),(423,20150001,'长安大学','信息工程学院','软件工程','M','2018-06-01',23456.78,'杭州',602),(424,20160001,'长安大学','信息工程学院','软件工程','M','2019-06-01',24345.89,'北京',603),(425,20170001,'长安大学','信息工程学院','软件工程','M','2020-06-01',25123.45,'广州',604),(426,20180001,'长安大学','信息工程学院','软件工程','M','2021-06-01',24567.89,'北京',605),(427,20190001,'长安大学','信息工程学院','软件工程','M','2022-06-01',23456.78,'北京',606),(428,20200001,'长安大学','信息工程学院','软件工程','M','2023-06-01',22567.89,'北京',607),(429,20210001,'长安大学','信息工程学院','软件工程','M','2024-06-01',21456.78,'北京',608),(430,20011005,'西安交通大学','电气学院','电气工程','M','2005-10-25',10876.54,'北京',609),(431,20021006,'西安交通大学','电气学院','电气工程','F','2006-11-30',10234.56,'北京',610),(432,20031007,'西安交通大学','电气学院','电气工程','M','2007-12-01',11234.78,'北京',611),(433,20041008,'西安交通大学','电气学院','电气工程','F','2008-01-15',11567.89,'杭州',612),(434,20051009,'西安交通大学','电气学院','电气工程','M','2009-02-10',10987.65,'北京',613),(435,20061010,'西安交通大学','电气学院','电气工程','F','2010-03-05',10123.45,'北京',614),(436,20071011,'西安交通大学','电气学院','电气工程','M','2011-04-20',10789.12,'北京',615),(437,20081012,'西安交通大学','电气学院','电气工程','F','2012-05-30',10654.32,'北京',616),(438,20091013,'西安交通大学','电气学院','电气工程','M','2013-06-18',10890.12,'上海',617),(439,20101014,'西安交通大学','电气学院','电气工程','F','2014-07-25',11123.45,'北京',618),(440,20111015,'西安交通大学','电气学院','电气工程','M','2015-08-10',11098.76,'北京',619),(441,20121016,'西安交通大学','电气学院','电气工程','F','2016-09-01',10876.54,'北京',620),(442,20131017,'西安交通大学','电气学院','电气工程','M','2017-10-15',10987.65,'杭州',621),(443,20141018,'西安交通大学','电气学院','电气工程','F','2018-11-20',11023.45,'北京',622),(444,20151019,'西安交通大学','电气学院','电气工程','M','2019-12-05',10456.78,'北京',623),(445,20161020,'西安交通大学','电气学院','电气工程','F','2020-01-12',10789.12,'北京',624),(446,20171021,'西安交通大学','电气学院','电气工程','M','2021-02-28',10654.32,'北京',625),(447,20181022,'西安交通大学','电气学院','电气工程','F','2022-03-18',10890.12,'上海',626),(448,20191023,'西安交通大学','电气学院','电气工程','M','2023-04-25',11123.45,'北京',627),(449,20201024,'西安交通大学','电气学院','电气工程','F','2024-05-10',11098.76,'北京',628),(450,20011025,'西安交通大学','电气学院','电气工程','M','2002-07-15',9823.10,'深圳',629),(451,20021026,'西安交通大学','电气学院','电气工程','F','2003-08-01',8560.75,'杭州',630),(452,20031027,'西安交通大学','电气学院','电气工程','M','2004-09-10',9387.60,'北京',631),(453,20041028,'西安交通大学','电气学院','电气工程','F','2005-10-05',10456.80,'北京',632),(454,20051029,'西安交通大学','电气学院','电气工程','M','2006-11-12',8900.55,'北京',633),(455,20061030,'西安交通大学','电气学院','电气工程','F','2007-12-01',9720.30,'北京',634),(456,20071031,'西安交通大学','电气学院','电气工程','M','2008-01-20',10400.00,'杭州',635),(457,20081032,'西安交通大学','电气学院','电气工程','F','2009-02-15',11500.25,'北京',636),(458,20091033,'西安交通大学','电气学院','电气工程','M','2010-03-05',9450.75,'北京',637),(459,20101034,'西安交通大学','电气学院','电气工程','F','2011-04-12',11000.50,'北京',638),(460,20111035,'西安交通大学','电气学院','电气工程','M','2012-05-30',10000.20,'北京',639),(461,20121036,'西安交通大学','电气学院','电气工程','F','2013-06-18',9400.40,'上海',640),(462,20131037,'西安交通大学','电气学院','电气工程','M','2014-07-25',10320.70,'北京',641),(463,20141038,'西安交通大学','电气学院','电气工程','F','2015-08-10',8900.55,'北京',642),(464,20151039,'西安交通大学','电气学院','电气工程','M','2016-09-01',9720.30,'北京',643),(465,20161040,'西安交通大学','电气学院','电气工程','F','2017-10-20',10400.00,'杭州',644),(466,20171041,'西安交通大学','电气学院','电气工程','M','2020-02-20',10500.00,'杭州',645),(467,20181042,'西安交通大学','电气学院','电气工程','F','2021-05-15',10800.50,'深圳',646),(468,20191043,'西安交通大学','电气学院','电气工程','M','2022-06-10',10200.75,'北京',647),(469,20201044,'西安交通大学','电气学院','电气工程','F','2023-07-25',9900.60,'北京',648),(470,20201045,'西安交通大学','电气学院','电气工程','F','2000-07-25',8900.60,'北京',649),(561,199700011,'北京大学','工程学院','电气工程','M','2000-06-01',21500.50,'北京',740),(562,199700031,'北京大学','工程学院','电气工程','M','2000-08-01',22500.60,'深圳',742),(567,200000011,'北京大学','工程学院','电气工程','M','2003-06-01',22000.50,'北京',749),(568,200000031,'北京大学','工程学院','电气工程','M','2003-08-01',22200.60,'深圳',751),(569,200100011,'北京大学','工程学院','电气工程','M','2004-06-01',22500.50,'广州',752),(570,200100031,'北京大学','工程学院','电气工程','M','2004-08-01',22700.60,'北京',754),(571,200200011,'北京大学','工程学院','电气工程','M','2005-06-01',22900.50,'北京',755),(572,200200021,'北京大学','工程学院','电气工程','F','2005-07-01',23400.75,'佛山',756),(573,200200031,'北京大学','工程学院','电气工程','M','2005-08-01',22700.60,'北京',757),(574,200300011,'北京大学','工程学院','电气工程','M','2006-06-01',22000.50,'北京',758),(575,200300021,'北京大学','工程学院','电气工程','F','2006-07-01',22500.75,'杭州',759),(576,200300031,'北京大学','工程学院','电气工程','M','2006-08-01',22200.60,'深圳',760),(577,200400011,'北京大学','工程学院','电气工程','M','2007-06-01',22500.50,'广州',761),(578,200400021,'北京大学','工程学院','电气工程','F','2007-07-01',23200.75,'北京',762),(579,200500011,'北京大学','工程学院','电气工程','M','2008-06-01',22900.50,'北京',764),(580,200500021,'北京大学','工程学院','电气工程','F','2008-07-01',23400.75,'佛山',765),(581,200500031,'北京大学','工程学院','电气工程','M','2008-08-01',22700.60,'北京',766),(582,200600011,'北京大学','工程学院','电气工程','M','2009-06-01',22000.50,'北京',767),(583,200600021,'北京大学','工程学院','电气工程','M','2009-07-01',22500.75,'杭州',768),(584,200600031,'北京大学','工程学院','电气工程','M','2009-08-01',22200.60,'深圳',769),(585,200700011,'北京大学','工程学院','电气工程','M','2010-06-01',22500.50,'广州',770),(586,200700021,'北京大学','工程学院','电气工程','F','2010-07-01',23200.75,'北京',771),(587,200800011,'北京大学','工程学院','电气工程','M','2011-06-01',22900.50,'北京',773),(588,200800021,'北京大学','工程学院','电气工程','F','2011-07-01',23400.75,'佛山',774),(589,200800031,'北京大学','工程学院','电气工程','M','2011-08-01',22700.60,'北京',775),(590,200900011,'北京大学','工程学院','电气工程','M','2012-06-01',22000.50,'北京',776),(591,200900021,'北京大学','工程学院','电气工程','F','2012-07-01',22500.75,'杭州',777),(592,201000011,'北京大学','工程学院','电气工程','M','2013-06-01',22500.50,'广州',779),(593,201000021,'北京大学','工程学院','电气工程','F','2013-07-01',23200.75,'北京',780),(594,201100011,'北京大学','工程学院','电气工程','M','2014-06-01',22900.50,'北京',782),(595,201100021,'北京大学','工程学院','电气工程','F','2014-07-01',23400.75,'佛山',783),(596,201200011,'北京大学','工程学院','电气工程','M','2015-06-01',22000.50,'北京',785),(597,201200021,'北京大学','工程学院','电气工程','F','2015-07-01',22500.75,'杭州',786),(598,201200031,'北京大学','工程学院','电气工程','M','2015-08-01',22200.60,'深圳',787),(599,201300021,'北京大学','工程学院','电气工程','F','2016-07-01',23200.75,'北京',789),(600,201300031,'北京大学','工程学院','电气工程','M','2016-08-01',22700.60,'北京',790),(601,201400021,'北京大学','工程学院','电气工程','F','2017-07-01',23400.75,'佛山',792),(602,201400031,'北京大学','工程学院','电气工程','M','2017-08-01',22700.60,'北京',793),(603,201500021,'北京大学','工程学院','电气工程','M','2018-07-01',22500.75,'杭州',795),(604,201500031,'北京大学','工程学院','电气工程','M','2018-08-01',22200.60,'深圳',796),(605,201600021,'北京大学','工程学院','电气工程','F','2019-07-01',23200.75,'北京',798),(606,201600031,'北京大学','工程学院','电气工程','M','2019-08-01',22700.60,'北京',799),(607,201700021,'北京大学','工程学院','电气工程','F','2020-07-01',23400.75,'佛山',801),(608,201700031,'北京大学','工程学院','电气工程','M','2020-08-01',22700.60,'北京',802),(609,201800021,'北京大学','工程学院','电气工程','F','2021-07-01',22500.75,'杭州',804),(610,201800031,'北京大学','工程学院','电气工程','M','2021-08-01',22200.60,'深圳',805),(611,201900011,'北京大学','工程学院','电气工程','M','2022-06-01',22500.50,'广州',806),(612,201900031,'北京大学','工程学院','电气工程','M','2022-08-01',22700.60,'北京',808),(613,202000011,'北京大学','工程学院','电气工程','M','2023-06-01',22900.50,'北京',809),(614,202000021,'北京大学','工程学院','电气工程','F','2023-07-01',23400.75,'佛山',810),(615,202100011,'北京大学','工程学院','电气工程','M','2024-06-01',22000.50,'北京',812),(616,202100031,'北京大学','工程学院','电气工程','M','2024-08-01',22200.60,'深圳',814),(617,199900011,'北京大学','工程学院','电气工程','M','2002-06-01',22800.50,'北京',815),(618,199900031,'北京大学','工程学院','电气工程','M','2002-08-01',22700.60,'北京',817);
/*!40000 ALTER TABLE `employment_analysis` ENABLE KEYS */;
UNLOCK TABLES;
/*!50003 SET @saved_cs_client      = @@character_set_client */ ;
/*!50003 SET @saved_cs_results     = @@character_set_results */ ;
/*!50003 SET @saved_col_connection = @@collation_connection */ ;
/*!50003 SET character_set_client  = utf8mb4 */ ;
/*!50003 SET character_set_results = utf8mb4 */ ;
/*!50003 SET collation_connection  = utf8mb4_0900_ai_ci */ ;
/*!50003 SET @saved_sql_mode       = @@sql_mode */ ;
/*!50003 SET sql_mode              = 'ONLY_FULL_GROUP_BY,STRICT_TRANS_TABLES,NO_ZERO_IN_DATE,NO_ZERO_DATE,ERROR_FOR_DIVISION_BY_ZERO,NO_ENGINE_SUBSTITUTION' */ ;
DELIMITER ;;
/*!50003 CREATE*/ /*!50017 DEFINER=`root`@`localhost`*/ /*!50003 TRIGGER `after_employment_analysis_insert` AFTER INSERT ON `employment_analysis` FOR EACH ROW BEGIN
    -- 插入新行到 employment_data 表，包括 analysis_id 字段
    INSERT INTO employment_data (college_name, year, salary, analysis_id)
    VALUES (NEW.college_name, YEAR(NEW.employment_date), NEW.salary, NEW.analysis_id);
END */;;
DELIMITER ;
/*!50003 SET sql_mode              = @saved_sql_mode */ ;
/*!50003 SET character_set_client  = @saved_cs_client */ ;
/*!50003 SET character_set_results = @saved_cs_results */ ;
/*!50003 SET collation_connection  = @saved_col_connection */ ;
/*!50003 SET @saved_cs_client      = @@character_set_client */ ;
/*!50003 SET @saved_cs_results     = @@character_set_results */ ;
/*!50003 SET @saved_col_connection = @@collation_connection */ ;
/*!50003 SET character_set_client  = utf8mb4 */ ;
/*!50003 SET character_set_results = utf8mb4 */ ;
/*!50003 SET collation_connection  = utf8mb4_0900_ai_ci */ ;
/*!50003 SET @saved_sql_mode       = @@sql_mode */ ;
/*!50003 SET sql_mode              = 'ONLY_FULL_GROUP_BY,STRICT_TRANS_TABLES,NO_ZERO_IN_DATE,NO_ZERO_DATE,ERROR_FOR_DIVISION_BY_ZERO,NO_ENGINE_SUBSTITUTION' */ ;
DELIMITER ;;
/*!50003 CREATE*/ /*!50017 DEFINER=`root`@`localhost`*/ /*!50003 TRIGGER `after_employment_analysis_insert_sort` AFTER INSERT ON `employment_analysis` FOR EACH ROW BEGIN
    INSERT INTO employment_sort (analysis_id, major_name, salary)
    VALUES (NEW.analysis_id, NEW.major_name, NEW.salary);
END */;;
DELIMITER ;
/*!50003 SET sql_mode              = @saved_sql_mode */ ;
/*!50003 SET character_set_client  = @saved_cs_client */ ;
/*!50003 SET character_set_results = @saved_cs_results */ ;
/*!50003 SET collation_connection  = @saved_col_connection */ ;

--
-- Table structure for table `employment_data`
--

DROP TABLE IF EXISTS `employment_data`;
/*!40101 SET @saved_cs_client     = @@character_set_client */;
/*!50503 SET character_set_client = utf8mb4 */;
CREATE TABLE `employment_data` (
  `id` int NOT NULL AUTO_INCREMENT,
  `college_name` varchar(255) NOT NULL,
  `year` int NOT NULL,
  `salary` decimal(10,2) NOT NULL,
  `analysis_id` bigint unsigned NOT NULL COMMENT '分析ID',
  PRIMARY KEY (`id`),
  KEY `fk_employment_data_analysis_id` (`analysis_id`),
  CONSTRAINT `fk_employment_data_analysis_id` FOREIGN KEY (`analysis_id`) REFERENCES `employment_analysis` (`analysis_id`) ON DELETE CASCADE
) ENGINE=InnoDB AUTO_INCREMENT=517 DEFAULT CHARSET=utf8mb4 COLLATE=utf8mb4_0900_ai_ci;
/*!40101 SET character_set_client = @saved_cs_client */;

--
-- Dumping data for table `employment_data`
--

LOCK TABLES `employment_data` WRITE;
/*!40000 ALTER TABLE `employment_data` DISABLE KEYS */;
INSERT INTO `employment_data` VALUES (203,'清华大学',2002,22345.34,303),(204,'清华大学',2003,18002.45,304),(205,'清华大学',2004,21045.56,305),(206,'清华大学',2005,24467.67,306),(207,'清华大学',2007,23412.89,307),(208,'清华大学',2008,18934.12,308),(209,'清华大学',2009,24856.23,309),(210,'清华大学',2010,21789.34,310),(211,'清华大学',2012,22789.56,311),(212,'清华大学',2013,26789.67,312),(213,'清华大学',2014,23789.78,313),(214,'清华大学',2016,24789.12,314),(215,'清华大学',2017,28912.23,315),(216,'清华大学',2018,25978.34,316),(217,'清华大学',2019,29012.45,317),(218,'清华大学',2020,27067.56,318),(219,'清华大学',2021,30567.67,319),(220,'清华大学',2024,29567.12,320),(263,'西北大学',2000,10234.45,365),(264,'西北大学',2002,9823.10,366),(265,'西北大学',2003,8560.75,367),(266,'西北大学',2004,9387.60,368),(267,'西北大学',2005,10456.80,369),(268,'西北大学',2006,8900.55,370),(269,'西北大学',2007,9720.30,371),(270,'西北大学',2008,10400.00,372),(271,'西北大学',2009,11500.25,373),(272,'西北大学',2010,9450.75,374),(273,'西北大学',2011,11000.50,375),(274,'西北大学',2012,10000.20,376),(275,'西北大学',2013,9400.40,377),(276,'西北大学',2014,10320.70,378),(277,'西北大学',2015,8900.55,379),(278,'西北大学',2016,9720.30,380),(279,'西北大学',2017,10400.00,381),(280,'西北大学',2018,11500.25,382),(281,'西北大学',2019,9450.75,383),(282,'西北大学',2020,11000.50,384),(283,'西北大学',2021,10000.20,385),(284,'西北大学',2022,9400.40,386),(285,'西北大学',2023,10320.70,387),(286,'西北大学',2024,8900.55,388),(287,'西北大学',2002,9823.10,389),(288,'西北大学',2003,8560.75,390),(289,'西北大学',2004,9387.60,391),(290,'西北大学',2005,10456.80,392),(291,'西北大学',2006,8900.55,393),(292,'西北大学',2007,9720.30,394),(293,'西北大学',2008,10400.00,395),(294,'西北大学',2009,11500.25,396),(295,'西北大学',2010,9450.75,397),(296,'西北大学',2011,11000.50,398),(297,'西北大学',2012,10000.20,399),(298,'西北大学',2013,9400.40,400),(299,'西北大学',2014,10320.70,401),(300,'西北大学',2015,8900.55,402),(301,'西北大学',2016,9720.30,403),(302,'西北大学',2017,10400.00,404),(303,'长安大学',2000,5123.45,405),(305,'长安大学',2002,7021.34,407),(306,'长安大学',2003,8075.89,408),(307,'长安大学',2004,9134.56,409),(308,'长安大学',2005,10289.78,410),(309,'长安大学',2006,11345.23,411),(310,'长安大学',2007,12489.45,412),(311,'长安大学',2008,13214.67,413),(312,'长安大学',2009,14567.89,414),(313,'长安大学',2010,15234.56,415),(314,'长安大学',2011,16890.23,416),(315,'长安大学',2012,17234.45,417),(316,'长安大学',2013,18567.89,418),(317,'长安大学',2014,19234.56,419),(318,'长安大学',2015,20489.78,420),(319,'长安大学',2016,21345.23,421),(320,'长安大学',2017,22134.56,422),(321,'长安大学',2018,23456.78,423),(322,'长安大学',2019,24345.89,424),(323,'长安大学',2020,25123.45,425),(324,'长安大学',2021,24567.89,426),(325,'长安大学',2022,23456.78,427),(326,'长安大学',2023,22567.89,428),(327,'长安大学',2024,21456.78,429),(328,'西安交通大学',2005,10876.54,430),(329,'西安交通大学',2006,10234.56,431),(330,'西安交通大学',2007,11234.78,432),(331,'西安交通大学',2008,11567.89,433),(332,'西安交通大学',2009,10987.65,434),(333,'西安交通大学',2010,10123.45,435),(334,'西安交通大学',2011,10789.12,436),(335,'西安交通大学',2012,10654.32,437),(336,'西安交通大学',2013,10890.12,438),(337,'西安交通大学',2014,11123.45,439),(338,'西安交通大学',2015,11098.76,440),(339,'西安交通大学',2016,10876.54,441),(340,'西安交通大学',2017,10987.65,442),(341,'西安交通大学',2018,11023.45,443),(342,'西安交通大学',2019,10456.78,444),(343,'西安交通大学',2020,10789.12,445),(344,'西安交通大学',2021,10654.32,446),(345,'西安交通大学',2022,10890.12,447),(346,'西安交通大学',2023,11123.45,448),(347,'西安交通大学',2024,11098.76,449),(348,'西安交通大学',2002,9823.10,450),(349,'西安交通大学',2003,8560.75,451),(350,'西安交通大学',2004,9387.60,452),(351,'西安交通大学',2005,10456.80,453),(352,'西安交通大学',2006,8900.55,454),(353,'西安交通大学',2007,9720.30,455),(354,'西安交通大学',2008,10400.00,456),(355,'西安交通大学',2009,11500.25,457),(356,'西安交通大学',2010,9450.75,458),(357,'西安交通大学',2011,11000.50,459),(358,'西安交通大学',2012,10000.20,460),(359,'西安交通大学',2013,9400.40,461),(360,'西安交通大学',2014,10320.70,462),(361,'西安交通大学',2015,8900.55,463),(362,'西安交通大学',2016,9720.30,464),(363,'西安交通大学',2017,10400.00,465),(364,'西安交通大学',2020,10500.00,466),(365,'西安交通大学',2021,10800.50,467),(366,'西安交通大学',2022,10200.75,468),(367,'西安交通大学',2023,9900.60,469),(368,'西安交通大学',2000,8900.60,470),(459,'北京大学',2000,21500.50,561),(460,'北京大学',2000,22500.60,562),(465,'北京大学',2003,22000.50,567),(466,'北京大学',2003,22200.60,568),(467,'北京大学',2004,22500.50,569),(468,'北京大学',2004,22700.60,570),(469,'北京大学',2005,22900.50,571),(470,'北京大学',2005,23400.75,572),(471,'北京大学',2005,22700.60,573),(472,'北京大学',2006,22000.50,574),(473,'北京大学',2006,22500.75,575),(474,'北京大学',2006,22200.60,576),(475,'北京大学',2007,22500.50,577),(476,'北京大学',2007,23200.75,578),(477,'北京大学',2008,22900.50,579),(478,'北京大学',2008,23400.75,580),(479,'北京大学',2008,22700.60,581),(480,'北京大学',2009,22000.50,582),(481,'北京大学',2009,22500.75,583),(482,'北京大学',2009,22200.60,584),(483,'北京大学',2010,22500.50,585),(484,'北京大学',2010,23200.75,586),(485,'北京大学',2011,22900.50,587),(486,'北京大学',2011,23400.75,588),(487,'北京大学',2011,22700.60,589),(488,'北京大学',2012,22000.50,590),(489,'北京大学',2012,22500.75,591),(490,'北京大学',2013,22500.50,592),(491,'北京大学',2013,23200.75,593),(492,'北京大学',2014,22900.50,594),(493,'北京大学',2014,23400.75,595),(494,'北京大学',2015,22000.50,596),(495,'北京大学',2015,22500.75,597),(496,'北京大学',2015,22200.60,598),(497,'北京大学',2016,23200.75,599),(498,'北京大学',2016,22700.60,600),(499,'北京大学',2017,23400.75,601),(500,'北京大学',2017,22700.60,602),(501,'北京大学',2018,22500.75,603),(502,'北京大学',2018,22200.60,604),(503,'北京大学',2019,23200.75,605),(504,'北京大学',2019,22700.60,606),(505,'北京大学',2020,23400.75,607),(506,'北京大学',2020,22700.60,608),(507,'北京大学',2021,22500.75,609),(508,'北京大学',2021,22200.60,610),(509,'北京大学',2022,22500.50,611),(510,'北京大学',2022,22700.60,612),(511,'北京大学',2023,22900.50,613),(512,'北京大学',2023,23400.75,614),(513,'北京大学',2024,22000.50,615),(514,'北京大学',2024,22200.60,616),(515,'北京大学',2002,22800.50,617),(516,'北京大学',2002,22700.60,618);
/*!40000 ALTER TABLE `employment_data` ENABLE KEYS */;
UNLOCK TABLES;

--
-- Table structure for table `employment_info`
--

DROP TABLE IF EXISTS `employment_info`;
/*!40101 SET @saved_cs_client     = @@character_set_client */;
/*!50503 SET character_set_client = utf8mb4 */;
CREATE TABLE `employment_info` (
  `employment_id` bigint unsigned NOT NULL AUTO_INCREMENT COMMENT '就业信息ID',
  `student_id` bigint NOT NULL COMMENT '学生ID',
  `company_name` varchar(255) CHARACTER SET utf8mb4 COLLATE utf8mb4_general_ci DEFAULT NULL COMMENT '公司名称',
  `position` varchar(255) CHARACTER SET utf8mb4 COLLATE utf8mb4_general_ci DEFAULT NULL COMMENT '职位',
  `salary` decimal(10,2) DEFAULT NULL COMMENT '薪资',
  `employment_date` date DEFAULT NULL COMMENT '就业日期',
  `location` varchar(255) CHARACTER SET utf8mb4 COLLATE utf8mb4_general_ci DEFAULT NULL COMMENT '工作地点',
  `status` varchar(50) CHARACTER SET utf8mb4 COLLATE utf8mb4_general_ci DEFAULT NULL COMMENT '就业状态',
  PRIMARY KEY (`employment_id`) USING BTREE,
  KEY `employment_info_ibfk_1` (`student_id`),
  CONSTRAINT `employment_info_ibfk_1` FOREIGN KEY (`student_id`) REFERENCES `departments_students` (`student_id`) ON DELETE CASCADE
) ENGINE=InnoDB AUTO_INCREMENT=818 DEFAULT CHARSET=utf8mb4 COLLATE=utf8mb4_general_ci ROW_FORMAT=DYNAMIC COMMENT='学生就业信息表';
/*!40101 SET character_set_client = @saved_cs_client */;

--
-- Dumping data for table `employment_info`
--

LOCK TABLES `employment_info` WRITE;
/*!40000 ALTER TABLE `employment_info` DISABLE KEYS */;
INSERT INTO `employment_info` VALUES (477,19970002,'华为技术有限公司','程序员',15789.12,'2000-06-01','广东','1'),(479,19990002,'阿里巴巴公司','程序员',22345.34,'2002-06-01','浙江','0'),(480,20000002,'京东公司','程序员',18002.45,'2003-06-01','北京','0'),(481,20010002,'网易公司','程序员',21045.56,'2004-06-01','广东','0'),(482,20020002,'字节跳动公司','程序员',24467.67,'2005-06-01','北京','0'),(483,20030002,'美团公司','程序员',19890.78,'2006-06-01','北京','1'),(484,20040002,'滴滴出行公司','程序员',23412.89,'2007-06-01','北京','0'),(485,20050002,'小米公司','程序员',18934.12,'2008-06-01','北京','0'),(486,20060002,'京东方公司','程序员',24856.23,'2009-06-01','北京','0'),(487,20070002,'中兴通讯公司','程序员',21789.34,'2010-06-01','广东','0'),(488,20080002,'科大讯飞公司','程序员',25678.45,'2011-06-01','安徽','1'),(489,20090002,'搜狐公司','程序员',22789.56,'2012-06-01','北京','0'),(490,20100002,'京东公司','程序员',26789.67,'2013-06-01','北京','0'),(491,20110002,'快手公司','程序员',23789.78,'2014-06-01','北京','0'),(492,20120002,'联想公司','程序员',27890.89,'2015-06-01','北京','1'),(493,20130002,'华为技术有限公司','程序员',24789.12,'2016-06-01','广东','0'),(494,20140002,'百度公司','程序员',28912.23,'2017-06-01','北京','0'),(495,20150002,'阿里巴巴公司','程序员',25978.34,'2018-06-01','浙江','0'),(496,20160002,'京东公司','程序员',29012.45,'2019-06-01','北京','0'),(497,20170002,'网易公司','程序员',27067.56,'2020-06-01','广东','0'),(498,20180002,'字节跳动公司','程序员',30567.67,'2021-06-01','北京','0'),(499,20190002,'美团公司','程序员',28567.78,'2022-06-01','北京','1'),(500,20200002,'滴滴出行公司','程序员',31012.89,'2023-06-01','北京','1'),(503,20210002,'小米公司','程序员',29567.12,'2024-06-01','北京','0'),(544,19970101,'华为技术有限公司','程序员',10234.45,'2000-06-01','广东','0'),(545,19980102,'腾讯科技（深圳）有限公司','数据分析师',9823.10,'2002-07-15','深圳','0'),(546,19990103,'阿里巴巴集团','前端开发',8560.75,'2003-08-01','杭州','0'),(547,20000104,'百度在线网络技术（北京）有限公司','后端开发',9387.60,'2004-09-10','北京','0'),(548,20010105,'京东商城','数据工程师',10456.80,'2005-10-05','北京','0'),(549,20020106,'美团点评','系统管理员',8900.55,'2006-11-12','北京','0'),(550,20030107,'字节跳动','软件测试',9720.30,'2007-12-01','北京','0'),(551,20040108,'网易公司','全栈工程师',10400.00,'2008-01-20','杭州','0'),(552,20050109,'滴滴出行','数据库管理员',11500.25,'2009-02-15','北京','0'),(553,20060110,'小米科技有限责任公司','技术支持',9450.75,'2010-03-05','北京','0'),(554,20070111,'爱奇艺','网络工程师',11000.50,'2011-04-12','北京','0'),(555,20080112,'搜狐公司','系统架构师',10000.20,'2012-05-30','北京','0'),(556,20090113,'携程旅行网','安全工程师',9400.40,'2013-06-18','上海','0'),(557,20100114,'去哪儿网','大数据工程师',10320.70,'2014-07-25','北京','0'),(558,20110115,'美团点评','系统管理员',8900.55,'2015-08-10','北京','0'),(559,20120116,'字节跳动','软件测试',9720.30,'2016-09-01','北京','0'),(560,20130117,'网易公司','全栈工程师',10400.00,'2017-10-20','杭州','0'),(561,20140118,'滴滴出行','数据库管理员',11500.25,'2018-11-15','北京','0'),(562,20150119,'小米科技有限责任公司','技术支持',9450.75,'2019-12-05','北京','0'),(563,20160120,'爱奇艺','网络工程师',11000.50,'2020-01-12','北京','0'),(564,20170121,'搜狐公司','系统架构师',10000.20,'2021-02-28','北京','0'),(565,20180122,'携程旅行网','安全工程师',9400.40,'2022-03-18','上海','0'),(566,20190123,'去哪儿网','大数据工程师',10320.70,'2023-04-25','北京','0'),(567,20200124,'美团点评','系统管理员',8900.55,'2024-05-10','北京','0'),(568,20010125,'腾讯科技（深圳）有限公司','数据分析师',9823.10,'2002-07-15','深圳','0'),(569,20020126,'阿里巴巴集团','前端开发',8560.75,'2003-08-01','杭州','0'),(570,20030127,'百度在线网络技术（北京）有限公司','后端开发',9387.60,'2004-09-10','北京','0'),(571,20040128,'京东商城','数据工程师',10456.80,'2005-10-05','北京','0'),(572,20050129,'美团点评','系统管理员',8900.55,'2006-11-12','北京','0'),(573,20060130,'字节跳动','软件测试',9720.30,'2007-12-01','北京','0'),(574,20070131,'网易公司','全栈工程师',10400.00,'2008-01-20','杭州','0'),(575,20080132,'滴滴出行','数据库管理员',11500.25,'2009-02-15','北京','0'),(576,20090133,'小米科技有限责任公司','技术支持',9450.75,'2010-03-05','北京','0'),(577,20100134,'爱奇艺','网络工程师',11000.50,'2011-04-12','北京','0'),(578,20110135,'搜狐公司','系统架构师',10000.20,'2012-05-30','北京','0'),(579,20120136,'携程旅行网','安全工程师',9400.40,'2013-06-18','上海','0'),(580,20130137,'去哪儿网','大数据工程师',10320.70,'2014-07-25','北京','0'),(581,20140138,'美团点评','系统管理员',8900.55,'2015-08-10','北京','0'),(582,20150139,'字节跳动','软件测试',9720.30,'2016-09-01','北京','0'),(583,20160140,'网易公司','全栈工程师',10400.00,'2017-10-20','杭州','0'),(584,19970001,'华为技术有限公司','程序员',5123.45,'2000-06-01','深圳','0'),(586,19990001,'阿里巴巴公司','程序员',7021.34,'2002-06-01','杭州','0'),(587,20000001,'京东公司','程序员',8075.89,'2003-06-01','北京','0'),(588,20010001,'网易公司','程序员',9134.56,'2004-06-01','广州','0'),(589,20020001,'字节跳动公司','程序员',10289.78,'2005-06-01','北京','0'),(590,20030001,'美团公司','程序员',11345.23,'2006-06-01','北京','0'),(591,20040001,'滴滴出行公司','程序员',12489.45,'2007-06-01','北京','0'),(592,20050001,'小米公司','程序员',13214.67,'2008-06-01','北京','0'),(593,20060001,'京东方公司','程序员',14567.89,'2009-06-01','北京','0'),(594,20070001,'中兴通讯公司','程序员',15234.56,'2010-06-01','深圳','0'),(595,20080001,'科大讯飞公司','程序员',16890.23,'2011-06-01','合肥','0'),(596,20090001,'搜狐公司','程序员',17234.45,'2012-06-01','北京','0'),(597,20100001,'京东公司','程序员',18567.89,'2013-06-01','北京','0'),(598,20110001,'快手公司','程序员',19234.56,'2014-06-01','北京','0'),(599,20120001,'联想公司','程序员',20489.78,'2015-06-01','北京','0'),(600,20130001,'华为技术有限公司','程序员',21345.23,'2016-06-01','深圳','0'),(601,20140001,'百度公司','程序员',22134.56,'2017-06-01','北京','0'),(602,20150001,'阿里巴巴公司','程序员',23456.78,'2018-06-01','杭州','0'),(603,20160001,'京东公司','程序员',24345.89,'2019-06-01','北京','0'),(604,20170001,'网易公司','程序员',25123.45,'2020-06-01','广州','0'),(605,20180001,'字节跳动公司','程序员',24567.89,'2021-06-01','北京','0'),(606,20190001,'美团公司','程序员',23456.78,'2022-06-01','北京','0'),(607,20200001,'滴滴出行公司','程序员',22567.89,'2023-06-01','北京','0'),(608,20210001,'小米公司','程序员',21456.78,'2024-06-01','北京','0'),(609,20011005,'京东商城','产品经理',10876.54,'2005-10-25','北京','0'),(610,20021006,'美团点评','系统工程师',10234.56,'2006-11-30','北京','0'),(611,20031007,'字节跳动','数据工程师',11234.78,'2007-12-01','北京','0'),(612,20041008,'网易公司','架构师',11567.89,'2008-01-15','杭州','0'),(613,20051009,'滴滴出行','运维工程师',10987.65,'2009-02-10','北京','0'),(614,20061010,'小米科技','研发工程师',10123.45,'2010-03-05','北京','0'),(615,20071011,'爱奇艺','网络工程师',10789.12,'2011-04-20','北京','0'),(616,20081012,'搜狐公司','安全工程师',10654.32,'2012-05-30','北京','0'),(617,20091013,'携程旅行网','数据库管理员',10890.12,'2013-06-18','上海','0'),(618,20101014,'去哪儿网','大数据工程师',11123.45,'2014-07-25','北京','0'),(619,20111015,'美团点评','系统工程师',11098.76,'2015-08-10','北京','0'),(620,20121016,'字节跳动','数据工程师',10876.54,'2016-09-01','北京','0'),(621,20131017,'网易公司','架构师',10987.65,'2017-10-15','杭州','0'),(622,20141018,'滴滴出行','运维工程师',11023.45,'2018-11-20','北京','0'),(623,20151019,'小米科技','研发工程师',10456.78,'2019-12-05','北京','0'),(624,20161020,'爱奇艺','网络工程师',10789.12,'2020-01-12','北京','0'),(625,20171021,'搜狐公司','安全工程师',10654.32,'2021-02-28','北京','0'),(626,20181022,'携程旅行网','数据库管理员',10890.12,'2022-03-18','上海','0'),(627,20191023,'去哪儿网','大数据工程师',11123.45,'2023-04-25','北京','0'),(628,20201024,'美团点评','系统工程师',11098.76,'2024-05-10','北京','0'),(629,20011025,'腾讯科技有限公司','数据分析师',9823.10,'2002-07-15','深圳','0'),(630,20021026,'阿里巴巴集团','前端开发',8560.75,'2003-08-01','杭州','0'),(631,20031027,'百度在线网络技术有限公司','后端开发',9387.60,'2004-09-10','北京','0'),(632,20041028,'京东商城','数据工程师',10456.80,'2005-10-05','北京','0'),(633,20051029,'美团点评','系统管理员',8900.55,'2006-11-12','北京','0'),(634,20061030,'字节跳动','软件测试',9720.30,'2007-12-01','北京','0'),(635,20071031,'网易公司','全栈工程师',10400.00,'2008-01-20','杭州','0'),(636,20081032,'滴滴出行','数据库管理员',11500.25,'2009-02-15','北京','0'),(637,20091033,'小米科技','技术支持',9450.75,'2010-03-05','北京','0'),(638,20101034,'爱奇艺','网络工程师',11000.50,'2011-04-12','北京','0'),(639,20111035,'搜狐公司','系统架构师',10000.20,'2012-05-30','北京','0'),(640,20121036,'携程旅行网','安全工程师',9400.40,'2013-06-18','上海','0'),(641,20131037,'去哪儿网','大数据工程师',10320.70,'2014-07-25','北京','0'),(642,20141038,'美团点评','系统管理员',8900.55,'2015-08-10','北京','0'),(643,20151039,'字节跳动','软件测试',9720.30,'2016-09-01','北京','0'),(644,20161040,'网易公司','全栈工程师',10400.00,'2017-10-20','杭州','0'),(645,20171041,'阿里巴巴集团','安全工程师',10500.00,'2020-02-20','杭州','0'),(646,20181042,'腾讯科技有限公司','产品经理',10800.50,'2021-05-15','深圳','0'),(647,20191043,'百度在线网络技术有限公司','数据分析师',10200.75,'2022-06-10','北京','0'),(648,20201044,'京东商城','研发工程师',9900.60,'2023-07-25','北京','0'),(649,20201045,'京东商城','研发工程师',8900.60,'2000-07-25','北京','0'),(740,199700011,'百度公司','软件工程师',21500.50,'2000-06-01','北京','0'),(741,199700021,'阿里巴巴集团','电气工程师',23000.75,'2000-07-01','杭州','1'),(742,199700031,'腾讯公司','软件开发',22500.60,'2000-08-01','深圳','0'),(749,200000011,'百度公司','软件工程师',22000.50,'2003-06-01','北京','0'),(750,200000021,'阿里巴巴集团','电气工程师',22500.75,'2003-07-01','杭州','1'),(751,200000031,'腾讯公司','软件开发',22200.60,'2003-08-01','深圳','0'),(752,200100011,'网易公司','软件工程师',22500.50,'2004-06-01','广州','0'),(753,200100021,'小米科技','电气工程师',23200.75,'2004-07-01','北京','1'),(754,200100031,'搜狐公司','软件开发',22700.60,'2004-08-01','北京','0'),(755,200200011,'京东方','软件工程师',22900.50,'2005-06-01','北京','0'),(756,200200021,'美的集团','电气工程师',23400.75,'2005-07-01','佛山','0'),(757,200200031,'用友软件','软件开发',22700.60,'2005-08-01','北京','0'),(758,200300011,'百度公司','软件工程师',22000.50,'2006-06-01','北京','0'),(759,200300021,'阿里巴巴集团','电气工程师',22500.75,'2006-07-01','杭州','0'),(760,200300031,'腾讯公司','软件开发',22200.60,'2006-08-01','深圳','0'),(761,200400011,'网易公司','软件工程师',22500.50,'2007-06-01','广州','0'),(762,200400021,'小米科技','电气工程师',23200.75,'2007-07-01','北京','0'),(763,200400031,'搜狐公司','软件开发',22700.60,'2007-08-01','北京','1'),(764,200500011,'京东方','软件工程师',22900.50,'2008-06-01','北京','0'),(765,200500021,'美的集团','电气工程师',23400.75,'2008-07-01','佛山','0'),(766,200500031,'用友软件','软件开发',22700.60,'2008-08-01','北京','0'),(767,200600011,'百度公司','软件工程师',22000.50,'2009-06-01','北京','0'),(768,200600021,'阿里巴巴集团','电气工程师',22500.75,'2009-07-01','杭州','0'),(769,200600031,'腾讯公司','软件开发',22200.60,'2009-08-01','深圳','0'),(770,200700011,'网易公司','软件工程师',22500.50,'2010-06-01','广州','0'),(771,200700021,'小米科技','电气工程师',23200.75,'2010-07-01','北京','0'),(772,200700031,'搜狐公司','软件开发',22700.60,'2010-08-01','北京','1'),(773,200800011,'京东方','软件工程师',22900.50,'2011-06-01','北京','0'),(774,200800021,'美的集团','电气工程师',23400.75,'2011-07-01','佛山','0'),(775,200800031,'用友软件','软件开发',22700.60,'2011-08-01','北京','0'),(776,200900011,'百度公司','软件工程师',22000.50,'2012-06-01','北京','0'),(777,200900021,'阿里巴巴集团','电气工程师',22500.75,'2012-07-01','杭州','0'),(778,200900031,'腾讯公司','软件开发',22200.60,'2012-08-01','深圳','1'),(779,201000011,'网易公司','软件工程师',22500.50,'2013-06-01','广州','0'),(780,201000021,'小米科技','电气工程师',23200.75,'2013-07-01','北京','0'),(781,201000031,'搜狐公司','软件开发',22700.60,'2013-08-01','北京','1'),(782,201100011,'京东方','软件工程师',22900.50,'2014-06-01','北京','0'),(783,201100021,'美的集团','电气工程师',23400.75,'2014-07-01','佛山','0'),(784,201100031,'用友软件','软件开发',22700.60,'2014-08-01','北京','1'),(785,201200011,'百度公司','软件工程师',22000.50,'2015-06-01','北京','0'),(786,201200021,'阿里巴巴集团','电气工程师',22500.75,'2015-07-01','杭州','0'),(787,201200031,'腾讯公司','软件开发',22200.60,'2015-08-01','深圳','0'),(788,201300011,'网易公司','软件工程师',22500.50,'2016-06-01','广州','1'),(789,201300021,'小米科技','电气工程师',23200.75,'2016-07-01','北京','0'),(790,201300031,'搜狐公司','软件开发',22700.60,'2016-08-01','北京','0'),(791,201400011,'京东方','软件工程师',22900.50,'2017-06-01','北京','1'),(792,201400021,'美的集团','电气工程师',23400.75,'2017-07-01','佛山','0'),(793,201400031,'用友软件','软件开发',22700.60,'2017-08-01','北京','0'),(794,201500011,'百度公司','软件工程师',22000.50,'2018-06-01','北京','1'),(795,201500021,'阿里巴巴集团','电气工程师',22500.75,'2018-07-01','杭州','0'),(796,201500031,'腾讯公司','软件开发',22200.60,'2018-08-01','深圳','0'),(797,201600011,'网易公司','软件工程师',22500.50,'2019-06-01','广州','1'),(798,201600021,'小米科技','电气工程师',23200.75,'2019-07-01','北京','0'),(799,201600031,'搜狐公司','软件开发',22700.60,'2019-08-01','北京','0'),(800,201700011,'京东方','软件工程师',22900.50,'2020-06-01','北京','1'),(801,201700021,'美的集团','电气工程师',23400.75,'2020-07-01','佛山','0'),(802,201700031,'用友软件','软件开发',22700.60,'2020-08-01','北京','0'),(803,201800011,'百度公司','软件工程师',22000.50,'2021-06-01','北京','1'),(804,201800021,'阿里巴巴集团','电气工程师',22500.75,'2021-07-01','杭州','0'),(805,201800031,'腾讯公司','软件开发',22200.60,'2021-08-01','深圳','0'),(806,201900011,'网易公司','软件工程师',22500.50,'2022-06-01','广州','0'),(807,201900021,'小米科技','电气工程师',23200.75,'2022-07-01','北京','1'),(808,201900031,'搜狐公司','软件开发',22700.60,'2022-08-01','北京','0'),(809,202000011,'京东方','软件工程师',22900.50,'2023-06-01','北京','0'),(810,202000021,'美的集团','电气工程师',23400.75,'2023-07-01','佛山','0'),(811,202000031,'用友软件','软件开发',22700.60,'2023-08-01','北京','1'),(812,202100011,'百度公司','软件工程师',22000.50,'2024-06-01','北京','0'),(813,202100021,'阿里巴巴集团','电气工程师',22500.75,'2024-07-01','杭州','1'),(814,202100031,'腾讯公司','软件开发',22200.60,'2024-08-01','深圳','0'),(815,199900011,'京东方','软件工程师',22800.50,'2002-06-01','北京','0'),(816,199900021,'美的集团','电气工程师',23400.75,'2002-07-01','佛山','1'),(817,199900031,'用友软件','软件开发',22700.60,'2002-08-01','北京','0');
/*!40000 ALTER TABLE `employment_info` ENABLE KEYS */;
UNLOCK TABLES;
/*!50003 SET @saved_cs_client      = @@character_set_client */ ;
/*!50003 SET @saved_cs_results     = @@character_set_results */ ;
/*!50003 SET @saved_col_connection = @@collation_connection */ ;
/*!50003 SET character_set_client  = utf8mb4 */ ;
/*!50003 SET character_set_results = utf8mb4 */ ;
/*!50003 SET collation_connection  = utf8mb4_0900_ai_ci */ ;
/*!50003 SET @saved_sql_mode       = @@sql_mode */ ;
/*!50003 SET sql_mode              = 'ONLY_FULL_GROUP_BY,STRICT_TRANS_TABLES,NO_ZERO_IN_DATE,NO_ZERO_DATE,ERROR_FOR_DIVISION_BY_ZERO,NO_ENGINE_SUBSTITUTION' */ ;
DELIMITER ;;
/*!50003 CREATE*/ /*!50017 DEFINER=`root`@`localhost`*/ /*!50003 TRIGGER `after_employment_info_insert` AFTER INSERT ON `employment_info` FOR EACH ROW BEGIN
    -- 插入新行到 employment_analysis 表，包括 employment_id 字段
    INSERT INTO employment_analysis (student_id, college_name, department_name, major_name, gender, employment_date, salary, location, employment_id)
    SELECT ds.student_id, ds.college_name, ds.department_name, ds.major_name, ds.gender, NEW.employment_date, NEW.salary, NEW.location, NEW.employment_id
    FROM departments_students ds
    WHERE ds.student_id = NEW.student_id AND NEW.status = '0';
END */;;
DELIMITER ;
/*!50003 SET sql_mode              = @saved_sql_mode */ ;
/*!50003 SET character_set_client  = @saved_cs_client */ ;
/*!50003 SET character_set_results = @saved_cs_results */ ;
/*!50003 SET collation_connection  = @saved_col_connection */ ;

--
-- Table structure for table `employment_sort`
--

DROP TABLE IF EXISTS `employment_sort`;
/*!40101 SET @saved_cs_client     = @@character_set_client */;
/*!50503 SET character_set_client = utf8mb4 */;
CREATE TABLE `employment_sort` (
  `id` bigint unsigned NOT NULL AUTO_INCREMENT COMMENT '主键ID',
  `analysis_id` bigint unsigned NOT NULL COMMENT '分析ID',
  `major_name` varchar(255) CHARACTER SET utf8mb4 COLLATE utf8mb4_general_ci NOT NULL COMMENT '专业名称',
  `salary` decimal(12,2) DEFAULT NULL COMMENT '薪资',
  PRIMARY KEY (`id`),
  KEY `analysis_id` (`analysis_id`),
  CONSTRAINT `employment_sort_ibfk_1` FOREIGN KEY (`analysis_id`) REFERENCES `employment_analysis` (`analysis_id`) ON DELETE CASCADE
) ENGINE=InnoDB AUTO_INCREMENT=417 DEFAULT CHARSET=utf8mb4 COLLATE=utf8mb4_general_ci COMMENT='就业排序表';
/*!40101 SET character_set_client = @saved_cs_client */;

--
-- Dumping data for table `employment_sort`
--

LOCK TABLES `employment_sort` WRITE;
/*!40000 ALTER TABLE `employment_sort` DISABLE KEYS */;
INSERT INTO `employment_sort` VALUES (103,303,'软件工程',22345.34),(104,304,'软件工程',18002.45),(105,305,'软件工程',21045.56),(106,306,'软件工程',24467.67),(107,307,'软件工程',23412.89),(108,308,'软件工程',18934.12),(109,309,'软件工程',24856.23),(110,310,'软件工程',21789.34),(111,311,'软件工程',22789.56),(112,312,'软件工程',26789.67),(113,313,'软件工程',23789.78),(114,314,'软件工程',24789.12),(115,315,'软件工程',28912.23),(116,316,'软件工程',25978.34),(117,317,'软件工程',29012.45),(118,318,'软件工程',27067.56),(119,319,'软件工程',30567.67),(120,320,'软件工程',29567.12),(163,365,'物联网',10234.45),(164,366,'物联网',9823.10),(165,367,'物联网',8560.75),(166,368,'物联网',9387.60),(167,369,'物联网',10456.80),(168,370,'物联网',8900.55),(169,371,'物联网',9720.30),(170,372,'物联网',10400.00),(171,373,'物联网',11500.25),(172,374,'物联网',9450.75),(173,375,'物联网',11000.50),(174,376,'物联网',10000.20),(175,377,'物联网',9400.40),(176,378,'物联网',10320.70),(177,379,'物联网',8900.55),(178,380,'物联网',9720.30),(179,381,'物联网',10400.00),(180,382,'物联网',11500.25),(181,383,'物联网',9450.75),(182,384,'物联网',11000.50),(183,385,'物联网',10000.20),(184,386,'物联网',9400.40),(185,387,'物联网',10320.70),(186,388,'物联网',8900.55),(187,389,'物联网',9823.10),(188,390,'物联网',8560.75),(189,391,'物联网',9387.60),(190,392,'物联网',10456.80),(191,393,'物联网',8900.55),(192,394,'物联网',9720.30),(193,395,'物联网',10400.00),(194,396,'物联网',11500.25),(195,397,'物联网',9450.75),(196,398,'物联网',11000.50),(197,399,'物联网',10000.20),(198,400,'物联网',9400.40),(199,401,'物联网',10320.70),(200,402,'物联网',8900.55),(201,403,'物联网',9720.30),(202,404,'物联网',10400.00),(203,405,'软件工程',5123.45),(205,407,'软件工程',7021.34),(206,408,'软件工程',8075.89),(207,409,'软件工程',9134.56),(208,410,'软件工程',10289.78),(209,411,'软件工程',11345.23),(210,412,'软件工程',12489.45),(211,413,'软件工程',13214.67),(212,414,'软件工程',14567.89),(213,415,'软件工程',15234.56),(214,416,'软件工程',16890.23),(215,417,'软件工程',17234.45),(216,418,'软件工程',18567.89),(217,419,'软件工程',19234.56),(218,420,'软件工程',20489.78),(219,421,'软件工程',21345.23),(220,422,'软件工程',22134.56),(221,423,'软件工程',23456.78),(222,424,'软件工程',24345.89),(223,425,'软件工程',25123.45),(224,426,'软件工程',24567.89),(225,427,'软件工程',23456.78),(226,428,'软件工程',22567.89),(227,429,'软件工程',21456.78),(228,430,'电气工程',10876.54),(229,431,'电气工程',10234.56),(230,432,'电气工程',11234.78),(231,433,'电气工程',11567.89),(232,434,'电气工程',10987.65),(233,435,'电气工程',10123.45),(234,436,'电气工程',10789.12),(235,437,'电气工程',10654.32),(236,438,'电气工程',10890.12),(237,439,'电气工程',11123.45),(238,440,'电气工程',11098.76),(239,441,'电气工程',10876.54),(240,442,'电气工程',10987.65),(241,443,'电气工程',11023.45),(242,444,'电气工程',10456.78),(243,445,'电气工程',10789.12),(244,446,'电气工程',10654.32),(245,447,'电气工程',10890.12),(246,448,'电气工程',11123.45),(247,449,'电气工程',11098.76),(248,450,'电气工程',9823.10),(249,451,'电气工程',8560.75),(250,452,'电气工程',9387.60),(251,453,'电气工程',10456.80),(252,454,'电气工程',8900.55),(253,455,'电气工程',9720.30),(254,456,'电气工程',10400.00),(255,457,'电气工程',11500.25),(256,458,'电气工程',9450.75),(257,459,'电气工程',11000.50),(258,460,'电气工程',10000.20),(259,461,'电气工程',9400.40),(260,462,'电气工程',10320.70),(261,463,'电气工程',8900.55),(262,464,'电气工程',9720.30),(263,465,'电气工程',10400.00),(264,466,'电气工程',10500.00),(265,467,'电气工程',10800.50),(266,468,'电气工程',10200.75),(267,469,'电气工程',9900.60),(268,470,'电气工程',8900.60),(359,561,'电气工程',21500.50),(360,562,'电气工程',22500.60),(365,567,'电气工程',22000.50),(366,568,'电气工程',22200.60),(367,569,'电气工程',22500.50),(368,570,'电气工程',22700.60),(369,571,'电气工程',22900.50),(370,572,'电气工程',23400.75),(371,573,'电气工程',22700.60),(372,574,'电气工程',22000.50),(373,575,'电气工程',22500.75),(374,576,'电气工程',22200.60),(375,577,'电气工程',22500.50),(376,578,'电气工程',23200.75),(377,579,'电气工程',22900.50),(378,580,'电气工程',23400.75),(379,581,'电气工程',22700.60),(380,582,'电气工程',22000.50),(381,583,'电气工程',22500.75),(382,584,'电气工程',22200.60),(383,585,'电气工程',22500.50),(384,586,'电气工程',23200.75),(385,587,'电气工程',22900.50),(386,588,'电气工程',23400.75),(387,589,'电气工程',22700.60),(388,590,'电气工程',22000.50),(389,591,'电气工程',22500.75),(390,592,'电气工程',22500.50),(391,593,'电气工程',23200.75),(392,594,'电气工程',22900.50),(393,595,'电气工程',23400.75),(394,596,'电气工程',22000.50),(395,597,'电气工程',22500.75),(396,598,'电气工程',22200.60),(397,599,'电气工程',23200.75),(398,600,'电气工程',22700.60),(399,601,'电气工程',23400.75),(400,602,'电气工程',22700.60),(401,603,'电气工程',22500.75),(402,604,'电气工程',22200.60),(403,605,'电气工程',23200.75),(404,606,'电气工程',22700.60),(405,607,'电气工程',23400.75),(406,608,'电气工程',22700.60),(407,609,'电气工程',22500.75),(408,610,'电气工程',22200.60),(409,611,'电气工程',22500.50),(410,612,'电气工程',22700.60),(411,613,'电气工程',22900.50),(412,614,'电气工程',23400.75),(413,615,'电气工程',22000.50),(414,616,'电气工程',22200.60),(415,617,'电气工程',22800.50),(416,618,'电气工程',22700.60);
/*!40000 ALTER TABLE `employment_sort` ENABLE KEYS */;
UNLOCK TABLES;

--
-- Table structure for table `gen_table`
--

DROP TABLE IF EXISTS `gen_table`;
/*!40101 SET @saved_cs_client     = @@character_set_client */;
/*!50503 SET character_set_client = utf8mb4 */;
CREATE TABLE `gen_table` (
  `table_id` bigint NOT NULL AUTO_INCREMENT COMMENT '编号',
  `table_name` varchar(200) DEFAULT '' COMMENT '表名称',
  `table_comment` varchar(500) DEFAULT '' COMMENT '表描述',
  `sub_table_name` varchar(64) DEFAULT NULL COMMENT '关联子表的表名',
  `sub_table_fk_name` varchar(64) DEFAULT NULL COMMENT '子表关联的外键名',
  `class_name` varchar(100) DEFAULT '' COMMENT '实体类名称',
  `tpl_category` varchar(200) DEFAULT 'crud' COMMENT '使用的模板（crud单表操作 tree树表操作）',
  `tpl_web_type` varchar(30) DEFAULT '' COMMENT '前端模板类型（element-ui模版 element-plus模版）',
  `package_name` varchar(100) DEFAULT NULL COMMENT '生成包路径',
  `module_name` varchar(30) DEFAULT NULL COMMENT '生成模块名',
  `business_name` varchar(30) DEFAULT NULL COMMENT '生成业务名',
  `function_name` varchar(50) DEFAULT NULL COMMENT '生成功能名',
  `function_author` varchar(50) DEFAULT NULL COMMENT '生成功能作者',
  `gen_type` char(1) DEFAULT '0' COMMENT '生成代码方式（0zip压缩包 1自定义路径）',
  `gen_path` varchar(200) DEFAULT '/' COMMENT '生成路径（不填默认项目路径）',
  `options` varchar(1000) DEFAULT NULL COMMENT '其它生成选项',
  `create_by` varchar(64) DEFAULT '' COMMENT '创建者',
  `create_time` datetime DEFAULT NULL COMMENT '创建时间',
  `update_by` varchar(64) DEFAULT '' COMMENT '更新者',
  `update_time` datetime DEFAULT NULL COMMENT '更新时间',
  `remark` varchar(500) DEFAULT NULL COMMENT '备注',
  PRIMARY KEY (`table_id`)
) ENGINE=InnoDB AUTO_INCREMENT=9 DEFAULT CHARSET=utf8mb4 COLLATE=utf8mb4_0900_ai_ci COMMENT='代码生成业务表';
/*!40101 SET character_set_client = @saved_cs_client */;

--
-- Dumping data for table `gen_table`
--

LOCK TABLES `gen_table` WRITE;
/*!40000 ALTER TABLE `gen_table` DISABLE KEYS */;
INSERT INTO `gen_table` VALUES (1,'mes_product','制造执行MES-产品建模表',NULL,NULL,'MesProduct','crud','element-ui','com.ruoyi.mes','mes','product','产品建模','ruoyi','0','/','{\"parentMenuId\":2000}','admin','2024-07-01 08:52:26','','2024-07-01 09:07:07',NULL),(2,'mes_factory','制造执行MES-工厂建模表','mes_factory_device_item','factory_id','MesFactory','sub','element-ui','com.ruoyi.mes','mes','factory','工厂建模','ruoyi','0','/','{\"parentMenuId\":\"2000\"}','admin','2024-07-01 14:20:27','','2024-07-01 14:24:56',NULL),(3,'mes_factory_device_item','制造执行MES-工厂建模设备信息子表',NULL,NULL,'MesFactoryDeviceItem','crud','element-ui','com.ruoyi.mes','mes','factory','制造执行MES-工厂建模设备信息子','ruoyi','0','/','{\"parentMenuId\":\"2000\"}','admin','2024-07-01 14:21:43','','2024-07-01 14:24:21',NULL),(4,'departments_students','高校院系专业学生信息表','employment_info','student_id','DepartmentsStudents','sub','element-ui','com.ruoyi.employment','employment','departments_students','高校院系专业学生信息','ruoyi','0','/','{\"parentMenuId\":\"2014\"}','admin','2024-07-02 11:18:56','','2024-07-02 11:26:52',NULL),(6,'employment_info','学生就业信息表','','','EmploymentInfo','crud','element-ui','com.ruoyi.employment','employment','employment_info','学生就业信息','ruoyi','0','/','{\"treeCode\":\"student_id\",\"treeParentCode\":\"student_id\",\"parentMenuId\":\"2014\"}','admin','2024-07-02 11:18:56','','2024-07-03 08:50:15',NULL),(7,'system_logs','系统日志表',NULL,NULL,'SystemLogs','crud','','com.ruoyi.system','system','logs','系统日志','ruoyi','0','/',NULL,'admin','2024-07-02 11:18:56','',NULL,NULL),(8,'employment_analysis','就业分析表',NULL,NULL,'EmploymentAnalysis','crud','element-ui','com.ruoyi.employment','employment','employment_analysis','就业分析','ruoyi','0','/','{\"parentMenuId\":\"2014\"}','admin','2024-07-02 16:59:42','','2024-07-02 17:02:16',NULL);
/*!40000 ALTER TABLE `gen_table` ENABLE KEYS */;
UNLOCK TABLES;

--
-- Table structure for table `gen_table_column`
--

DROP TABLE IF EXISTS `gen_table_column`;
/*!40101 SET @saved_cs_client     = @@character_set_client */;
/*!50503 SET character_set_client = utf8mb4 */;
CREATE TABLE `gen_table_column` (
  `column_id` bigint NOT NULL AUTO_INCREMENT COMMENT '编号',
  `table_id` bigint DEFAULT NULL COMMENT '归属表编号',
  `column_name` varchar(200) DEFAULT NULL COMMENT '列名称',
  `column_comment` varchar(500) DEFAULT NULL COMMENT '列描述',
  `column_type` varchar(100) DEFAULT NULL COMMENT '列类型',
  `java_type` varchar(500) DEFAULT NULL COMMENT 'JAVA类型',
  `java_field` varchar(200) DEFAULT NULL COMMENT 'JAVA字段名',
  `is_pk` char(1) DEFAULT NULL COMMENT '是否主键（1是）',
  `is_increment` char(1) DEFAULT NULL COMMENT '是否自增（1是）',
  `is_required` char(1) DEFAULT NULL COMMENT '是否必填（1是）',
  `is_insert` char(1) DEFAULT NULL COMMENT '是否为插入字段（1是）',
  `is_edit` char(1) DEFAULT NULL COMMENT '是否编辑字段（1是）',
  `is_list` char(1) DEFAULT NULL COMMENT '是否列表字段（1是）',
  `is_query` char(1) DEFAULT NULL COMMENT '是否查询字段（1是）',
  `query_type` varchar(200) DEFAULT 'EQ' COMMENT '查询方式（等于、不等于、大于、小于、范围）',
  `html_type` varchar(200) DEFAULT NULL COMMENT '显示类型（文本框、文本域、下拉框、复选框、单选框、日期控件）',
  `dict_type` varchar(200) DEFAULT '' COMMENT '字典类型',
  `sort` int DEFAULT NULL COMMENT '排序',
  `create_by` varchar(64) DEFAULT '' COMMENT '创建者',
  `create_time` datetime DEFAULT NULL COMMENT '创建时间',
  `update_by` varchar(64) DEFAULT '' COMMENT '更新者',
  `update_time` datetime DEFAULT NULL COMMENT '更新时间',
  PRIMARY KEY (`column_id`)
) ENGINE=InnoDB AUTO_INCREMENT=56 DEFAULT CHARSET=utf8mb4 COLLATE=utf8mb4_0900_ai_ci COMMENT='代码生成业务表字段';
/*!40101 SET character_set_client = @saved_cs_client */;

--
-- Dumping data for table `gen_table_column`
--

LOCK TABLES `gen_table_column` WRITE;
/*!40000 ALTER TABLE `gen_table_column` DISABLE KEYS */;
INSERT INTO `gen_table_column` VALUES (1,1,'id','模型编号','bigint unsigned','Long','id','1','1','0','0',NULL,'1',NULL,'EQ',NULL,'',1,'admin','2024-07-01 08:52:26','','2024-07-01 09:07:07'),(2,1,'mode_name','模型名称','varchar(255)','String','modeName','0','0','1','1','1','1','1','LIKE','input','',2,'admin','2024-07-01 08:52:26','','2024-07-01 09:07:07'),(3,1,'material_id','产品ID','bigint','Long','materialId','0','0','1','1','1','1','1','EQ','select','',3,'admin','2024-07-01 08:52:26','','2024-07-01 09:07:07'),(4,1,'remark','备注','longtext','String','remark','0','0','0','1','1','1',NULL,'EQ','textarea','',4,'admin','2024-07-01 08:52:26','','2024-07-01 09:07:07'),(5,2,'id','编号','bigint unsigned','Long','id','1','1','0','0',NULL,'1',NULL,'EQ',NULL,'',1,'admin','2024-07-01 14:20:27','','2024-07-01 14:24:56'),(6,2,'production_line','生产线名称','varchar(255)','String','productionLine','0','0','0','1','1','1','1','EQ','input','',2,'admin','2024-07-01 14:20:27','','2024-07-01 14:24:56'),(7,2,'factory_describe','描述','varchar(255)','String','factoryDescribe','0','0','0','1','1','1','0','EQ','input','',3,'admin','2024-07-01 14:20:27','','2024-07-01 14:24:56'),(8,2,'material_id','物料ID','bigint','Long','materialId','0','0','0','1','1','1','1','EQ','input','',4,'admin','2024-07-01 14:20:27','','2024-07-01 14:24:56'),(9,3,'id','序号','bigint unsigned','Long','id','1','1','0','1',NULL,NULL,NULL,'EQ',NULL,'',1,'admin','2024-07-01 14:21:43','','2024-07-01 14:24:21'),(10,3,'factory_id','工厂建模ID','bigint','Long','factoryId','0','0','0','1','1','1','1','EQ','input','',2,'admin','2024-07-01 14:21:43','','2024-07-01 14:24:21'),(11,3,'device_id','设备ID','bigint','Long','deviceId','0','0','0','1','1','1','1','EQ','input','',3,'admin','2024-07-01 14:21:43','','2024-07-01 14:24:21'),(12,4,'id','记录ID','bigint unsigned','Long','id','1','1','0','1',NULL,NULL,NULL,'EQ',NULL,'',1,'admin','2024-07-02 11:18:56','','2024-07-02 11:26:52'),(13,4,'college_id','高校ID','bigint','Long','collegeId','0','0','1','1','1','1','1','EQ','input','',2,'admin','2024-07-02 11:18:56','','2024-07-02 11:26:52'),(14,4,'college_name','高校名称','varchar(255)','String','collegeName','0','0','1','1','1','1','1','LIKE','input','',3,'admin','2024-07-02 11:18:56','','2024-07-02 11:26:52'),(15,4,'department_id','院系ID','bigint','Long','departmentId','0','0','1','1','1','1','1','EQ','input','',4,'admin','2024-07-02 11:18:56','','2024-07-02 11:26:52'),(16,4,'department_name','院系名称','varchar(255)','String','departmentName','0','0','1','1','1','1','1','LIKE','input','',5,'admin','2024-07-02 11:18:56','','2024-07-02 11:26:52'),(17,4,'major_id','专业ID','bigint','Long','majorId','0','0','1','1','1','1','1','EQ','input','',6,'admin','2024-07-02 11:18:56','','2024-07-02 11:26:52'),(18,4,'major_name','专业名称','varchar(255)','String','majorName','0','0','1','1','1','1','1','LIKE','input','',7,'admin','2024-07-02 11:18:56','','2024-07-02 11:26:52'),(19,4,'student_id','学生ID','bigint','Long','studentId','0','0','1','1','1','1','1','EQ','input','',8,'admin','2024-07-02 11:18:56','','2024-07-02 11:26:52'),(20,4,'student_name','学生姓名','varchar(255)','String','studentName','0','0','1','1','1','1','1','LIKE','input','',9,'admin','2024-07-02 11:18:56','','2024-07-02 11:26:52'),(21,4,'gender','性别','char(1)','String','gender','0','0','0','1','1','1','1','EQ','input','',10,'admin','2024-07-02 11:18:56','','2024-07-02 11:26:52'),(22,4,'date_of_birth','出生日期','date','Date','dateOfBirth','0','0','0','1','1','1','1','EQ','datetime','',11,'admin','2024-07-02 11:18:56','','2024-07-02 11:26:52'),(23,4,'enrollment_year','入学年份','year','String','enrollmentYear','0','0','0','1','1','1','1','EQ',NULL,'',12,'admin','2024-07-02 11:18:56','','2024-07-02 11:26:52'),(33,6,'employment_id','就业信息ID','bigint unsigned','Long','employmentId','1','1','1','1',NULL,NULL,NULL,'EQ',NULL,'',1,'admin','2024-07-02 11:18:56','','2024-07-03 08:50:15'),(34,6,'student_id','学生ID','bigint','Long','studentId','0','0','1','1','1','1','1','EQ','input','',2,'admin','2024-07-02 11:18:56','','2024-07-03 08:50:15'),(35,6,'company_name','公司名称','varchar(255)','String','companyName','0','0','1','1','1','1','1','LIKE','input','',3,'admin','2024-07-02 11:18:56','','2024-07-03 08:50:15'),(36,6,'position','职位','varchar(255)','String','position','0','0','1','1','1','1','1','EQ','input','',4,'admin','2024-07-02 11:18:56','','2024-07-03 08:50:15'),(37,6,'salary','薪资','decimal(10,2)','BigDecimal','salary','0','0','1','1','1','1','1','EQ','input','',5,'admin','2024-07-02 11:18:56','','2024-07-03 08:50:15'),(38,6,'employment_date','就业日期','date','Date','employmentDate','0','0','1','1','1','1','1','EQ','datetime','',6,'admin','2024-07-02 11:18:56','','2024-07-03 08:50:15'),(39,6,'location','工作地点','varchar(255)','String','location','0','0','1','1','1','1','1','EQ','input','',7,'admin','2024-07-02 11:18:56','','2024-07-03 08:50:15'),(40,6,'status','就业状态','varchar(50)','String','status','0','0','1','1','1','1','1','EQ','select','employment_status',8,'admin','2024-07-02 11:18:56','','2024-07-03 08:50:15'),(41,7,'log_id','日志ID','bigint unsigned','String','logId','1','1','0','1',NULL,NULL,NULL,'EQ',NULL,'',1,'admin','2024-07-02 11:18:56','',NULL),(42,7,'timestamp','时间戳','timestamp','Date','timestamp','0','0','1','1','1','1','1','EQ','datetime','',2,'admin','2024-07-02 11:18:56','',NULL),(43,7,'user_id','用户ID','bigint','Long','userId','0','0','1','1','1','1','1','EQ','input','',3,'admin','2024-07-02 11:18:56','',NULL),(44,7,'action','操作','varchar(255)','String','action','0','0','1','1','1','1','1','EQ','input','',4,'admin','2024-07-02 11:18:56','',NULL),(45,7,'details','操作详情','text','String','details','0','0','0','1','1','1','1','EQ','textarea','',5,'admin','2024-07-02 11:18:56','',NULL),(46,7,'ip_address','IP地址','varchar(50)','String','ipAddress','0','0','0','1','1','1','1','EQ','input','',6,'admin','2024-07-02 11:18:56','',NULL),(47,8,'analysis_id','分析ID','bigint unsigned','Long','analysisId','1','1','0','0',NULL,NULL,'1','EQ',NULL,'',1,'admin','2024-07-02 16:59:42','','2024-07-02 17:02:16'),(48,8,'student_id','学生ID','bigint','Long','studentId','0','0','1','0','0','1','1','EQ','input','',2,'admin','2024-07-02 16:59:42','','2024-07-02 17:02:16'),(49,8,'college_name','高校名称','varchar(255)','String','collegeName','0','0','1','0','0','1','1','LIKE','input','',3,'admin','2024-07-02 16:59:42','','2024-07-02 17:02:16'),(50,8,'department_name','院系名称','varchar(255)','String','departmentName','0','0','1','0','0','1','1','LIKE','input','',4,'admin','2024-07-02 16:59:42','','2024-07-02 17:02:16'),(51,8,'major_name','专业名称','varchar(255)','String','majorName','0','0','1','0','0','1','1','LIKE','input','',5,'admin','2024-07-02 16:59:42','','2024-07-02 17:02:16'),(52,8,'gender','性别','char(1)','String','gender','0','0','0','0','0','1','1','EQ','input','',6,'admin','2024-07-02 16:59:42','','2024-07-02 17:02:16'),(53,8,'employment_date','就业日期','date','Date','employmentDate','0','0','0','0','0','1','1','EQ','datetime','',7,'admin','2024-07-02 16:59:42','','2024-07-02 17:02:16'),(54,8,'salary','薪资','decimal(12,2)','BigDecimal','salary','0','0','0','0','0','1','1','EQ','input','',8,'admin','2024-07-02 16:59:42','','2024-07-02 17:02:16'),(55,8,'location','工作地点','varchar(255)','String','location','0','0','0','0','0','1','1','EQ','input','',9,'admin','2024-07-02 16:59:42','','2024-07-02 17:02:16');
/*!40000 ALTER TABLE `gen_table_column` ENABLE KEYS */;
UNLOCK TABLES;

--
-- Table structure for table `mes_device_information`
--

DROP TABLE IF EXISTS `mes_device_information`;
/*!40101 SET @saved_cs_client     = @@character_set_client */;
/*!50503 SET character_set_client = utf8mb4 */;
CREATE TABLE `mes_device_information` (
  `id` bigint NOT NULL AUTO_INCREMENT COMMENT '编号',
  `device_name` varchar(255) CHARACTER SET utf8mb3 COLLATE utf8mb3_general_ci DEFAULT NULL COMMENT '设备名称',
  `device_code` varchar(255) CHARACTER SET utf8mb3 COLLATE utf8mb3_general_ci DEFAULT NULL COMMENT '设备编码',
  `device_model` varchar(255) CHARACTER SET utf8mb3 COLLATE utf8mb3_general_ci DEFAULT NULL COMMENT '设备型号',
  `produce_date` date DEFAULT NULL COMMENT '生产日期',
  `produce_code` varchar(255) CHARACTER SET utf8mb3 COLLATE utf8mb3_general_ci DEFAULT NULL COMMENT '生产批号',
  `manufacturer` varchar(255) CHARACTER SET utf8mb3 COLLATE utf8mb3_general_ci DEFAULT NULL COMMENT '制造商',
  `device_status` tinyint DEFAULT '0' COMMENT '设备状态：0:空闲,1:使用中,2:故障',
  `remark` varchar(255) CHARACTER SET utf8mb3 COLLATE utf8mb3_general_ci DEFAULT NULL COMMENT '备注',
  PRIMARY KEY (`id`) USING BTREE
) ENGINE=InnoDB AUTO_INCREMENT=61 DEFAULT CHARSET=utf8mb3 ROW_FORMAT=DYNAMIC COMMENT='制造执行MES-设备信息表';
/*!40101 SET character_set_client = @saved_cs_client */;

--
-- Dumping data for table `mes_device_information`
--

LOCK TABLES `mes_device_information` WRITE;
/*!40000 ALTER TABLE `mes_device_information` DISABLE KEYS */;
INSERT INTO `mes_device_information` VALUES (1,'加油装置','EP00048','EP00048','2021-10-20','EP00048','加油装置制造商',0,NULL),(2,'内饰装配线','EP00049','EP00049','2001-06-15','EP00049','内饰装配线制造商',0,NULL),(3,'焊接机器','﻿EP00001','﻿EP00001','2022-02-16','﻿EP00001','焊接机器制造商',0,'﻿EP00001'),(4,'压合机器','EP00002','EP00002','2021-06-09','EP00002','压合机器制造商',0,'压合机器'),(6,'涂装前处理设备','EP00004','EP00004','2021-04-09','EP00004','涂装前处理设备制造商',0,NULL),(7,'电泳涂装设备','EP00005','EP00005','2011-11-03','EP00005','电泳涂装设备制造商',0,NULL),(8,'静电喷涂设备','EP00006','EP00006','2020-06-18','EP00006','静电喷涂设备制造商',0,NULL),(9,'浸漆与淋漆','EP00007','EP00007','2023-05-11','EP00007','浸漆与淋漆制造商',0,NULL),(10,'输送设备','EP00008','EP00008','2021-06-23','EP00008','输送设备制造商',0,NULL),(11,'吊装设备','EP00009','EP00009','2023-05-16','EP00009','吊装设备制造商',0,NULL),(12,'油液加注设备','EP00010','EP00010','2026-03-03','EP00010','油液加注设备制造商',0,NULL),(13,'螺纹紧固设备','EP00011','EP00011','2020-07-03','EP00011','螺纹紧固设备',0,NULL),(14,'标牌打刻机','EP00012','EP00012','2011-03-18','EP00012','标牌打刻机制造商',0,NULL),(15,'淋⾬实验间','EP00013','EP00013','2011-03-03','EP00013','淋⾬实验间制造商',0,NULL),(16,'四轮综合定位实验台','EP00014','EP00014','2022-04-05','EP00014','四轮综合定位实验台制造商',0,NULL),(17,'侧滑实验台','EP00015','EP00015','2010-06-16','EP00015','侧滑实验台制造商',0,NULL),(18,'转毂实验台','EP00016','EP00016','2011-02-08','EP00016','转毂实验台制造商',0,NULL),(19,'灯光检测仪','EP00017','EP00017','2021-03-04','EP00017','灯光检测仪制造商',0,NULL),(20,'电负载','EP00018','EP00018','2022-10-05','EP00018','电负载制造商',0,NULL),(21,'调压器','EP00019','EP00019','2013-06-20','EP00019','调压器制造商',0,NULL),(22,'全桥LCR测试仪','EP00020','EP00020','2021-06-30','EP00020','全桥LCR测试仪制造商',0,NULL),(23,'半导体测试仪','EP00021','EP00021','2019-11-15','EP00021','半导体测试仪制造商',0,NULL),(24,'数字波器','EP00022','EP00022','2016-11-18','EP00022','数字波器制造商',0,NULL),(25,'耐压测试仪','EP00023','EP00023','2015-07-16','EP00023','耐压测试仪制造商',0,NULL),(26,'稳压电源','EP00024','EP00024','2019-11-07','EP00024','稳压电源制造商',0,NULL),(27,'骑马螺栓拧紧机','EP00025','EP00025','2023-05-24','EP00025','骑马螺栓拧紧机',0,NULL),(28,'车架翻转机','EP00026','EP00026','2014-06-19','EP00026','车架翻转机制造商',0,NULL),(29,'预装线','EP00027','EP00027','2011-06-08','EP00027','预装线制造商',0,NULL),(30,'拧紧机','EP00028','EP00028','2021-06-23','EP00028','拧紧机制造商',0,NULL),(31,'打标机','EP00029','EP00029','2016-07-14','EP00029','打标机制造商',0,NULL),(32,'检测机','EP00030','EP00030','2013-07-25','EP00030','检测机制造商',0,NULL),(33,'压装机','EP00031','EP00031','2016-05-20','EP00031','压装机制造商',0,NULL),(34,'翻转机','EP00032','EP00032','2023-04-11','EP00032','翻转机制造商',0,NULL),(35,'悬挂起重机','EP00033','EP00033','2021-07-23','EP00033','悬挂起重机制造商',0,NULL),(36,'一体式悬挂点焊机','EP00034','EP00034','2021-07-14','EP00034','一体式悬挂点焊机',0,NULL),(37,'固定点焊机','EP00035','EP00035','2021-11-04','EP00035','固定点焊机',0,NULL),(38,'CO2保护焊机','EP00036','EP00036','2020-02-21','EP00036','CO2保护焊机制造商',0,NULL),(39,'螺柱焊机','EP00037','EP00037','2022-11-25','EP00037','螺柱焊机制造商',0,NULL),(40,'包边专机轻卡车⾝焊接线','EP00038','EP00038','2023-05-11','EP00038','包边专机轻卡车⾝焊接线制造商',0,NULL),(41,'ABB包边机器','EP00039','EP00039','2023-04-05','EP00039','ABB包边机器制造商',0,NULL),(42,'骑马螺栓拧紧机','EP00040','EP00040','2023-05-01','EP00040','骑马螺栓拧紧机制造商',0,NULL),(43,'车架翻转机','EP00041','EP00041','2021-10-14','EP00041','车架翻转机制造商',0,NULL),(44,'预装线','EP00042','EP00042','2012-07-05','EP00042','预装线制造商',0,NULL),(45,'轮胎抓取器','EP00043','EP00043','2023-05-10','EP00043','轮胎抓取器制造商',0,NULL),(46,'轮胎螺母拧紧机','EP00044','EP00044','2021-02-11','EP00044','轮胎螺母拧紧机制造商',0,NULL),(47,'环⾏排烟装置','EP00045','EP00045','2021-02-25','EP00045','环⾏排烟装置制造商',0,NULL),(48,'灯光调整仪','EP00046','EP00046','2020-08-13','EP00046','灯光调整仪制造商',0,NULL),(49,'发动机分装线','EP00047','EP00047','2020-02-17','EP00047','发动机分装线制造商',0,NULL);
/*!40000 ALTER TABLE `mes_device_information` ENABLE KEYS */;
UNLOCK TABLES;

--
-- Table structure for table `mes_factory`
--

DROP TABLE IF EXISTS `mes_factory`;
/*!40101 SET @saved_cs_client     = @@character_set_client */;
/*!50503 SET character_set_client = utf8mb4 */;
CREATE TABLE `mes_factory` (
  `id` bigint unsigned NOT NULL AUTO_INCREMENT COMMENT '编号',
  `production_line` varchar(255) CHARACTER SET utf8mb4 COLLATE utf8mb4_general_ci DEFAULT NULL COMMENT '生产线名称',
  `factory_describe` varchar(255) CHARACTER SET utf8mb4 COLLATE utf8mb4_general_ci DEFAULT NULL COMMENT '描述',
  `material_id` bigint DEFAULT NULL COMMENT '物料ID',
  PRIMARY KEY (`id`) USING BTREE
) ENGINE=InnoDB AUTO_INCREMENT=32 DEFAULT CHARSET=utf8mb4 COLLATE=utf8mb4_general_ci ROW_FORMAT=DYNAMIC COMMENT='制造执行MES-工厂建模表';
/*!40101 SET character_set_client = @saved_cs_client */;

--
-- Dumping data for table `mes_factory`
--

LOCK TABLES `mes_factory` WRITE;
/*!40000 ALTER TABLE `mes_factory` DISABLE KEYS */;
INSERT INTO `mes_factory` VALUES (1,'1.4T排量轿车','1.4T排量轿车',2),(11,'1.6排量轿车','1.6排量轿车',8),(12,'1.8排量轿车',NULL,9),(13,'2.0排量轿车',NULL,10),(14,'2.5排量轿车','2.5排量轿车',11),(15,'3.0排量轿车','3.0排量轿车',12),(16,'4.5排量轿跑','4.5排量轿跑',13),(17,'3.0T越野吉普',NULL,33),(18,'2.5T都市SUV',NULL,34),(19,'2.0T四驱SUV',NULL,35),(20,'1.8T三厢轿车',NULL,36),(21,'理想混合动力轿车',NULL,37),(22,'比亚迪汉DM','比亚迪汉DM',38),(23,'ZEEKER001','ZEEKER001',39),(24,'理想L7','理想L7',40),(25,'海豹',NULL,41),(26,'小鹏P7',NULL,42),(27,'问界M7',NULL,43),(28,'宝马i3',NULL,44),(29,'Taycan',NULL,45),(30,'宝马iX3',NULL,46),(31,'ModelS',NULL,47);
/*!40000 ALTER TABLE `mes_factory` ENABLE KEYS */;
UNLOCK TABLES;

--
-- Table structure for table `mes_factory_device_item`
--

DROP TABLE IF EXISTS `mes_factory_device_item`;
/*!40101 SET @saved_cs_client     = @@character_set_client */;
/*!50503 SET character_set_client = utf8mb4 */;
CREATE TABLE `mes_factory_device_item` (
  `id` bigint unsigned NOT NULL AUTO_INCREMENT COMMENT '序号',
  `factory_id` bigint DEFAULT NULL COMMENT '工厂建模ID',
  `device_id` bigint DEFAULT NULL COMMENT '设备ID',
  PRIMARY KEY (`id`) USING BTREE
) ENGINE=InnoDB AUTO_INCREMENT=121 DEFAULT CHARSET=utf8mb4 COLLATE=utf8mb4_general_ci ROW_FORMAT=DYNAMIC COMMENT='制造执行MES-工厂建模设备信息子表';
/*!40101 SET character_set_client = @saved_cs_client */;

--
-- Dumping data for table `mes_factory_device_item`
--

LOCK TABLES `mes_factory_device_item` WRITE;
/*!40000 ALTER TABLE `mes_factory_device_item` DISABLE KEYS */;
INSERT INTO `mes_factory_device_item` VALUES (6,4,3),(57,1,1),(58,1,2),(59,1,4),(60,1,1),(64,11,1),(65,11,2),(66,11,3),(67,11,4),(68,12,20),(69,12,6),(70,12,39),(71,12,25),(72,13,45),(73,13,41),(74,13,33),(75,13,36),(76,14,7),(77,14,49),(78,14,49),(79,15,47),(80,15,27),(81,15,2),(82,16,22),(83,16,3),(84,16,8),(85,16,25),(86,16,48),(87,17,6),(88,17,6),(89,18,24),(90,18,25),(91,19,38),(92,19,31),(93,19,1),(94,20,4),(95,20,8),(96,20,1),(97,21,8),(98,21,3),(99,21,24),(100,22,11),(101,22,2),(102,22,1),(103,23,2),(104,23,4),(105,24,21),(106,24,37),(107,25,17),(108,25,36),(109,26,24),(110,26,16),(111,27,28),(112,27,26),(113,28,33),(114,28,32),(115,29,35),(116,29,38),(117,30,49),(118,30,48),(119,31,47),(120,31,46);
/*!40000 ALTER TABLE `mes_factory_device_item` ENABLE KEYS */;
UNLOCK TABLES;

--
-- Table structure for table `mes_product`
--

DROP TABLE IF EXISTS `mes_product`;
/*!40101 SET @saved_cs_client     = @@character_set_client */;
/*!50503 SET character_set_client = utf8mb4 */;
CREATE TABLE `mes_product` (
  `id` bigint unsigned NOT NULL AUTO_INCREMENT COMMENT '编号',
  `mode_name` varchar(255) CHARACTER SET utf8mb4 COLLATE utf8mb4_general_ci DEFAULT NULL COMMENT '模型名称',
  `material_id` bigint DEFAULT NULL COMMENT '物料id',
  `remark` longtext CHARACTER SET utf8mb4 COLLATE utf8mb4_general_ci COMMENT '备注',
  PRIMARY KEY (`id`) USING BTREE
) ENGINE=InnoDB AUTO_INCREMENT=55 DEFAULT CHARSET=utf8mb4 COLLATE=utf8mb4_general_ci ROW_FORMAT=DYNAMIC COMMENT='制造执行MES-产品建模表';
/*!40101 SET character_set_client = @saved_cs_client */;

--
-- Dumping data for table `mes_product`
--

LOCK TABLES `mes_product` WRITE;
/*!40000 ALTER TABLE `mes_product` DISABLE KEYS */;
INSERT INTO `mes_product` VALUES (1,'1.4T排量轿车',2,'xxxx'),(2,'1.6排量轿车',8,'xxx'),(34,'1.8排量轿车',9,'1.8排量轿车'),(35,'2.0排量轿车',10,'2.0排量轿车'),(36,'2.5排量轿车',11,'2.5排量轿车'),(37,'3.0排量轿车',12,'3.0排量轿车'),(38,'4.5排量轿跑',13,'4.5排量轿跑'),(40,'3.0T越野吉普',33,NULL),(41,'2.5T都市SUV',34,'2.5T都市SUV'),(42,'2.0T四驱SUV',35,'2.0T四驱SUV'),(43,'1.8T三厢轿车',36,'1.8T三厢轿车'),(44,'理想混合动力轿车',37,'理想混合动力轿车'),(45,'比亚迪汉DM',38,'比亚迪汉DM'),(46,'ZEEKER001',39,'ZEEKER001'),(47,'理想L7',40,'理想L7'),(48,'海豹',41,'海豹'),(49,'小鹏P7',42,'小鹏P7'),(50,'问界M7',43,'问界M7'),(51,'宝马i3',44,'宝马i3'),(52,'Taycan',45,'Taycan'),(53,'宝马iX3',46,'宝马iX3'),(54,'ModelS',47,'ModelS');
/*!40000 ALTER TABLE `mes_product` ENABLE KEYS */;
UNLOCK TABLES;

--
-- Table structure for table `mes_project_maintenance`
--

DROP TABLE IF EXISTS `mes_project_maintenance`;
/*!40101 SET @saved_cs_client     = @@character_set_client */;
/*!50503 SET character_set_client = utf8mb4 */;
CREATE TABLE `mes_project_maintenance` (
  `id` int unsigned NOT NULL AUTO_INCREMENT COMMENT '项目维护id',
  `project_name` varchar(255) CHARACTER SET utf8mb4 COLLATE utf8mb4_general_ci DEFAULT NULL COMMENT '项目名',
  `project_header` varchar(100) CHARACTER SET utf8mb4 COLLATE utf8mb4_general_ci DEFAULT NULL COMMENT '负责人',
  `start_date` datetime DEFAULT NULL COMMENT '开始日期',
  `end_date` datetime DEFAULT NULL COMMENT '结束日期',
  `status` int DEFAULT NULL COMMENT '项目状态 0：挂起 1：正常',
  `introduce` varchar(255) CHARACTER SET utf8mb4 COLLATE utf8mb4_general_ci DEFAULT NULL COMMENT '项目介绍',
  PRIMARY KEY (`id`) USING BTREE
) ENGINE=InnoDB AUTO_INCREMENT=28 DEFAULT CHARSET=utf8mb4 COLLATE=utf8mb4_general_ci ROW_FORMAT=DYNAMIC COMMENT='制造执行MES-项目维护表';
/*!40101 SET character_set_client = @saved_cs_client */;

--
-- Dumping data for table `mes_project_maintenance`
--

LOCK TABLES `mes_project_maintenance` WRITE;
/*!40000 ALTER TABLE `mes_project_maintenance` DISABLE KEYS */;
INSERT INTO `mes_project_maintenance` VALUES (5,'2022-05生产项目','斯蒂芬','2022-05-24 00:00:00','2023-05-06 00:00:00',1,NULL),(6,'2022-06生产项目','勒布朗','2022-06-14 00:00:00','2023-05-31 00:00:00',1,NULL),(9,'2022-07生产项目','凯文','2022-07-01 00:00:00','2023-07-01 00:00:00',1,NULL),(13,'2022-08生产项目','凯里','2022-08-01 00:00:00','2023-08-01 00:00:00',1,NULL),(14,'2022-09生产项目','德里克','2022-09-01 00:00:00','2023-09-01 00:00:00',1,NULL),(15,'2022-10生产项目','德克','2022-10-01 00:00:00','2023-10-01 00:00:00',1,NULL),(16,'2023-05生产项目','贾森','2023-05-01 00:00:00','2024-05-01 00:00:00',1,NULL),(17,'2023-06生产项目','克里斯','2023-06-01 00:00:00','2023-08-01 00:00:00',1,NULL),(18,'2023-07生产项目','扬尼斯','2023-07-13 00:00:00','2024-08-01 00:00:00',1,NULL),(19,'2023-08生产项目','乔尔','2023-08-01 00:00:00','2024-08-01 00:00:00',1,NULL),(20,'2023-09生产项目','尼古拉','2023-09-01 00:00:00','2024-09-01 00:00:00',1,NULL),(21,'2023-10生产项目','贾马尔','2023-10-01 00:00:00','2024-08-31 00:00:00',1,NULL),(22,'2022-11生产项目','克里斯','2022-11-01 00:00:00','2022-11-30 00:00:00',1,NULL),(23,'2022-12生产项目','安吉','2022-12-01 00:00:00','2022-12-31 00:00:00',1,NULL),(24,'2023-01生产项目','瑞安','2023-01-01 00:00:00','2023-01-31 00:00:00',1,NULL),(25,'2023-02生产项目','安吉洛','2023-02-01 00:00:00','2023-02-28 00:00:00',1,NULL),(26,'2023-03生产项目','德里克','2023-03-01 00:00:00','2023-03-31 00:00:00',1,NULL),(27,'2023-04生产项目','拉塞尔','2023-04-01 00:00:00','2023-04-30 00:00:00',1,NULL);
/*!40000 ALTER TABLE `mes_project_maintenance` ENABLE KEYS */;
UNLOCK TABLES;

--
-- Table structure for table `qrtz_blob_triggers`
--

DROP TABLE IF EXISTS `qrtz_blob_triggers`;
/*!40101 SET @saved_cs_client     = @@character_set_client */;
/*!50503 SET character_set_client = utf8mb4 */;
CREATE TABLE `qrtz_blob_triggers` (
  `sched_name` varchar(120) NOT NULL COMMENT '调度名称',
  `trigger_name` varchar(200) NOT NULL COMMENT 'qrtz_triggers表trigger_name的外键',
  `trigger_group` varchar(200) NOT NULL COMMENT 'qrtz_triggers表trigger_group的外键',
  `blob_data` blob COMMENT '存放持久化Trigger对象',
  PRIMARY KEY (`sched_name`,`trigger_name`,`trigger_group`),
  CONSTRAINT `qrtz_blob_triggers_ibfk_1` FOREIGN KEY (`sched_name`, `trigger_name`, `trigger_group`) REFERENCES `qrtz_triggers` (`sched_name`, `trigger_name`, `trigger_group`)
) ENGINE=InnoDB DEFAULT CHARSET=utf8mb4 COLLATE=utf8mb4_0900_ai_ci COMMENT='Blob类型的触发器表';
/*!40101 SET character_set_client = @saved_cs_client */;

--
-- Dumping data for table `qrtz_blob_triggers`
--

LOCK TABLES `qrtz_blob_triggers` WRITE;
/*!40000 ALTER TABLE `qrtz_blob_triggers` DISABLE KEYS */;
/*!40000 ALTER TABLE `qrtz_blob_triggers` ENABLE KEYS */;
UNLOCK TABLES;

--
-- Table structure for table `qrtz_calendars`
--

DROP TABLE IF EXISTS `qrtz_calendars`;
/*!40101 SET @saved_cs_client     = @@character_set_client */;
/*!50503 SET character_set_client = utf8mb4 */;
CREATE TABLE `qrtz_calendars` (
  `sched_name` varchar(120) NOT NULL COMMENT '调度名称',
  `calendar_name` varchar(200) NOT NULL COMMENT '日历名称',
  `calendar` blob NOT NULL COMMENT '存放持久化calendar对象',
  PRIMARY KEY (`sched_name`,`calendar_name`)
) ENGINE=InnoDB DEFAULT CHARSET=utf8mb4 COLLATE=utf8mb4_0900_ai_ci COMMENT='日历信息表';
/*!40101 SET character_set_client = @saved_cs_client */;

--
-- Dumping data for table `qrtz_calendars`
--

LOCK TABLES `qrtz_calendars` WRITE;
/*!40000 ALTER TABLE `qrtz_calendars` DISABLE KEYS */;
/*!40000 ALTER TABLE `qrtz_calendars` ENABLE KEYS */;
UNLOCK TABLES;

--
-- Table structure for table `qrtz_cron_triggers`
--

DROP TABLE IF EXISTS `qrtz_cron_triggers`;
/*!40101 SET @saved_cs_client     = @@character_set_client */;
/*!50503 SET character_set_client = utf8mb4 */;
CREATE TABLE `qrtz_cron_triggers` (
  `sched_name` varchar(120) NOT NULL COMMENT '调度名称',
  `trigger_name` varchar(200) NOT NULL COMMENT 'qrtz_triggers表trigger_name的外键',
  `trigger_group` varchar(200) NOT NULL COMMENT 'qrtz_triggers表trigger_group的外键',
  `cron_expression` varchar(200) NOT NULL COMMENT 'cron表达式',
  `time_zone_id` varchar(80) DEFAULT NULL COMMENT '时区',
  PRIMARY KEY (`sched_name`,`trigger_name`,`trigger_group`),
  CONSTRAINT `qrtz_cron_triggers_ibfk_1` FOREIGN KEY (`sched_name`, `trigger_name`, `trigger_group`) REFERENCES `qrtz_triggers` (`sched_name`, `trigger_name`, `trigger_group`)
) ENGINE=InnoDB DEFAULT CHARSET=utf8mb4 COLLATE=utf8mb4_0900_ai_ci COMMENT='Cron类型的触发器表';
/*!40101 SET character_set_client = @saved_cs_client */;

--
-- Dumping data for table `qrtz_cron_triggers`
--

LOCK TABLES `qrtz_cron_triggers` WRITE;
/*!40000 ALTER TABLE `qrtz_cron_triggers` DISABLE KEYS */;
/*!40000 ALTER TABLE `qrtz_cron_triggers` ENABLE KEYS */;
UNLOCK TABLES;

--
-- Table structure for table `qrtz_fired_triggers`
--

DROP TABLE IF EXISTS `qrtz_fired_triggers`;
/*!40101 SET @saved_cs_client     = @@character_set_client */;
/*!50503 SET character_set_client = utf8mb4 */;
CREATE TABLE `qrtz_fired_triggers` (
  `sched_name` varchar(120) NOT NULL COMMENT '调度名称',
  `entry_id` varchar(95) NOT NULL COMMENT '调度器实例id',
  `trigger_name` varchar(200) NOT NULL COMMENT 'qrtz_triggers表trigger_name的外键',
  `trigger_group` varchar(200) NOT NULL COMMENT 'qrtz_triggers表trigger_group的外键',
  `instance_name` varchar(200) NOT NULL COMMENT '调度器实例名',
  `fired_time` bigint NOT NULL COMMENT '触发的时间',
  `sched_time` bigint NOT NULL COMMENT '定时器制定的时间',
  `priority` int NOT NULL COMMENT '优先级',
  `state` varchar(16) NOT NULL COMMENT '状态',
  `job_name` varchar(200) DEFAULT NULL COMMENT '任务名称',
  `job_group` varchar(200) DEFAULT NULL COMMENT '任务组名',
  `is_nonconcurrent` varchar(1) DEFAULT NULL COMMENT '是否并发',
  `requests_recovery` varchar(1) DEFAULT NULL COMMENT '是否接受恢复执行',
  PRIMARY KEY (`sched_name`,`entry_id`)
) ENGINE=InnoDB DEFAULT CHARSET=utf8mb4 COLLATE=utf8mb4_0900_ai_ci COMMENT='已触发的触发器表';
/*!40101 SET character_set_client = @saved_cs_client */;

--
-- Dumping data for table `qrtz_fired_triggers`
--

LOCK TABLES `qrtz_fired_triggers` WRITE;
/*!40000 ALTER TABLE `qrtz_fired_triggers` DISABLE KEYS */;
/*!40000 ALTER TABLE `qrtz_fired_triggers` ENABLE KEYS */;
UNLOCK TABLES;

--
-- Table structure for table `qrtz_job_details`
--

DROP TABLE IF EXISTS `qrtz_job_details`;
/*!40101 SET @saved_cs_client     = @@character_set_client */;
/*!50503 SET character_set_client = utf8mb4 */;
CREATE TABLE `qrtz_job_details` (
  `sched_name` varchar(120) NOT NULL COMMENT '调度名称',
  `job_name` varchar(200) NOT NULL COMMENT '任务名称',
  `job_group` varchar(200) NOT NULL COMMENT '任务组名',
  `description` varchar(250) DEFAULT NULL COMMENT '相关介绍',
  `job_class_name` varchar(250) NOT NULL COMMENT '执行任务类名称',
  `is_durable` varchar(1) NOT NULL COMMENT '是否持久化',
  `is_nonconcurrent` varchar(1) NOT NULL COMMENT '是否并发',
  `is_update_data` varchar(1) NOT NULL COMMENT '是否更新数据',
  `requests_recovery` varchar(1) NOT NULL COMMENT '是否接受恢复执行',
  `job_data` blob COMMENT '存放持久化job对象',
  PRIMARY KEY (`sched_name`,`job_name`,`job_group`)
) ENGINE=InnoDB DEFAULT CHARSET=utf8mb4 COLLATE=utf8mb4_0900_ai_ci COMMENT='任务详细信息表';
/*!40101 SET character_set_client = @saved_cs_client */;

--
-- Dumping data for table `qrtz_job_details`
--

LOCK TABLES `qrtz_job_details` WRITE;
/*!40000 ALTER TABLE `qrtz_job_details` DISABLE KEYS */;
/*!40000 ALTER TABLE `qrtz_job_details` ENABLE KEYS */;
UNLOCK TABLES;

--
-- Table structure for table `qrtz_locks`
--

DROP TABLE IF EXISTS `qrtz_locks`;
/*!40101 SET @saved_cs_client     = @@character_set_client */;
/*!50503 SET character_set_client = utf8mb4 */;
CREATE TABLE `qrtz_locks` (
  `sched_name` varchar(120) NOT NULL COMMENT '调度名称',
  `lock_name` varchar(40) NOT NULL COMMENT '悲观锁名称',
  PRIMARY KEY (`sched_name`,`lock_name`)
) ENGINE=InnoDB DEFAULT CHARSET=utf8mb4 COLLATE=utf8mb4_0900_ai_ci COMMENT='存储的悲观锁信息表';
/*!40101 SET character_set_client = @saved_cs_client */;

--
-- Dumping data for table `qrtz_locks`
--

LOCK TABLES `qrtz_locks` WRITE;
/*!40000 ALTER TABLE `qrtz_locks` DISABLE KEYS */;
/*!40000 ALTER TABLE `qrtz_locks` ENABLE KEYS */;
UNLOCK TABLES;

--
-- Table structure for table `qrtz_paused_trigger_grps`
--

DROP TABLE IF EXISTS `qrtz_paused_trigger_grps`;
/*!40101 SET @saved_cs_client     = @@character_set_client */;
/*!50503 SET character_set_client = utf8mb4 */;
CREATE TABLE `qrtz_paused_trigger_grps` (
  `sched_name` varchar(120) NOT NULL COMMENT '调度名称',
  `trigger_group` varchar(200) NOT NULL COMMENT 'qrtz_triggers表trigger_group的外键',
  PRIMARY KEY (`sched_name`,`trigger_group`)
) ENGINE=InnoDB DEFAULT CHARSET=utf8mb4 COLLATE=utf8mb4_0900_ai_ci COMMENT='暂停的触发器表';
/*!40101 SET character_set_client = @saved_cs_client */;

--
-- Dumping data for table `qrtz_paused_trigger_grps`
--

LOCK TABLES `qrtz_paused_trigger_grps` WRITE;
/*!40000 ALTER TABLE `qrtz_paused_trigger_grps` DISABLE KEYS */;
/*!40000 ALTER TABLE `qrtz_paused_trigger_grps` ENABLE KEYS */;
UNLOCK TABLES;

--
-- Table structure for table `qrtz_scheduler_state`
--

DROP TABLE IF EXISTS `qrtz_scheduler_state`;
/*!40101 SET @saved_cs_client     = @@character_set_client */;
/*!50503 SET character_set_client = utf8mb4 */;
CREATE TABLE `qrtz_scheduler_state` (
  `sched_name` varchar(120) NOT NULL COMMENT '调度名称',
  `instance_name` varchar(200) NOT NULL COMMENT '实例名称',
  `last_checkin_time` bigint NOT NULL COMMENT '上次检查时间',
  `checkin_interval` bigint NOT NULL COMMENT '检查间隔时间',
  PRIMARY KEY (`sched_name`,`instance_name`)
) ENGINE=InnoDB DEFAULT CHARSET=utf8mb4 COLLATE=utf8mb4_0900_ai_ci COMMENT='调度器状态表';
/*!40101 SET character_set_client = @saved_cs_client */;

--
-- Dumping data for table `qrtz_scheduler_state`
--

LOCK TABLES `qrtz_scheduler_state` WRITE;
/*!40000 ALTER TABLE `qrtz_scheduler_state` DISABLE KEYS */;
/*!40000 ALTER TABLE `qrtz_scheduler_state` ENABLE KEYS */;
UNLOCK TABLES;

--
-- Table structure for table `qrtz_simple_triggers`
--

DROP TABLE IF EXISTS `qrtz_simple_triggers`;
/*!40101 SET @saved_cs_client     = @@character_set_client */;
/*!50503 SET character_set_client = utf8mb4 */;
CREATE TABLE `qrtz_simple_triggers` (
  `sched_name` varchar(120) NOT NULL COMMENT '调度名称',
  `trigger_name` varchar(200) NOT NULL COMMENT 'qrtz_triggers表trigger_name的外键',
  `trigger_group` varchar(200) NOT NULL COMMENT 'qrtz_triggers表trigger_group的外键',
  `repeat_count` bigint NOT NULL COMMENT '重复的次数统计',
  `repeat_interval` bigint NOT NULL COMMENT '重复的间隔时间',
  `times_triggered` bigint NOT NULL COMMENT '已经触发的次数',
  PRIMARY KEY (`sched_name`,`trigger_name`,`trigger_group`),
  CONSTRAINT `qrtz_simple_triggers_ibfk_1` FOREIGN KEY (`sched_name`, `trigger_name`, `trigger_group`) REFERENCES `qrtz_triggers` (`sched_name`, `trigger_name`, `trigger_group`)
) ENGINE=InnoDB DEFAULT CHARSET=utf8mb4 COLLATE=utf8mb4_0900_ai_ci COMMENT='简单触发器的信息表';
/*!40101 SET character_set_client = @saved_cs_client */;

--
-- Dumping data for table `qrtz_simple_triggers`
--

LOCK TABLES `qrtz_simple_triggers` WRITE;
/*!40000 ALTER TABLE `qrtz_simple_triggers` DISABLE KEYS */;
/*!40000 ALTER TABLE `qrtz_simple_triggers` ENABLE KEYS */;
UNLOCK TABLES;

--
-- Table structure for table `qrtz_simprop_triggers`
--

DROP TABLE IF EXISTS `qrtz_simprop_triggers`;
/*!40101 SET @saved_cs_client     = @@character_set_client */;
/*!50503 SET character_set_client = utf8mb4 */;
CREATE TABLE `qrtz_simprop_triggers` (
  `sched_name` varchar(120) NOT NULL COMMENT '调度名称',
  `trigger_name` varchar(200) NOT NULL COMMENT 'qrtz_triggers表trigger_name的外键',
  `trigger_group` varchar(200) NOT NULL COMMENT 'qrtz_triggers表trigger_group的外键',
  `str_prop_1` varchar(512) DEFAULT NULL COMMENT 'String类型的trigger的第一个参数',
  `str_prop_2` varchar(512) DEFAULT NULL COMMENT 'String类型的trigger的第二个参数',
  `str_prop_3` varchar(512) DEFAULT NULL COMMENT 'String类型的trigger的第三个参数',
  `int_prop_1` int DEFAULT NULL COMMENT 'int类型的trigger的第一个参数',
  `int_prop_2` int DEFAULT NULL COMMENT 'int类型的trigger的第二个参数',
  `long_prop_1` bigint DEFAULT NULL COMMENT 'long类型的trigger的第一个参数',
  `long_prop_2` bigint DEFAULT NULL COMMENT 'long类型的trigger的第二个参数',
  `dec_prop_1` decimal(13,4) DEFAULT NULL COMMENT 'decimal类型的trigger的第一个参数',
  `dec_prop_2` decimal(13,4) DEFAULT NULL COMMENT 'decimal类型的trigger的第二个参数',
  `bool_prop_1` varchar(1) DEFAULT NULL COMMENT 'Boolean类型的trigger的第一个参数',
  `bool_prop_2` varchar(1) DEFAULT NULL COMMENT 'Boolean类型的trigger的第二个参数',
  PRIMARY KEY (`sched_name`,`trigger_name`,`trigger_group`),
  CONSTRAINT `qrtz_simprop_triggers_ibfk_1` FOREIGN KEY (`sched_name`, `trigger_name`, `trigger_group`) REFERENCES `qrtz_triggers` (`sched_name`, `trigger_name`, `trigger_group`)
) ENGINE=InnoDB DEFAULT CHARSET=utf8mb4 COLLATE=utf8mb4_0900_ai_ci COMMENT='同步机制的行锁表';
/*!40101 SET character_set_client = @saved_cs_client */;

--
-- Dumping data for table `qrtz_simprop_triggers`
--

LOCK TABLES `qrtz_simprop_triggers` WRITE;
/*!40000 ALTER TABLE `qrtz_simprop_triggers` DISABLE KEYS */;
/*!40000 ALTER TABLE `qrtz_simprop_triggers` ENABLE KEYS */;
UNLOCK TABLES;

--
-- Table structure for table `qrtz_triggers`
--

DROP TABLE IF EXISTS `qrtz_triggers`;
/*!40101 SET @saved_cs_client     = @@character_set_client */;
/*!50503 SET character_set_client = utf8mb4 */;
CREATE TABLE `qrtz_triggers` (
  `sched_name` varchar(120) NOT NULL COMMENT '调度名称',
  `trigger_name` varchar(200) NOT NULL COMMENT '触发器的名字',
  `trigger_group` varchar(200) NOT NULL COMMENT '触发器所属组的名字',
  `job_name` varchar(200) NOT NULL COMMENT 'qrtz_job_details表job_name的外键',
  `job_group` varchar(200) NOT NULL COMMENT 'qrtz_job_details表job_group的外键',
  `description` varchar(250) DEFAULT NULL COMMENT '相关介绍',
  `next_fire_time` bigint DEFAULT NULL COMMENT '上一次触发时间（毫秒）',
  `prev_fire_time` bigint DEFAULT NULL COMMENT '下一次触发时间（默认为-1表示不触发）',
  `priority` int DEFAULT NULL COMMENT '优先级',
  `trigger_state` varchar(16) NOT NULL COMMENT '触发器状态',
  `trigger_type` varchar(8) NOT NULL COMMENT '触发器的类型',
  `start_time` bigint NOT NULL COMMENT '开始时间',
  `end_time` bigint DEFAULT NULL COMMENT '结束时间',
  `calendar_name` varchar(200) DEFAULT NULL COMMENT '日程表名称',
  `misfire_instr` smallint DEFAULT NULL COMMENT '补偿执行的策略',
  `job_data` blob COMMENT '存放持久化job对象',
  PRIMARY KEY (`sched_name`,`trigger_name`,`trigger_group`),
  KEY `sched_name` (`sched_name`,`job_name`,`job_group`),
  CONSTRAINT `qrtz_triggers_ibfk_1` FOREIGN KEY (`sched_name`, `job_name`, `job_group`) REFERENCES `qrtz_job_details` (`sched_name`, `job_name`, `job_group`)
) ENGINE=InnoDB DEFAULT CHARSET=utf8mb4 COLLATE=utf8mb4_0900_ai_ci COMMENT='触发器详细信息表';
/*!40101 SET character_set_client = @saved_cs_client */;

--
-- Dumping data for table `qrtz_triggers`
--

LOCK TABLES `qrtz_triggers` WRITE;
/*!40000 ALTER TABLE `qrtz_triggers` DISABLE KEYS */;
/*!40000 ALTER TABLE `qrtz_triggers` ENABLE KEYS */;
UNLOCK TABLES;

--
-- Table structure for table `sys_config`
--

DROP TABLE IF EXISTS `sys_config`;
/*!40101 SET @saved_cs_client     = @@character_set_client */;
/*!50503 SET character_set_client = utf8mb4 */;
CREATE TABLE `sys_config` (
  `config_id` int NOT NULL AUTO_INCREMENT COMMENT '参数主键',
  `config_name` varchar(100) DEFAULT '' COMMENT '参数名称',
  `config_key` varchar(100) DEFAULT '' COMMENT '参数键名',
  `config_value` varchar(500) DEFAULT '' COMMENT '参数键值',
  `config_type` char(1) DEFAULT 'N' COMMENT '系统内置（Y是 N否）',
  `create_by` varchar(64) DEFAULT '' COMMENT '创建者',
  `create_time` datetime DEFAULT NULL COMMENT '创建时间',
  `update_by` varchar(64) DEFAULT '' COMMENT '更新者',
  `update_time` datetime DEFAULT NULL COMMENT '更新时间',
  `remark` varchar(500) DEFAULT NULL COMMENT '备注',
  PRIMARY KEY (`config_id`)
) ENGINE=InnoDB AUTO_INCREMENT=100 DEFAULT CHARSET=utf8mb4 COLLATE=utf8mb4_0900_ai_ci COMMENT='参数配置表';
/*!40101 SET character_set_client = @saved_cs_client */;

--
-- Dumping data for table `sys_config`
--

LOCK TABLES `sys_config` WRITE;
/*!40000 ALTER TABLE `sys_config` DISABLE KEYS */;
INSERT INTO `sys_config` VALUES (1,'主框架页-默认皮肤样式名称','sys.index.skinName','skin-blue','Y','admin','2024-06-29 09:54:41','',NULL,'蓝色 skin-blue、绿色 skin-green、紫色 skin-purple、红色 skin-red、黄色 skin-yellow'),(2,'用户管理-账号初始密码','sys.user.initPassword','123456','Y','admin','2024-06-29 09:54:41','',NULL,'初始化密码 123456'),(3,'主框架页-侧边栏主题','sys.index.sideTheme','theme-dark','Y','admin','2024-06-29 09:54:41','',NULL,'深色主题theme-dark，浅色主题theme-light'),(4,'账号自助-验证码开关','sys.account.captchaEnabled','true','Y','admin','2024-06-29 09:54:41','',NULL,'是否开启验证码功能（true开启，false关闭）'),(5,'账号自助-是否开启用户注册功能','sys.account.registerUser','false','Y','admin','2024-06-29 09:54:41','',NULL,'是否开启注册用户功能（true开启，false关闭）'),(6,'用户登录-黑名单列表','sys.login.blackIPList','','Y','admin','2024-06-29 09:54:41','',NULL,'设置登录IP黑名单限制，多个匹配项以;分隔，支持匹配（*通配、网段）');
/*!40000 ALTER TABLE `sys_config` ENABLE KEYS */;
UNLOCK TABLES;

--
-- Table structure for table `sys_dept`
--

DROP TABLE IF EXISTS `sys_dept`;
/*!40101 SET @saved_cs_client     = @@character_set_client */;
/*!50503 SET character_set_client = utf8mb4 */;
CREATE TABLE `sys_dept` (
  `dept_id` bigint NOT NULL AUTO_INCREMENT COMMENT '部门id',
  `parent_id` bigint DEFAULT '0' COMMENT '父部门id',
  `ancestors` varchar(50) DEFAULT '' COMMENT '祖级列表',
  `dept_name` varchar(30) DEFAULT '' COMMENT '部门名称',
  `order_num` int DEFAULT '0' COMMENT '显示顺序',
  `leader` varchar(20) DEFAULT NULL COMMENT '负责人',
  `phone` varchar(11) DEFAULT NULL COMMENT '联系电话',
  `email` varchar(50) DEFAULT NULL COMMENT '邮箱',
  `status` char(1) DEFAULT '0' COMMENT '部门状态（0正常 1停用）',
  `del_flag` char(1) DEFAULT '0' COMMENT '删除标志（0代表存在 2代表删除）',
  `create_by` varchar(64) DEFAULT '' COMMENT '创建者',
  `create_time` datetime DEFAULT NULL COMMENT '创建时间',
  `update_by` varchar(64) DEFAULT '' COMMENT '更新者',
  `update_time` datetime DEFAULT NULL COMMENT '更新时间',
  PRIMARY KEY (`dept_id`)
) ENGINE=InnoDB AUTO_INCREMENT=200 DEFAULT CHARSET=utf8mb4 COLLATE=utf8mb4_0900_ai_ci COMMENT='部门表';
/*!40101 SET character_set_client = @saved_cs_client */;

--
-- Dumping data for table `sys_dept`
--

LOCK TABLES `sys_dept` WRITE;
/*!40000 ALTER TABLE `sys_dept` DISABLE KEYS */;
INSERT INTO `sys_dept` VALUES (100,0,'0','若依科技',0,'若依','15888888888','ry@qq.com','0','0','admin','2024-06-29 09:54:41','',NULL),(101,100,'0,100','深圳总公司',1,'若依','15888888888','ry@qq.com','0','0','admin','2024-06-29 09:54:41','',NULL),(102,100,'0,100','长沙分公司',2,'若依','15888888888','ry@qq.com','0','0','admin','2024-06-29 09:54:41','',NULL),(103,101,'0,100,101','研发部门',1,'若依','15888888888','ry@qq.com','0','0','admin','2024-06-29 09:54:41','',NULL),(104,101,'0,100,101','市场部门',2,'若依','15888888888','ry@qq.com','0','0','admin','2024-06-29 09:54:41','',NULL),(105,101,'0,100,101','测试部门',3,'若依','15888888888','ry@qq.com','0','0','admin','2024-06-29 09:54:41','',NULL),(106,101,'0,100,101','财务部门',4,'若依','15888888888','ry@qq.com','0','0','admin','2024-06-29 09:54:41','',NULL),(107,101,'0,100,101','运维部门',5,'若依','15888888888','ry@qq.com','0','0','admin','2024-06-29 09:54:41','',NULL),(108,102,'0,100,102','市场部门',1,'若依','15888888888','ry@qq.com','0','0','admin','2024-06-29 09:54:41','',NULL),(109,102,'0,100,102','财务部门',2,'若依','15888888888','ry@qq.com','0','0','admin','2024-06-29 09:54:41','',NULL);
/*!40000 ALTER TABLE `sys_dept` ENABLE KEYS */;
UNLOCK TABLES;

--
-- Table structure for table `sys_dict_data`
--

DROP TABLE IF EXISTS `sys_dict_data`;
/*!40101 SET @saved_cs_client     = @@character_set_client */;
/*!50503 SET character_set_client = utf8mb4 */;
CREATE TABLE `sys_dict_data` (
  `dict_code` bigint NOT NULL AUTO_INCREMENT COMMENT '字典编码',
  `dict_sort` int DEFAULT '0' COMMENT '字典排序',
  `dict_label` varchar(100) DEFAULT '' COMMENT '字典标签',
  `dict_value` varchar(100) DEFAULT '' COMMENT '字典键值',
  `dict_type` varchar(100) DEFAULT '' COMMENT '字典类型',
  `css_class` varchar(100) DEFAULT NULL COMMENT '样式属性（其他样式扩展）',
  `list_class` varchar(100) DEFAULT NULL COMMENT '表格回显样式',
  `is_default` char(1) DEFAULT 'N' COMMENT '是否默认（Y是 N否）',
  `status` char(1) DEFAULT '0' COMMENT '状态（0正常 1停用）',
  `create_by` varchar(64) DEFAULT '' COMMENT '创建者',
  `create_time` datetime DEFAULT NULL COMMENT '创建时间',
  `update_by` varchar(64) DEFAULT '' COMMENT '更新者',
  `update_time` datetime DEFAULT NULL COMMENT '更新时间',
  `remark` varchar(500) DEFAULT NULL COMMENT '备注',
  PRIMARY KEY (`dict_code`)
) ENGINE=InnoDB AUTO_INCREMENT=104 DEFAULT CHARSET=utf8mb4 COLLATE=utf8mb4_0900_ai_ci COMMENT='字典数据表';
/*!40101 SET character_set_client = @saved_cs_client */;

--
-- Dumping data for table `sys_dict_data`
--

LOCK TABLES `sys_dict_data` WRITE;
/*!40000 ALTER TABLE `sys_dict_data` DISABLE KEYS */;
INSERT INTO `sys_dict_data` VALUES (1,1,'男','0','sys_user_sex','','','Y','0','admin','2024-06-29 09:54:41','',NULL,'性别男'),(2,2,'女','1','sys_user_sex','','','N','0','admin','2024-06-29 09:54:41','',NULL,'性别女'),(3,3,'未知','2','sys_user_sex','','','N','0','admin','2024-06-29 09:54:41','',NULL,'性别未知'),(4,1,'显示','0','sys_show_hide','','primary','Y','0','admin','2024-06-29 09:54:41','',NULL,'显示菜单'),(5,2,'隐藏','1','sys_show_hide','','danger','N','0','admin','2024-06-29 09:54:41','',NULL,'隐藏菜单'),(6,1,'正常','0','sys_normal_disable','','primary','Y','0','admin','2024-06-29 09:54:41','',NULL,'正常状态'),(7,2,'停用','1','sys_normal_disable','','danger','N','0','admin','2024-06-29 09:54:41','',NULL,'停用状态'),(8,1,'正常','0','sys_job_status','','primary','Y','0','admin','2024-06-29 09:54:41','',NULL,'正常状态'),(9,2,'暂停','1','sys_job_status','','danger','N','0','admin','2024-06-29 09:54:41','',NULL,'停用状态'),(10,1,'默认','DEFAULT','sys_job_group','','','Y','0','admin','2024-06-29 09:54:41','',NULL,'默认分组'),(11,2,'系统','SYSTEM','sys_job_group','','','N','0','admin','2024-06-29 09:54:41','',NULL,'系统分组'),(12,1,'是','Y','sys_yes_no','','primary','Y','0','admin','2024-06-29 09:54:41','',NULL,'系统默认是'),(13,2,'否','N','sys_yes_no','','danger','N','0','admin','2024-06-29 09:54:41','',NULL,'系统默认否'),(14,1,'通知','1','sys_notice_type','','warning','Y','0','admin','2024-06-29 09:54:41','',NULL,'通知'),(15,2,'公告','2','sys_notice_type','','success','N','0','admin','2024-06-29 09:54:41','',NULL,'公告'),(16,1,'正常','0','sys_notice_status','','primary','Y','0','admin','2024-06-29 09:54:41','',NULL,'正常状态'),(17,2,'关闭','1','sys_notice_status','','danger','N','0','admin','2024-06-29 09:54:41','',NULL,'关闭状态'),(18,99,'其他','0','sys_oper_type','','info','N','0','admin','2024-06-29 09:54:41','',NULL,'其他操作'),(19,1,'新增','1','sys_oper_type','','info','N','0','admin','2024-06-29 09:54:41','',NULL,'新增操作'),(20,2,'修改','2','sys_oper_type','','info','N','0','admin','2024-06-29 09:54:41','',NULL,'修改操作'),(21,3,'删除','3','sys_oper_type','','danger','N','0','admin','2024-06-29 09:54:41','',NULL,'删除操作'),(22,4,'授权','4','sys_oper_type','','primary','N','0','admin','2024-06-29 09:54:41','',NULL,'授权操作'),(23,5,'导出','5','sys_oper_type','','warning','N','0','admin','2024-06-29 09:54:41','',NULL,'导出操作'),(24,6,'导入','6','sys_oper_type','','warning','N','0','admin','2024-06-29 09:54:41','',NULL,'导入操作'),(25,7,'强退','7','sys_oper_type','','danger','N','0','admin','2024-06-29 09:54:41','',NULL,'强退操作'),(26,8,'生成代码','8','sys_oper_type','','warning','N','0','admin','2024-06-29 09:54:41','',NULL,'生成操作'),(27,9,'清空数据','9','sys_oper_type','','danger','N','0','admin','2024-06-29 09:54:41','',NULL,'清空操作'),(28,1,'成功','0','sys_common_status','','primary','N','0','admin','2024-06-29 09:54:41','',NULL,'正常状态'),(29,2,'失败','1','sys_common_status','','danger','N','0','admin','2024-06-29 09:54:41','',NULL,'停用状态'),(100,0,'挂起','0','mes_project_status',NULL,'default','N','0','admin','2024-06-29 15:18:51','',NULL,NULL),(101,1,'正常','1','mes_project_status',NULL,'default','N','0','admin','2024-06-29 15:19:06','',NULL,NULL),(102,1,'已就业','0','employment_status',NULL,'default','N','0','admin','2024-07-03 08:49:33','',NULL,'已就业'),(103,2,'未就业','1','employment_status',NULL,'default','N','0','admin','2024-07-03 08:49:51','',NULL,'未就业');
/*!40000 ALTER TABLE `sys_dict_data` ENABLE KEYS */;
UNLOCK TABLES;

--
-- Table structure for table `sys_dict_type`
--

DROP TABLE IF EXISTS `sys_dict_type`;
/*!40101 SET @saved_cs_client     = @@character_set_client */;
/*!50503 SET character_set_client = utf8mb4 */;
CREATE TABLE `sys_dict_type` (
  `dict_id` bigint NOT NULL AUTO_INCREMENT COMMENT '字典主键',
  `dict_name` varchar(100) DEFAULT '' COMMENT '字典名称',
  `dict_type` varchar(100) DEFAULT '' COMMENT '字典类型',
  `status` char(1) DEFAULT '0' COMMENT '状态（0正常 1停用）',
  `create_by` varchar(64) DEFAULT '' COMMENT '创建者',
  `create_time` datetime DEFAULT NULL COMMENT '创建时间',
  `update_by` varchar(64) DEFAULT '' COMMENT '更新者',
  `update_time` datetime DEFAULT NULL COMMENT '更新时间',
  `remark` varchar(500) DEFAULT NULL COMMENT '备注',
  PRIMARY KEY (`dict_id`),
  UNIQUE KEY `dict_type` (`dict_type`)
) ENGINE=InnoDB AUTO_INCREMENT=102 DEFAULT CHARSET=utf8mb4 COLLATE=utf8mb4_0900_ai_ci COMMENT='字典类型表';
/*!40101 SET character_set_client = @saved_cs_client */;

--
-- Dumping data for table `sys_dict_type`
--

LOCK TABLES `sys_dict_type` WRITE;
/*!40000 ALTER TABLE `sys_dict_type` DISABLE KEYS */;
INSERT INTO `sys_dict_type` VALUES (1,'用户性别','sys_user_sex','0','admin','2024-06-29 09:54:41','',NULL,'用户性别列表'),(2,'菜单状态','sys_show_hide','0','admin','2024-06-29 09:54:41','',NULL,'菜单状态列表'),(3,'系统开关','sys_normal_disable','0','admin','2024-06-29 09:54:41','',NULL,'系统开关列表'),(4,'任务状态','sys_job_status','0','admin','2024-06-29 09:54:41','',NULL,'任务状态列表'),(5,'任务分组','sys_job_group','0','admin','2024-06-29 09:54:41','',NULL,'任务分组列表'),(6,'系统是否','sys_yes_no','0','admin','2024-06-29 09:54:41','',NULL,'系统是否列表'),(7,'通知类型','sys_notice_type','0','admin','2024-06-29 09:54:41','',NULL,'通知类型列表'),(8,'通知状态','sys_notice_status','0','admin','2024-06-29 09:54:41','',NULL,'通知状态列表'),(9,'操作类型','sys_oper_type','0','admin','2024-06-29 09:54:41','',NULL,'操作类型列表'),(10,'系统状态','sys_common_status','0','admin','2024-06-29 09:54:41','',NULL,'登录状态列表'),(100,'项目状态','mes_project_status','0','admin','2024-06-29 15:18:23','',NULL,NULL),(101,'就业状态','employment_status','0','admin','2024-07-02 14:16:13','',NULL,NULL);
/*!40000 ALTER TABLE `sys_dict_type` ENABLE KEYS */;
UNLOCK TABLES;

--
-- Table structure for table `sys_job`
--

DROP TABLE IF EXISTS `sys_job`;
/*!40101 SET @saved_cs_client     = @@character_set_client */;
/*!50503 SET character_set_client = utf8mb4 */;
CREATE TABLE `sys_job` (
  `job_id` bigint NOT NULL AUTO_INCREMENT COMMENT '任务ID',
  `job_name` varchar(64) NOT NULL DEFAULT '' COMMENT '任务名称',
  `job_group` varchar(64) NOT NULL DEFAULT 'DEFAULT' COMMENT '任务组名',
  `invoke_target` varchar(500) NOT NULL COMMENT '调用目标字符串',
  `cron_expression` varchar(255) DEFAULT '' COMMENT 'cron执行表达式',
  `misfire_policy` varchar(20) DEFAULT '3' COMMENT '计划执行错误策略（1立即执行 2执行一次 3放弃执行）',
  `concurrent` char(1) DEFAULT '1' COMMENT '是否并发执行（0允许 1禁止）',
  `status` char(1) DEFAULT '0' COMMENT '状态（0正常 1暂停）',
  `create_by` varchar(64) DEFAULT '' COMMENT '创建者',
  `create_time` datetime DEFAULT NULL COMMENT '创建时间',
  `update_by` varchar(64) DEFAULT '' COMMENT '更新者',
  `update_time` datetime DEFAULT NULL COMMENT '更新时间',
  `remark` varchar(500) DEFAULT '' COMMENT '备注信息',
  PRIMARY KEY (`job_id`,`job_name`,`job_group`)
) ENGINE=InnoDB AUTO_INCREMENT=100 DEFAULT CHARSET=utf8mb4 COLLATE=utf8mb4_0900_ai_ci COMMENT='定时任务调度表';
/*!40101 SET character_set_client = @saved_cs_client */;

--
-- Dumping data for table `sys_job`
--

LOCK TABLES `sys_job` WRITE;
/*!40000 ALTER TABLE `sys_job` DISABLE KEYS */;
INSERT INTO `sys_job` VALUES (1,'系统默认（无参）','DEFAULT','ryTask.ryNoParams','0/10 * * * * ?','3','1','1','admin','2024-06-29 09:54:41','',NULL,''),(2,'系统默认（有参）','DEFAULT','ryTask.ryParams(\'ry\')','0/15 * * * * ?','3','1','1','admin','2024-06-29 09:54:41','',NULL,''),(3,'系统默认（多参）','DEFAULT','ryTask.ryMultipleParams(\'ry\', true, 2000L, 316.50D, 100)','0/20 * * * * ?','3','1','1','admin','2024-06-29 09:54:41','',NULL,'');
/*!40000 ALTER TABLE `sys_job` ENABLE KEYS */;
UNLOCK TABLES;

--
-- Table structure for table `sys_job_log`
--

DROP TABLE IF EXISTS `sys_job_log`;
/*!40101 SET @saved_cs_client     = @@character_set_client */;
/*!50503 SET character_set_client = utf8mb4 */;
CREATE TABLE `sys_job_log` (
  `job_log_id` bigint NOT NULL AUTO_INCREMENT COMMENT '任务日志ID',
  `job_name` varchar(64) NOT NULL COMMENT '任务名称',
  `job_group` varchar(64) NOT NULL COMMENT '任务组名',
  `invoke_target` varchar(500) NOT NULL COMMENT '调用目标字符串',
  `job_message` varchar(500) DEFAULT NULL COMMENT '日志信息',
  `status` char(1) DEFAULT '0' COMMENT '执行状态（0正常 1失败）',
  `exception_info` varchar(2000) DEFAULT '' COMMENT '异常信息',
  `create_time` datetime DEFAULT NULL COMMENT '创建时间',
  PRIMARY KEY (`job_log_id`)
) ENGINE=InnoDB DEFAULT CHARSET=utf8mb4 COLLATE=utf8mb4_0900_ai_ci COMMENT='定时任务调度日志表';
/*!40101 SET character_set_client = @saved_cs_client */;

--
-- Dumping data for table `sys_job_log`
--

LOCK TABLES `sys_job_log` WRITE;
/*!40000 ALTER TABLE `sys_job_log` DISABLE KEYS */;
/*!40000 ALTER TABLE `sys_job_log` ENABLE KEYS */;
UNLOCK TABLES;

--
-- Table structure for table `sys_logininfor`
--

DROP TABLE IF EXISTS `sys_logininfor`;
/*!40101 SET @saved_cs_client     = @@character_set_client */;
/*!50503 SET character_set_client = utf8mb4 */;
CREATE TABLE `sys_logininfor` (
  `info_id` bigint NOT NULL AUTO_INCREMENT COMMENT '访问ID',
  `user_name` varchar(50) DEFAULT '' COMMENT '用户账号',
  `ipaddr` varchar(128) DEFAULT '' COMMENT '登录IP地址',
  `login_location` varchar(255) DEFAULT '' COMMENT '登录地点',
  `browser` varchar(50) DEFAULT '' COMMENT '浏览器类型',
  `os` varchar(50) DEFAULT '' COMMENT '操作系统',
  `status` char(1) DEFAULT '0' COMMENT '登录状态（0成功 1失败）',
  `msg` varchar(255) DEFAULT '' COMMENT '提示消息',
  `login_time` datetime DEFAULT NULL COMMENT '访问时间',
  PRIMARY KEY (`info_id`),
  KEY `idx_sys_logininfor_s` (`status`),
  KEY `idx_sys_logininfor_lt` (`login_time`)
) ENGINE=InnoDB AUTO_INCREMENT=126 DEFAULT CHARSET=utf8mb4 COLLATE=utf8mb4_0900_ai_ci COMMENT='系统访问记录';
/*!40101 SET character_set_client = @saved_cs_client */;

--
-- Dumping data for table `sys_logininfor`
--

LOCK TABLES `sys_logininfor` WRITE;
/*!40000 ALTER TABLE `sys_logininfor` DISABLE KEYS */;
INSERT INTO `sys_logininfor` VALUES (100,'admin','127.0.0.1','内网IP','Chrome 12','Windows 10','0','登录成功','2024-06-29 10:01:01'),(101,'admin','127.0.0.1','内网IP','Chrome 12','Windows 10','1','验证码已失效','2024-06-29 11:35:10'),(102,'admin','127.0.0.1','内网IP','Chrome 12','Windows 10','0','登录成功','2024-06-29 11:35:15'),(103,'admin','127.0.0.1','内网IP','Chrome 12','Windows 10','0','登录成功','2024-06-29 14:00:00'),(104,'admin','127.0.0.1','内网IP','Chrome 12','Windows 10','0','登录成功','2024-07-01 08:45:44'),(105,'admin','127.0.0.1','内网IP','Chrome 12','Windows 10','1','验证码错误','2024-07-01 09:42:10'),(106,'admin','127.0.0.1','内网IP','Chrome 12','Windows 10','0','登录成功','2024-07-01 09:42:14'),(107,'admin','127.0.0.1','内网IP','Chrome 12','Windows 10','0','登录成功','2024-07-01 09:49:29'),(108,'admin','127.0.0.1','内网IP','Chrome 12','Windows 10','0','登录成功','2024-07-01 10:19:37'),(109,'admin','127.0.0.1','内网IP','Chrome 12','Windows 10','1','验证码错误','2024-07-01 14:20:06'),(110,'admin','127.0.0.1','内网IP','Chrome 12','Windows 10','0','登录成功','2024-07-01 14:20:09'),(111,'admin','127.0.0.1','内网IP','Chrome 12','Windows 10','0','登录成功','2024-07-02 09:52:20'),(112,'admin','127.0.0.1','内网IP','Chrome 12','Windows 10','0','登录成功','2024-07-02 11:18:39'),(113,'admin','127.0.0.1','内网IP','Chrome 12','Windows 10','0','登录成功','2024-07-02 14:02:48'),(114,'admin','127.0.0.1','内网IP','Chrome 12','Windows 10','0','登录成功','2024-07-02 16:12:56'),(115,'admin','127.0.0.1','内网IP','Chrome 12','Windows 10','0','登录成功','2024-07-02 22:19:11'),(116,'admin','127.0.0.1','内网IP','Chrome 12','Windows 10','0','登录成功','2024-07-02 23:58:05'),(117,'admin','127.0.0.1','内网IP','Chrome 12','Windows 10','0','登录成功','2024-07-03 00:48:32'),(118,'admin','127.0.0.1','内网IP','Chrome 12','Windows 10','0','登录成功','2024-07-03 08:46:23'),(119,'admin','127.0.0.1','内网IP','Chrome 12','Windows 10','0','登录成功','2024-07-03 09:31:39'),(120,'admin','127.0.0.1','内网IP','Chrome 12','Windows 10','0','登录成功','2024-07-03 10:49:38'),(121,'admin','127.0.0.1','内网IP','Chrome 12','Windows 10','0','登录成功','2024-07-03 14:04:36'),(122,'admin','127.0.0.1','内网IP','Chrome 12','Windows 10','0','登录成功','2024-07-03 14:34:50'),(123,'admin','127.0.0.1','内网IP','Chrome 12','Windows 10','0','登录成功','2024-07-03 18:16:47'),(124,'admin','127.0.0.1','内网IP','Chrome 12','Windows 10','0','登录成功','2024-07-03 23:46:22'),(125,'admin','127.0.0.1','内网IP','Chrome 12','Windows 10','0','登录成功','2024-07-04 08:18:01');
/*!40000 ALTER TABLE `sys_logininfor` ENABLE KEYS */;
UNLOCK TABLES;

--
-- Table structure for table `sys_menu`
--

DROP TABLE IF EXISTS `sys_menu`;
/*!40101 SET @saved_cs_client     = @@character_set_client */;
/*!50503 SET character_set_client = utf8mb4 */;
CREATE TABLE `sys_menu` (
  `menu_id` bigint NOT NULL AUTO_INCREMENT COMMENT '菜单ID',
  `menu_name` varchar(50) NOT NULL COMMENT '菜单名称',
  `parent_id` bigint DEFAULT '0' COMMENT '父菜单ID',
  `order_num` int DEFAULT '0' COMMENT '显示顺序',
  `path` varchar(200) DEFAULT '' COMMENT '路由地址',
  `component` varchar(255) DEFAULT NULL COMMENT '组件路径',
  `query` varchar(255) DEFAULT NULL COMMENT '路由参数',
  `is_frame` int DEFAULT '1' COMMENT '是否为外链（0是 1否）',
  `is_cache` int DEFAULT '0' COMMENT '是否缓存（0缓存 1不缓存）',
  `menu_type` char(1) DEFAULT '' COMMENT '菜单类型（M目录 C菜单 F按钮）',
  `visible` char(1) DEFAULT '0' COMMENT '菜单状态（0显示 1隐藏）',
  `status` char(1) DEFAULT '0' COMMENT '菜单状态（0正常 1停用）',
  `perms` varchar(100) DEFAULT NULL COMMENT '权限标识',
  `icon` varchar(100) DEFAULT '#' COMMENT '菜单图标',
  `create_by` varchar(64) DEFAULT '' COMMENT '创建者',
  `create_time` datetime DEFAULT NULL COMMENT '创建时间',
  `update_by` varchar(64) DEFAULT '' COMMENT '更新者',
  `update_time` datetime DEFAULT NULL COMMENT '更新时间',
  `remark` varchar(500) DEFAULT '' COMMENT '备注',
  PRIMARY KEY (`menu_id`)
) ENGINE=InnoDB AUTO_INCREMENT=2045 DEFAULT CHARSET=utf8mb4 COLLATE=utf8mb4_0900_ai_ci COMMENT='菜单权限表';
/*!40101 SET character_set_client = @saved_cs_client */;

--
-- Dumping data for table `sys_menu`
--

LOCK TABLES `sys_menu` WRITE;
/*!40000 ALTER TABLE `sys_menu` DISABLE KEYS */;
INSERT INTO `sys_menu` VALUES (1,'系统管理',0,1,'system',NULL,'',1,0,'M','0','0','','system','admin','2024-06-29 09:54:41','',NULL,'系统管理目录'),(2,'系统监控',0,2,'monitor',NULL,'',1,0,'M','0','0','','monitor','admin','2024-06-29 09:54:41','',NULL,'系统监控目录'),(3,'系统工具',0,3,'tool',NULL,'',1,0,'M','0','0','','tool','admin','2024-06-29 09:54:41','',NULL,'系统工具目录'),(4,'若依官网',0,4,'http://ruoyi.vip',NULL,'',0,0,'M','0','0','','guide','admin','2024-06-29 09:54:41','',NULL,'若依官网地址'),(100,'用户管理',1,1,'user','system/user/index','',1,0,'C','0','0','system:user:list','user','admin','2024-06-29 09:54:41','',NULL,'用户管理菜单'),(101,'角色管理',1,2,'role','system/role/index','',1,0,'C','0','0','system:role:list','peoples','admin','2024-06-29 09:54:41','',NULL,'角色管理菜单'),(102,'菜单管理',1,3,'menu','system/menu/index','',1,0,'C','0','0','system:menu:list','tree-table','admin','2024-06-29 09:54:41','',NULL,'菜单管理菜单'),(103,'部门管理',1,4,'dept','system/dept/index','',1,0,'C','0','0','system:dept:list','tree','admin','2024-06-29 09:54:41','',NULL,'部门管理菜单'),(104,'岗位管理',1,5,'post','system/post/index','',1,0,'C','0','0','system:post:list','post','admin','2024-06-29 09:54:41','',NULL,'岗位管理菜单'),(105,'字典管理',1,6,'dict','system/dict/index','',1,0,'C','0','0','system:dict:list','dict','admin','2024-06-29 09:54:41','',NULL,'字典管理菜单'),(106,'参数设置',1,7,'config','system/config/index','',1,0,'C','0','0','system:config:list','edit','admin','2024-06-29 09:54:41','',NULL,'参数设置菜单'),(107,'通知公告',1,8,'notice','system/notice/index','',1,0,'C','0','0','system:notice:list','message','admin','2024-06-29 09:54:41','',NULL,'通知公告菜单'),(108,'日志管理',1,9,'log','','',1,0,'M','0','0','','log','admin','2024-06-29 09:54:41','',NULL,'日志管理菜单'),(109,'在线用户',2,1,'online','monitor/online/index','',1,0,'C','0','0','monitor:online:list','online','admin','2024-06-29 09:54:41','',NULL,'在线用户菜单'),(110,'定时任务',2,2,'job','monitor/job/index','',1,0,'C','0','0','monitor:job:list','job','admin','2024-06-29 09:54:41','',NULL,'定时任务菜单'),(111,'数据监控',2,3,'druid','monitor/druid/index','',1,0,'C','0','0','monitor:druid:list','druid','admin','2024-06-29 09:54:41','',NULL,'数据监控菜单'),(112,'服务监控',2,4,'server','monitor/server/index','',1,0,'C','0','0','monitor:server:list','server','admin','2024-06-29 09:54:41','',NULL,'服务监控菜单'),(113,'缓存监控',2,5,'cache','monitor/cache/index','',1,0,'C','0','0','monitor:cache:list','redis','admin','2024-06-29 09:54:41','',NULL,'缓存监控菜单'),(114,'缓存列表',2,6,'cacheList','monitor/cache/list','',1,0,'C','0','0','monitor:cache:list','redis-list','admin','2024-06-29 09:54:41','',NULL,'缓存列表菜单'),(115,'表单构建',3,1,'build','tool/build/index','',1,0,'C','0','0','tool:build:list','build','admin','2024-06-29 09:54:41','',NULL,'表单构建菜单'),(116,'代码生成',3,2,'gen','tool/gen/index','',1,0,'C','0','0','tool:gen:list','code','admin','2024-06-29 09:54:41','',NULL,'代码生成菜单'),(117,'系统接口',3,3,'swagger','tool/swagger/index','',1,0,'C','0','0','tool:swagger:list','swagger','admin','2024-06-29 09:54:41','',NULL,'系统接口菜单'),(500,'操作日志',108,1,'operlog','monitor/operlog/index','',1,0,'C','0','0','monitor:operlog:list','form','admin','2024-06-29 09:54:41','',NULL,'操作日志菜单'),(501,'登录日志',108,2,'logininfor','monitor/logininfor/index','',1,0,'C','0','0','monitor:logininfor:list','logininfor','admin','2024-06-29 09:54:41','',NULL,'登录日志菜单'),(1000,'用户查询',100,1,'','','',1,0,'F','0','0','system:user:query','#','admin','2024-06-29 09:54:41','',NULL,''),(1001,'用户新增',100,2,'','','',1,0,'F','0','0','system:user:add','#','admin','2024-06-29 09:54:41','',NULL,''),(1002,'用户修改',100,3,'','','',1,0,'F','0','0','system:user:edit','#','admin','2024-06-29 09:54:41','',NULL,''),(1003,'用户删除',100,4,'','','',1,0,'F','0','0','system:user:remove','#','admin','2024-06-29 09:54:41','',NULL,''),(1004,'用户导出',100,5,'','','',1,0,'F','0','0','system:user:export','#','admin','2024-06-29 09:54:41','',NULL,''),(1005,'用户导入',100,6,'','','',1,0,'F','0','0','system:user:import','#','admin','2024-06-29 09:54:41','',NULL,''),(1006,'重置密码',100,7,'','','',1,0,'F','0','0','system:user:resetPwd','#','admin','2024-06-29 09:54:41','',NULL,''),(1007,'角色查询',101,1,'','','',1,0,'F','0','0','system:role:query','#','admin','2024-06-29 09:54:41','',NULL,''),(1008,'角色新增',101,2,'','','',1,0,'F','0','0','system:role:add','#','admin','2024-06-29 09:54:41','',NULL,''),(1009,'角色修改',101,3,'','','',1,0,'F','0','0','system:role:edit','#','admin','2024-06-29 09:54:41','',NULL,''),(1010,'角色删除',101,4,'','','',1,0,'F','0','0','system:role:remove','#','admin','2024-06-29 09:54:41','',NULL,''),(1011,'角色导出',101,5,'','','',1,0,'F','0','0','system:role:export','#','admin','2024-06-29 09:54:41','',NULL,''),(1012,'菜单查询',102,1,'','','',1,0,'F','0','0','system:menu:query','#','admin','2024-06-29 09:54:41','',NULL,''),(1013,'菜单新增',102,2,'','','',1,0,'F','0','0','system:menu:add','#','admin','2024-06-29 09:54:41','',NULL,''),(1014,'菜单修改',102,3,'','','',1,0,'F','0','0','system:menu:edit','#','admin','2024-06-29 09:54:41','',NULL,''),(1015,'菜单删除',102,4,'','','',1,0,'F','0','0','system:menu:remove','#','admin','2024-06-29 09:54:41','',NULL,''),(1016,'部门查询',103,1,'','','',1,0,'F','0','0','system:dept:query','#','admin','2024-06-29 09:54:41','',NULL,''),(1017,'部门新增',103,2,'','','',1,0,'F','0','0','system:dept:add','#','admin','2024-06-29 09:54:41','',NULL,''),(1018,'部门修改',103,3,'','','',1,0,'F','0','0','system:dept:edit','#','admin','2024-06-29 09:54:41','',NULL,''),(1019,'部门删除',103,4,'','','',1,0,'F','0','0','system:dept:remove','#','admin','2024-06-29 09:54:41','',NULL,''),(1020,'岗位查询',104,1,'','','',1,0,'F','0','0','system:post:query','#','admin','2024-06-29 09:54:41','',NULL,''),(1021,'岗位新增',104,2,'','','',1,0,'F','0','0','system:post:add','#','admin','2024-06-29 09:54:41','',NULL,''),(1022,'岗位修改',104,3,'','','',1,0,'F','0','0','system:post:edit','#','admin','2024-06-29 09:54:41','',NULL,''),(1023,'岗位删除',104,4,'','','',1,0,'F','0','0','system:post:remove','#','admin','2024-06-29 09:54:41','',NULL,''),(1024,'岗位导出',104,5,'','','',1,0,'F','0','0','system:post:export','#','admin','2024-06-29 09:54:41','',NULL,''),(1025,'字典查询',105,1,'#','','',1,0,'F','0','0','system:dict:query','#','admin','2024-06-29 09:54:41','',NULL,''),(1026,'字典新增',105,2,'#','','',1,0,'F','0','0','system:dict:add','#','admin','2024-06-29 09:54:41','',NULL,''),(1027,'字典修改',105,3,'#','','',1,0,'F','0','0','system:dict:edit','#','admin','2024-06-29 09:54:41','',NULL,''),(1028,'字典删除',105,4,'#','','',1,0,'F','0','0','system:dict:remove','#','admin','2024-06-29 09:54:41','',NULL,''),(1029,'字典导出',105,5,'#','','',1,0,'F','0','0','system:dict:export','#','admin','2024-06-29 09:54:41','',NULL,''),(1030,'参数查询',106,1,'#','','',1,0,'F','0','0','system:config:query','#','admin','2024-06-29 09:54:41','',NULL,''),(1031,'参数新增',106,2,'#','','',1,0,'F','0','0','system:config:add','#','admin','2024-06-29 09:54:41','',NULL,''),(1032,'参数修改',106,3,'#','','',1,0,'F','0','0','system:config:edit','#','admin','2024-06-29 09:54:41','',NULL,''),(1033,'参数删除',106,4,'#','','',1,0,'F','0','0','system:config:remove','#','admin','2024-06-29 09:54:41','',NULL,''),(1034,'参数导出',106,5,'#','','',1,0,'F','0','0','system:config:export','#','admin','2024-06-29 09:54:41','',NULL,''),(1035,'公告查询',107,1,'#','','',1,0,'F','0','0','system:notice:query','#','admin','2024-06-29 09:54:41','',NULL,''),(1036,'公告新增',107,2,'#','','',1,0,'F','0','0','system:notice:add','#','admin','2024-06-29 09:54:41','',NULL,''),(1037,'公告修改',107,3,'#','','',1,0,'F','0','0','system:notice:edit','#','admin','2024-06-29 09:54:41','',NULL,''),(1038,'公告删除',107,4,'#','','',1,0,'F','0','0','system:notice:remove','#','admin','2024-06-29 09:54:41','',NULL,''),(1039,'操作查询',500,1,'#','','',1,0,'F','0','0','monitor:operlog:query','#','admin','2024-06-29 09:54:41','',NULL,''),(1040,'操作删除',500,2,'#','','',1,0,'F','0','0','monitor:operlog:remove','#','admin','2024-06-29 09:54:41','',NULL,''),(1041,'日志导出',500,3,'#','','',1,0,'F','0','0','monitor:operlog:export','#','admin','2024-06-29 09:54:41','',NULL,''),(1042,'登录查询',501,1,'#','','',1,0,'F','0','0','monitor:logininfor:query','#','admin','2024-06-29 09:54:41','',NULL,''),(1043,'登录删除',501,2,'#','','',1,0,'F','0','0','monitor:logininfor:remove','#','admin','2024-06-29 09:54:41','',NULL,''),(1044,'日志导出',501,3,'#','','',1,0,'F','0','0','monitor:logininfor:export','#','admin','2024-06-29 09:54:41','',NULL,''),(1045,'账户解锁',501,4,'#','','',1,0,'F','0','0','monitor:logininfor:unlock','#','admin','2024-06-29 09:54:41','',NULL,''),(1046,'在线查询',109,1,'#','','',1,0,'F','0','0','monitor:online:query','#','admin','2024-06-29 09:54:41','',NULL,''),(1047,'批量强退',109,2,'#','','',1,0,'F','0','0','monitor:online:batchLogout','#','admin','2024-06-29 09:54:41','',NULL,''),(1048,'单条强退',109,3,'#','','',1,0,'F','0','0','monitor:online:forceLogout','#','admin','2024-06-29 09:54:41','',NULL,''),(1049,'任务查询',110,1,'#','','',1,0,'F','0','0','monitor:job:query','#','admin','2024-06-29 09:54:41','',NULL,''),(1050,'任务新增',110,2,'#','','',1,0,'F','0','0','monitor:job:add','#','admin','2024-06-29 09:54:41','',NULL,''),(1051,'任务修改',110,3,'#','','',1,0,'F','0','0','monitor:job:edit','#','admin','2024-06-29 09:54:41','',NULL,''),(1052,'任务删除',110,4,'#','','',1,0,'F','0','0','monitor:job:remove','#','admin','2024-06-29 09:54:41','',NULL,''),(1053,'状态修改',110,5,'#','','',1,0,'F','0','0','monitor:job:changeStatus','#','admin','2024-06-29 09:54:41','',NULL,''),(1054,'任务导出',110,6,'#','','',1,0,'F','0','0','monitor:job:export','#','admin','2024-06-29 09:54:41','',NULL,''),(1055,'生成查询',116,1,'#','','',1,0,'F','0','0','tool:gen:query','#','admin','2024-06-29 09:54:41','',NULL,''),(1056,'生成修改',116,2,'#','','',1,0,'F','0','0','tool:gen:edit','#','admin','2024-06-29 09:54:41','',NULL,''),(1057,'生成删除',116,3,'#','','',1,0,'F','0','0','tool:gen:remove','#','admin','2024-06-29 09:54:41','',NULL,''),(1058,'导入代码',116,4,'#','','',1,0,'F','0','0','tool:gen:import','#','admin','2024-06-29 09:54:41','',NULL,''),(1059,'预览代码',116,5,'#','','',1,0,'F','0','0','tool:gen:preview','#','admin','2024-06-29 09:54:41','',NULL,''),(1060,'生成代码',116,6,'#','','',1,0,'F','0','0','tool:gen:code','#','admin','2024-06-29 09:54:41','',NULL,''),(2000,'生产制造',0,10,'mes',NULL,NULL,1,0,'M','0','0','','bug','admin','2024-06-29 14:17:22','admin','2024-06-29 14:51:49',''),(2001,'产品建模',2000,20,'mes','mes/project/index',NULL,1,0,'C','0','0','mes:project:list','education','admin','2024-06-29 14:18:58','admin','2024-06-29 14:53:00',''),(2008,'产品建模',2000,1,'product','mes/product/index',NULL,1,0,'C','0','0','mes:product:list','#','admin','2024-07-01 09:45:09','',NULL,'产品建模菜单'),(2009,'产品建模查询',2008,1,'#','',NULL,1,0,'F','0','0','mes:product:query','#','admin','2024-07-01 09:45:09','',NULL,''),(2010,'产品建模新增',2008,2,'#','',NULL,1,0,'F','0','0','mes:product:add','#','admin','2024-07-01 09:45:09','',NULL,''),(2011,'产品建模修改',2008,3,'#','',NULL,1,0,'F','0','0','mes:product:edit','#','admin','2024-07-01 09:45:09','',NULL,''),(2012,'产品建模删除',2008,4,'#','',NULL,1,0,'F','0','0','mes:product:remove','#','admin','2024-07-01 09:45:09','',NULL,''),(2013,'产品建模导出',2008,5,'#','',NULL,1,0,'F','0','0','mes:product:export','#','admin','2024-07-01 09:45:09','',NULL,''),(2014,'学生就业信息',0,22,'employment',NULL,NULL,1,0,'M','0','0',NULL,'education','admin','2024-07-02 11:24:37','',NULL,''),(2015,'高校院系专业学生信息',2014,1,'departments_students','employment/departments_students/index',NULL,1,0,'C','0','0','employment:departments_students:list','#','admin','2024-07-02 11:30:54','',NULL,'高校院系专业学生信息菜单'),(2016,'高校院系专业学生信息查询',2015,1,'#','',NULL,1,0,'F','0','0','employment:departments_students:query','#','admin','2024-07-02 11:30:54','',NULL,''),(2017,'高校院系专业学生信息新增',2015,2,'#','',NULL,1,0,'F','0','0','employment:departments_students:add','#','admin','2024-07-02 11:30:54','',NULL,''),(2018,'高校院系专业学生信息修改',2015,3,'#','',NULL,1,0,'F','0','0','employment:departments_students:edit','#','admin','2024-07-02 11:30:54','',NULL,''),(2019,'高校院系专业学生信息删除',2015,4,'#','',NULL,1,0,'F','0','0','employment:departments_students:remove','#','admin','2024-07-02 11:30:54','',NULL,''),(2020,'高校院系专业学生信息导出',2015,5,'#','',NULL,1,0,'F','0','0','employment:departments_students:export','#','admin','2024-07-02 11:30:54','',NULL,''),(2033,'学生就业信息',2014,1,'employment_info','employment/employment_info/index',NULL,1,0,'C','0','0','employment:employment_info:list','#','admin','2024-07-02 15:41:36','',NULL,'学生就业信息菜单'),(2034,'学生就业信息查询',2033,1,'#','',NULL,1,0,'F','0','0','employment:employment_info:query','#','admin','2024-07-02 15:41:36','',NULL,''),(2035,'学生就业信息新增',2033,2,'#','',NULL,1,0,'F','0','0','employment:employment_info:add','#','admin','2024-07-02 15:41:36','',NULL,''),(2036,'学生就业信息修改',2033,3,'#','',NULL,1,0,'F','0','0','employment:employment_info:edit','#','admin','2024-07-02 15:41:36','',NULL,''),(2037,'学生就业信息删除',2033,4,'#','',NULL,1,0,'F','0','0','employment:employment_info:remove','#','admin','2024-07-02 15:41:36','',NULL,''),(2038,'学生就业信息导出',2033,5,'#','',NULL,1,0,'F','0','0','employment:employment_info:export','#','admin','2024-07-02 15:41:36','',NULL,''),(2039,'就业分析',2014,1,'employment_analysis','employment/employment_analysis/index',NULL,1,0,'C','0','0','employment:employment_analysis:list','#','admin','2024-07-02 17:07:49','',NULL,'就业分析菜单'),(2040,'就业分析查询',2039,1,'#','',NULL,1,0,'F','0','0','employment:employment_analysis:query','#','admin','2024-07-02 17:07:49','',NULL,''),(2041,'就业分析新增',2039,2,'#','',NULL,1,0,'F','0','0','employment:employment_analysis:add','#','admin','2024-07-02 17:07:49','',NULL,''),(2042,'就业分析修改',2039,3,'#','',NULL,1,0,'F','0','0','employment:employment_analysis:edit','#','admin','2024-07-02 17:07:49','',NULL,''),(2043,'就业分析删除',2039,4,'#','',NULL,1,0,'F','0','0','employment:employment_analysis:remove','#','admin','2024-07-02 17:07:49','',NULL,''),(2044,'就业分析导出',2039,5,'#','',NULL,1,0,'F','0','0','employment:employment_analysis:export','#','admin','2024-07-02 17:07:49','',NULL,'');
/*!40000 ALTER TABLE `sys_menu` ENABLE KEYS */;
UNLOCK TABLES;

--
-- Table structure for table `sys_notice`
--

DROP TABLE IF EXISTS `sys_notice`;
/*!40101 SET @saved_cs_client     = @@character_set_client */;
/*!50503 SET character_set_client = utf8mb4 */;
CREATE TABLE `sys_notice` (
  `notice_id` int NOT NULL AUTO_INCREMENT COMMENT '公告ID',
  `notice_title` varchar(50) NOT NULL COMMENT '公告标题',
  `notice_type` char(1) NOT NULL COMMENT '公告类型（1通知 2公告）',
  `notice_content` longblob COMMENT '公告内容',
  `status` char(1) DEFAULT '0' COMMENT '公告状态（0正常 1关闭）',
  `create_by` varchar(64) DEFAULT '' COMMENT '创建者',
  `create_time` datetime DEFAULT NULL COMMENT '创建时间',
  `update_by` varchar(64) DEFAULT '' COMMENT '更新者',
  `update_time` datetime DEFAULT NULL COMMENT '更新时间',
  `remark` varchar(255) DEFAULT NULL COMMENT '备注',
  PRIMARY KEY (`notice_id`)
) ENGINE=InnoDB AUTO_INCREMENT=10 DEFAULT CHARSET=utf8mb4 COLLATE=utf8mb4_0900_ai_ci COMMENT='通知公告表';
/*!40101 SET character_set_client = @saved_cs_client */;

--
-- Dumping data for table `sys_notice`
--

LOCK TABLES `sys_notice` WRITE;
/*!40000 ALTER TABLE `sys_notice` DISABLE KEYS */;
INSERT INTO `sys_notice` VALUES (1,'温馨提醒：2018-07-01 若依新版本发布啦','2',_binary '新版本内容','0','admin','2024-06-29 09:54:41','',NULL,'管理员'),(2,'维护通知：2018-07-01 若依系统凌晨维护','1',_binary '维护内容','0','admin','2024-06-29 09:54:41','',NULL,'管理员');
/*!40000 ALTER TABLE `sys_notice` ENABLE KEYS */;
UNLOCK TABLES;

--
-- Table structure for table `sys_oper_log`
--

DROP TABLE IF EXISTS `sys_oper_log`;
/*!40101 SET @saved_cs_client     = @@character_set_client */;
/*!50503 SET character_set_client = utf8mb4 */;
CREATE TABLE `sys_oper_log` (
  `oper_id` bigint NOT NULL AUTO_INCREMENT COMMENT '日志主键',
  `title` varchar(50) DEFAULT '' COMMENT '模块标题',
  `business_type` int DEFAULT '0' COMMENT '业务类型（0其它 1新增 2修改 3删除）',
  `method` varchar(200) DEFAULT '' COMMENT '方法名称',
  `request_method` varchar(10) DEFAULT '' COMMENT '请求方式',
  `operator_type` int DEFAULT '0' COMMENT '操作类别（0其它 1后台用户 2手机端用户）',
  `oper_name` varchar(50) DEFAULT '' COMMENT '操作人员',
  `dept_name` varchar(50) DEFAULT '' COMMENT '部门名称',
  `oper_url` varchar(255) DEFAULT '' COMMENT '请求URL',
  `oper_ip` varchar(128) DEFAULT '' COMMENT '主机地址',
  `oper_location` varchar(255) DEFAULT '' COMMENT '操作地点',
  `oper_param` varchar(2000) DEFAULT '' COMMENT '请求参数',
  `json_result` varchar(2000) DEFAULT '' COMMENT '返回参数',
  `status` int DEFAULT '0' COMMENT '操作状态（0正常 1异常）',
  `error_msg` varchar(2000) DEFAULT '' COMMENT '错误消息',
  `oper_time` datetime DEFAULT NULL COMMENT '操作时间',
  `cost_time` bigint DEFAULT '0' COMMENT '消耗时间',
  PRIMARY KEY (`oper_id`),
  KEY `idx_sys_oper_log_bt` (`business_type`),
  KEY `idx_sys_oper_log_s` (`status`),
  KEY `idx_sys_oper_log_ot` (`oper_time`)
) ENGINE=InnoDB AUTO_INCREMENT=245 DEFAULT CHARSET=utf8mb4 COLLATE=utf8mb4_0900_ai_ci COMMENT='操作日志记录';
/*!40101 SET character_set_client = @saved_cs_client */;

--
-- Dumping data for table `sys_oper_log`
--

LOCK TABLES `sys_oper_log` WRITE;
/*!40000 ALTER TABLE `sys_oper_log` DISABLE KEYS */;
INSERT INTO `sys_oper_log` VALUES (100,'菜单管理',1,'com.ruoyi.web.controller.system.SysMenuController.add()','POST',1,'admin','研发部门','/system/menu','127.0.0.1','内网IP','{\"children\":[],\"createBy\":\"admin\",\"icon\":\"bug\",\"isCache\":\"0\",\"isFrame\":\"1\",\"menuName\":\"生产制造\",\"menuType\":\"M\",\"orderNum\":10,\"params\":{},\"parentId\":0,\"path\":\"/mes\",\"status\":\"0\",\"visible\":\"0\"}','{\"msg\":\"操作成功\",\"code\":200}',0,NULL,'2024-06-29 14:17:22',76),(101,'菜单管理',1,'com.ruoyi.web.controller.system.SysMenuController.add()','POST',1,'admin','研发部门','/system/menu','127.0.0.1','内网IP','{\"children\":[],\"component\":\"/mes/project\",\"createBy\":\"admin\",\"icon\":\"education\",\"isCache\":\"0\",\"isFrame\":\"1\",\"menuName\":\"产品建模\",\"menuType\":\"C\",\"orderNum\":20,\"params\":{},\"parentId\":2000,\"path\":\"/mes/project\",\"perms\":\"mes:project.list\",\"status\":\"0\",\"visible\":\"0\"}','{\"msg\":\"操作成功\",\"code\":200}',0,NULL,'2024-06-29 14:18:58',6),(102,'菜单管理',2,'com.ruoyi.web.controller.system.SysMenuController.edit()','PUT',1,'admin','研发部门','/system/menu','127.0.0.1','内网IP','{\"children\":[],\"component\":\"/mes/project/index\",\"createTime\":\"2024-06-29 14:18:58\",\"icon\":\"education\",\"isCache\":\"0\",\"isFrame\":\"1\",\"menuId\":2001,\"menuName\":\"产品建模\",\"menuType\":\"C\",\"orderNum\":20,\"params\":{},\"parentId\":2000,\"path\":\"/mes/project\",\"perms\":\"mes:project.list\",\"status\":\"0\",\"updateBy\":\"admin\",\"visible\":\"0\"}','{\"msg\":\"操作成功\",\"code\":200}',0,NULL,'2024-06-29 14:19:53',9),(103,'菜单管理',2,'com.ruoyi.web.controller.system.SysMenuController.edit()','PUT',1,'admin','研发部门','/system/menu','127.0.0.1','内网IP','{\"children\":[],\"component\":\"/mes/project/index\",\"createTime\":\"2024-06-29 14:18:58\",\"icon\":\"education\",\"isCache\":\"0\",\"isFrame\":\"1\",\"menuId\":2001,\"menuName\":\"产品建模\",\"menuType\":\"C\",\"orderNum\":20,\"params\":{},\"parentId\":2000,\"path\":\"mes\",\"perms\":\"mes:project.list\",\"status\":\"0\",\"updateBy\":\"admin\",\"visible\":\"0\"}','{\"msg\":\"操作成功\",\"code\":200}',0,NULL,'2024-06-29 14:24:04',7),(104,'菜单管理',2,'com.ruoyi.web.controller.system.SysMenuController.edit()','PUT',1,'admin','研发部门','/system/menu','127.0.0.1','内网IP','{\"children\":[],\"createTime\":\"2024-06-29 14:17:22\",\"icon\":\"bug\",\"isCache\":\"0\",\"isFrame\":\"1\",\"menuId\":2000,\"menuName\":\"生产制造\",\"menuType\":\"M\",\"orderNum\":10,\"params\":{},\"parentId\":0,\"path\":\"mes\",\"perms\":\"\",\"status\":\"0\",\"updateBy\":\"admin\",\"visible\":\"0\"}','{\"msg\":\"操作成功\",\"code\":200}',0,NULL,'2024-06-29 14:27:34',7),(105,'菜单管理',2,'com.ruoyi.web.controller.system.SysMenuController.edit()','PUT',1,'admin','研发部门','/system/menu','127.0.0.1','内网IP','{\"children\":[],\"component\":\"/mes/project/index\",\"createTime\":\"2024-06-29 14:18:58\",\"icon\":\"education\",\"isCache\":\"0\",\"isFrame\":\"1\",\"menuId\":2001,\"menuName\":\"产品建模\",\"menuType\":\"C\",\"orderNum\":20,\"params\":{},\"parentId\":2000,\"path\":\"mes\",\"perms\":\"mes:project.list\",\"status\":\"0\",\"updateBy\":\"admin\",\"visible\":\"0\"}','{\"msg\":\"操作成功\",\"code\":200}',0,NULL,'2024-06-29 14:34:48',7),(106,'菜单管理',2,'com.ruoyi.web.controller.system.SysMenuController.edit()','PUT',1,'admin','研发部门','/system/menu','127.0.0.1','内网IP','{\"children\":[],\"createTime\":\"2024-06-29 14:17:22\",\"icon\":\"bug\",\"isCache\":\"0\",\"isFrame\":\"1\",\"menuId\":2000,\"menuName\":\"生产制造\",\"menuType\":\"M\",\"orderNum\":10,\"params\":{},\"parentId\":0,\"path\":\"mes\",\"perms\":\"\",\"status\":\"0\",\"updateBy\":\"admin\",\"visible\":\"0\"}','{\"msg\":\"操作成功\",\"code\":200}',0,NULL,'2024-06-29 14:35:29',5),(107,'菜单管理',2,'com.ruoyi.web.controller.system.SysMenuController.edit()','PUT',1,'admin','研发部门','/system/menu','127.0.0.1','内网IP','{\"children\":[],\"component\":\"/mes/project\",\"createTime\":\"2024-06-29 14:18:58\",\"icon\":\"education\",\"isCache\":\"0\",\"isFrame\":\"1\",\"menuId\":2001,\"menuName\":\"产品建模\",\"menuType\":\"C\",\"orderNum\":20,\"params\":{},\"parentId\":2000,\"path\":\"mes\",\"perms\":\"mes:project.list\",\"status\":\"0\",\"updateBy\":\"admin\",\"visible\":\"0\"}','{\"msg\":\"操作成功\",\"code\":200}',0,NULL,'2024-06-29 14:37:10',7),(108,'菜单管理',2,'com.ruoyi.web.controller.system.SysMenuController.edit()','PUT',1,'admin','研发部门','/system/menu','127.0.0.1','内网IP','{\"children\":[],\"component\":\"/mes/project\",\"createTime\":\"2024-06-29 14:18:58\",\"icon\":\"education\",\"isCache\":\"0\",\"isFrame\":\"1\",\"menuId\":2001,\"menuName\":\"产品建模\",\"menuType\":\"C\",\"orderNum\":20,\"params\":{},\"parentId\":2000,\"path\":\"mes\",\"perms\":\"mes:project:list\",\"status\":\"0\",\"updateBy\":\"admin\",\"visible\":\"0\"}','{\"msg\":\"操作成功\",\"code\":200}',0,NULL,'2024-06-29 14:37:20',6),(109,'菜单管理',2,'com.ruoyi.web.controller.system.SysMenuController.edit()','PUT',1,'admin','研发部门','/system/menu','127.0.0.1','内网IP','{\"children\":[],\"component\":\"/mes/project\",\"createTime\":\"2024-06-29 14:18:58\",\"icon\":\"education\",\"isCache\":\"0\",\"isFrame\":\"1\",\"menuId\":2001,\"menuName\":\"产品建模\",\"menuType\":\"C\",\"orderNum\":20,\"params\":{},\"parentId\":2000,\"path\":\"user\",\"perms\":\"mes:project:list\",\"status\":\"0\",\"updateBy\":\"admin\",\"visible\":\"0\"}','{\"msg\":\"操作成功\",\"code\":200}',0,NULL,'2024-06-29 14:41:24',8),(110,'菜单管理',2,'com.ruoyi.web.controller.system.SysMenuController.edit()','PUT',1,'admin','研发部门','/system/menu','127.0.0.1','内网IP','{\"children\":[],\"component\":\"/mes/project/index\",\"createTime\":\"2024-06-29 14:18:58\",\"icon\":\"education\",\"isCache\":\"0\",\"isFrame\":\"1\",\"menuId\":2001,\"menuName\":\"产品建模\",\"menuType\":\"C\",\"orderNum\":20,\"params\":{},\"parentId\":2000,\"path\":\"mes\",\"perms\":\"mes:project:list\",\"status\":\"0\",\"updateBy\":\"admin\",\"visible\":\"0\"}','{\"msg\":\"操作成功\",\"code\":200}',0,NULL,'2024-06-29 14:41:50',5),(111,'菜单管理',2,'com.ruoyi.web.controller.system.SysMenuController.edit()','PUT',1,'admin','研发部门','/system/menu','127.0.0.1','内网IP','{\"children\":[],\"component\":\"mes/project/index\",\"createTime\":\"2024-06-29 14:18:58\",\"icon\":\"education\",\"isCache\":\"0\",\"isFrame\":\"1\",\"menuId\":2001,\"menuName\":\"产品建模\",\"menuType\":\"C\",\"orderNum\":20,\"params\":{},\"parentId\":2000,\"path\":\"mes\",\"perms\":\"mes:project:list\",\"status\":\"0\",\"updateBy\":\"admin\",\"visible\":\"0\"}','{\"msg\":\"操作成功\",\"code\":200}',0,NULL,'2024-06-29 14:47:02',6),(112,'菜单管理',2,'com.ruoyi.web.controller.system.SysMenuController.edit()','PUT',1,'admin','研发部门','/system/menu','127.0.0.1','内网IP','{\"children\":[],\"component\":\"mes/project/index\",\"createTime\":\"2024-06-29 14:18:58\",\"icon\":\"education\",\"isCache\":\"0\",\"isFrame\":\"1\",\"menuId\":2001,\"menuName\":\"产品建模\",\"menuType\":\"C\",\"orderNum\":20,\"params\":{},\"parentId\":2000,\"path\":\"user\",\"perms\":\"mes:project:list\",\"status\":\"0\",\"updateBy\":\"admin\",\"visible\":\"0\"}','{\"msg\":\"操作成功\",\"code\":200}',0,NULL,'2024-06-29 14:48:59',5),(113,'菜单管理',2,'com.ruoyi.web.controller.system.SysMenuController.edit()','PUT',1,'admin','研发部门','/system/menu','127.0.0.1','内网IP','{\"children\":[],\"createTime\":\"2024-06-29 14:17:22\",\"icon\":\"bug\",\"isCache\":\"0\",\"isFrame\":\"1\",\"menuId\":2000,\"menuName\":\"生产制造\",\"menuType\":\"M\",\"orderNum\":10,\"params\":{},\"parentId\":0,\"path\":\"mes\",\"perms\":\"\",\"status\":\"0\",\"updateBy\":\"admin\",\"visible\":\"0\"}','{\"msg\":\"操作成功\",\"code\":200}',0,NULL,'2024-06-29 14:51:49',7),(114,'菜单管理',2,'com.ruoyi.web.controller.system.SysMenuController.edit()','PUT',1,'admin','研发部门','/system/menu','127.0.0.1','内网IP','{\"children\":[],\"component\":\"project/index\",\"createTime\":\"2024-06-29 14:18:58\",\"icon\":\"education\",\"isCache\":\"0\",\"isFrame\":\"1\",\"menuId\":2001,\"menuName\":\"产品建模\",\"menuType\":\"C\",\"orderNum\":20,\"params\":{},\"parentId\":2000,\"path\":\"mes\",\"perms\":\"mes:project:list\",\"status\":\"0\",\"updateBy\":\"admin\",\"visible\":\"0\"}','{\"msg\":\"操作成功\",\"code\":200}',0,NULL,'2024-06-29 14:52:12',5),(115,'菜单管理',2,'com.ruoyi.web.controller.system.SysMenuController.edit()','PUT',1,'admin','研发部门','/system/menu','127.0.0.1','内网IP','{\"children\":[],\"component\":\"mes/project\",\"createTime\":\"2024-06-29 14:18:58\",\"icon\":\"education\",\"isCache\":\"0\",\"isFrame\":\"1\",\"menuId\":2001,\"menuName\":\"产品建模\",\"menuType\":\"C\",\"orderNum\":20,\"params\":{},\"parentId\":2000,\"path\":\"mes\",\"perms\":\"mes:project:list\",\"status\":\"0\",\"updateBy\":\"admin\",\"visible\":\"0\"}','{\"msg\":\"操作成功\",\"code\":200}',0,NULL,'2024-06-29 14:52:51',7),(116,'菜单管理',2,'com.ruoyi.web.controller.system.SysMenuController.edit()','PUT',1,'admin','研发部门','/system/menu','127.0.0.1','内网IP','{\"children\":[],\"component\":\"mes/project/index\",\"createTime\":\"2024-06-29 14:18:58\",\"icon\":\"education\",\"isCache\":\"0\",\"isFrame\":\"1\",\"menuId\":2001,\"menuName\":\"产品建模\",\"menuType\":\"C\",\"orderNum\":20,\"params\":{},\"parentId\":2000,\"path\":\"mes\",\"perms\":\"mes:project:list\",\"status\":\"0\",\"updateBy\":\"admin\",\"visible\":\"0\"}','{\"msg\":\"操作成功\",\"code\":200}',0,NULL,'2024-06-29 14:53:00',6),(117,'字典类型',1,'com.ruoyi.web.controller.system.SysDictTypeController.add()','POST',1,'admin','研发部门','/system/dict/type','127.0.0.1','内网IP','{\"createBy\":\"admin\",\"dictName\":\"项目状态\",\"dictType\":\"mes_project_status\",\"params\":{},\"status\":\"0\"}','{\"msg\":\"操作成功\",\"code\":200}',0,NULL,'2024-06-29 15:18:23',13),(118,'字典数据',1,'com.ruoyi.web.controller.system.SysDictDataController.add()','POST',1,'admin','研发部门','/system/dict/data','127.0.0.1','内网IP','{\"createBy\":\"admin\",\"default\":false,\"dictLabel\":\"挂起\",\"dictSort\":0,\"dictType\":\"mes_project_status\",\"dictValue\":\"0\",\"listClass\":\"default\",\"params\":{},\"status\":\"0\"}','{\"msg\":\"操作成功\",\"code\":200}',0,NULL,'2024-06-29 15:18:51',7),(119,'字典数据',1,'com.ruoyi.web.controller.system.SysDictDataController.add()','POST',1,'admin','研发部门','/system/dict/data','127.0.0.1','内网IP','{\"createBy\":\"admin\",\"default\":false,\"dictLabel\":\"正常\",\"dictSort\":1,\"dictType\":\"mes_project_status\",\"dictValue\":\"1\",\"listClass\":\"default\",\"params\":{},\"status\":\"0\"}','{\"msg\":\"操作成功\",\"code\":200}',0,NULL,'2024-06-29 15:19:06',6),(120,'代码生成',6,'com.ruoyi.generator.controller.GenController.importTableSave()','POST',1,'admin','研发部门','/tool/gen/importTable','127.0.0.1','内网IP','{\"tables\":\"mes_product\"}','{\"msg\":\"操作成功\",\"code\":200}',0,NULL,'2024-07-01 08:52:26',49),(121,'代码生成',2,'com.ruoyi.generator.controller.GenController.editSave()','PUT',1,'admin','研发部门','/tool/gen','127.0.0.1','内网IP','{\"businessName\":\"product\",\"className\":\"MesProduct\",\"columns\":[{\"capJavaField\":\"Id\",\"columnComment\":\"模型编号\",\"columnId\":1,\"columnName\":\"id\",\"columnType\":\"bigint unsigned\",\"createBy\":\"admin\",\"createTime\":\"2024-07-01 08:52:26\",\"dictType\":\"\",\"edit\":false,\"increment\":true,\"insert\":false,\"isIncrement\":\"1\",\"isInsert\":\"0\",\"isList\":\"1\",\"isPk\":\"1\",\"isRequired\":\"0\",\"javaField\":\"id\",\"javaType\":\"Long\",\"list\":true,\"params\":{},\"pk\":true,\"query\":false,\"queryType\":\"EQ\",\"required\":false,\"sort\":1,\"superColumn\":false,\"tableId\":1,\"updateBy\":\"\",\"usableColumn\":false},{\"capJavaField\":\"ModeName\",\"columnComment\":\"模型名称\",\"columnId\":2,\"columnName\":\"mode_name\",\"columnType\":\"varchar(255)\",\"createBy\":\"admin\",\"createTime\":\"2024-07-01 08:52:26\",\"dictType\":\"\",\"edit\":true,\"htmlType\":\"input\",\"increment\":false,\"insert\":true,\"isEdit\":\"1\",\"isIncrement\":\"0\",\"isInsert\":\"1\",\"isList\":\"1\",\"isPk\":\"0\",\"isQuery\":\"1\",\"isRequired\":\"1\",\"javaField\":\"modeName\",\"javaType\":\"String\",\"list\":true,\"params\":{},\"pk\":false,\"query\":true,\"queryType\":\"LIKE\",\"required\":true,\"sort\":2,\"superColumn\":false,\"tableId\":1,\"updateBy\":\"\",\"usableColumn\":false},{\"capJavaField\":\"MaterialId\",\"columnComment\":\"产品ID\",\"columnId\":3,\"columnName\":\"material_id\",\"columnType\":\"bigint\",\"createBy\":\"admin\",\"createTime\":\"2024-07-01 08:52:26\",\"dictType\":\"\",\"edit\":true,\"htmlType\":\"select\",\"increment\":false,\"insert\":true,\"isEdit\":\"1\",\"isIncrement\":\"0\",\"isInsert\":\"1\",\"isList\":\"1\",\"isPk\":\"0\",\"isQuery\":\"1\",\"isRequired\":\"1\",\"javaField\":\"materialId\",\"javaType\":\"Long\",\"list\":true,\"params\":{},\"pk\":false,\"query\":true,\"queryType\":\"EQ\",\"required\":true,\"sort\":3,\"superColumn\":false,\"tableId\":1,\"updateBy\":\"\",\"usableColumn\":false},{\"capJavaField\":\"Remark\",\"columnComment\":\"备注\",\"columnId\":4,\"columnName\":\"remark\",\"columnType\":\"longtext\",\"createBy\":\"admin\",\"createTime\":\"2024-07-01 08:52:26\",\"dictType\":\"\",\"edit\":true,\"htmlType\":\"textarea\",\"increment\":false,\"insert\":true,\"isEdit\":\"1\",\"isIncrement\":\"0\",\"isInsert\":\"1\",\"isList\":\"1\",\"isPk\":\"0\",\"isRequired\":\"0\",\"javaField\":\"remark\",\"java','{\"msg\":\"操作成功\",\"code\":200}',0,NULL,'2024-07-01 09:07:07',23),(122,'代码生成',8,'com.ruoyi.generator.controller.GenController.batchGenCode()','GET',1,'admin','研发部门','/tool/gen/batchGenCode','127.0.0.1','内网IP','{\"tables\":\"mes_product\"}',NULL,0,NULL,'2024-07-01 09:17:16',23),(123,'产品建模',1,'com.ruoyi.web.controller.mes.MesProductController.add()','POST',1,'admin','研发部门','/mes/product','127.0.0.1','内网IP','{\"modeName\":\"666\",\"params\":{}}',NULL,1,'Invalid bound statement (not found): com.ruoyi.mes.mapper.MesProductMapper.insertMesProduct','2024-07-01 09:40:53',6),(124,'菜单管理',3,'com.ruoyi.web.controller.system.SysMenuController.remove()','DELETE',1,'admin','研发部门','/system/menu/2002','127.0.0.1','内网IP','{}','{\"msg\":\"存在子菜单,不允许删除\",\"code\":601}',0,NULL,'2024-07-01 09:53:03',7),(125,'菜单管理',3,'com.ruoyi.web.controller.system.SysMenuController.remove()','DELETE',1,'admin','研发部门','/system/menu/2002','127.0.0.1','内网IP','{}','{\"msg\":\"存在子菜单,不允许删除\",\"code\":601}',0,NULL,'2024-07-01 09:53:19',3),(126,'菜单管理',3,'com.ruoyi.web.controller.system.SysMenuController.remove()','DELETE',1,'admin','研发部门','/system/menu/2007','127.0.0.1','内网IP','{}','{\"msg\":\"操作成功\",\"code\":200}',0,NULL,'2024-07-01 09:53:32',12),(127,'菜单管理',3,'com.ruoyi.web.controller.system.SysMenuController.remove()','DELETE',1,'admin','研发部门','/system/menu/2006','127.0.0.1','内网IP','{}','{\"msg\":\"操作成功\",\"code\":200}',0,NULL,'2024-07-01 09:53:38',15),(128,'菜单管理',3,'com.ruoyi.web.controller.system.SysMenuController.remove()','DELETE',1,'admin','研发部门','/system/menu/2005','127.0.0.1','内网IP','{}','{\"msg\":\"操作成功\",\"code\":200}',0,NULL,'2024-07-01 09:53:45',6),(129,'菜单管理',3,'com.ruoyi.web.controller.system.SysMenuController.remove()','DELETE',1,'admin','研发部门','/system/menu/2004','127.0.0.1','内网IP','{}','{\"msg\":\"操作成功\",\"code\":200}',0,NULL,'2024-07-01 09:53:50',14),(130,'菜单管理',3,'com.ruoyi.web.controller.system.SysMenuController.remove()','DELETE',1,'admin','研发部门','/system/menu/2003','127.0.0.1','内网IP','{}','{\"msg\":\"操作成功\",\"code\":200}',0,NULL,'2024-07-01 09:53:53',14),(131,'菜单管理',3,'com.ruoyi.web.controller.system.SysMenuController.remove()','DELETE',1,'admin','研发部门','/system/menu/2002','127.0.0.1','内网IP','{}','{\"msg\":\"操作成功\",\"code\":200}',0,NULL,'2024-07-01 09:53:57',14),(132,'代码生成',6,'com.ruoyi.generator.controller.GenController.importTableSave()','POST',1,'admin','研发部门','/tool/gen/importTable','127.0.0.1','内网IP','{\"tables\":\"mes_factory\"}','{\"msg\":\"操作成功\",\"code\":200}',0,NULL,'2024-07-01 14:20:27',40),(133,'代码生成',6,'com.ruoyi.generator.controller.GenController.importTableSave()','POST',1,'admin','研发部门','/tool/gen/importTable','127.0.0.1','内网IP','{\"tables\":\"mes_factory_device_item\"}','{\"msg\":\"操作成功\",\"code\":200}',0,NULL,'2024-07-01 14:21:43',27),(134,'代码生成',2,'com.ruoyi.generator.controller.GenController.editSave()','PUT',1,'admin','研发部门','/tool/gen','127.0.0.1','内网IP','{\"businessName\":\"factory\",\"className\":\"MesFactory\",\"columns\":[{\"capJavaField\":\"Id\",\"columnComment\":\"编号\",\"columnId\":5,\"columnName\":\"id\",\"columnType\":\"bigint unsigned\",\"createBy\":\"admin\",\"createTime\":\"2024-07-01 14:20:27\",\"dictType\":\"\",\"edit\":false,\"increment\":true,\"insert\":false,\"isIncrement\":\"1\",\"isInsert\":\"0\",\"isList\":\"1\",\"isPk\":\"1\",\"isRequired\":\"0\",\"javaField\":\"id\",\"javaType\":\"Long\",\"list\":true,\"params\":{},\"pk\":true,\"query\":false,\"queryType\":\"EQ\",\"required\":false,\"sort\":1,\"superColumn\":false,\"tableId\":2,\"updateBy\":\"\",\"usableColumn\":false},{\"capJavaField\":\"ProductionLine\",\"columnComment\":\"生产线名称\",\"columnId\":6,\"columnName\":\"production_line\",\"columnType\":\"varchar(255)\",\"createBy\":\"admin\",\"createTime\":\"2024-07-01 14:20:27\",\"dictType\":\"\",\"edit\":true,\"htmlType\":\"input\",\"increment\":false,\"insert\":true,\"isEdit\":\"1\",\"isIncrement\":\"0\",\"isInsert\":\"1\",\"isList\":\"1\",\"isPk\":\"0\",\"isQuery\":\"1\",\"isRequired\":\"0\",\"javaField\":\"productionLine\",\"javaType\":\"String\",\"list\":true,\"params\":{},\"pk\":false,\"query\":true,\"queryType\":\"EQ\",\"required\":false,\"sort\":2,\"superColumn\":false,\"tableId\":2,\"updateBy\":\"\",\"usableColumn\":false},{\"capJavaField\":\"FactoryDescribe\",\"columnComment\":\"描述\",\"columnId\":7,\"columnName\":\"factory_describe\",\"columnType\":\"varchar(255)\",\"createBy\":\"admin\",\"createTime\":\"2024-07-01 14:20:27\",\"dictType\":\"\",\"edit\":true,\"htmlType\":\"input\",\"increment\":false,\"insert\":true,\"isEdit\":\"1\",\"isIncrement\":\"0\",\"isInsert\":\"1\",\"isList\":\"1\",\"isPk\":\"0\",\"isQuery\":\"0\",\"isRequired\":\"0\",\"javaField\":\"factoryDescribe\",\"javaType\":\"String\",\"list\":true,\"params\":{},\"pk\":false,\"query\":false,\"queryType\":\"EQ\",\"required\":false,\"sort\":3,\"superColumn\":false,\"tableId\":2,\"updateBy\":\"\",\"usableColumn\":false},{\"capJavaField\":\"MaterialId\",\"columnComment\":\"物料ID\",\"columnId\":8,\"columnName\":\"material_id\",\"columnType\":\"bigint\",\"createBy\":\"admin\",\"createTime\":\"2024-07-01 14:20:27\",\"dictType\":\"\",\"edit\":true,\"htmlType\":\"input\",\"increment\":false,\"insert\":true,\"isEdit\":\"1\",\"isIncrement\":\"0\",\"isInsert\":\"1\",\"isList\":\"1\",\"isPk\":\"0\"','{\"msg\":\"操作成功\",\"code\":200}',0,NULL,'2024-07-01 14:22:50',31),(135,'代码生成',2,'com.ruoyi.generator.controller.GenController.editSave()','PUT',1,'admin','研发部门','/tool/gen','127.0.0.1','内网IP','{\"businessName\":\"item\",\"className\":\"MesFactoryDeviceItem\",\"columns\":[{\"capJavaField\":\"Id\",\"columnComment\":\"序号\",\"columnId\":9,\"columnName\":\"id\",\"columnType\":\"bigint unsigned\",\"createBy\":\"admin\",\"createTime\":\"2024-07-01 14:21:43\",\"dictType\":\"\",\"edit\":false,\"increment\":true,\"insert\":true,\"isIncrement\":\"1\",\"isInsert\":\"1\",\"isPk\":\"1\",\"isRequired\":\"0\",\"javaField\":\"id\",\"javaType\":\"Long\",\"list\":false,\"params\":{},\"pk\":true,\"query\":false,\"queryType\":\"EQ\",\"required\":false,\"sort\":1,\"superColumn\":false,\"tableId\":3,\"updateBy\":\"\",\"usableColumn\":false},{\"capJavaField\":\"FactoryId\",\"columnComment\":\"工厂建模ID\",\"columnId\":10,\"columnName\":\"factory_id\",\"columnType\":\"bigint\",\"createBy\":\"admin\",\"createTime\":\"2024-07-01 14:21:43\",\"dictType\":\"\",\"edit\":true,\"htmlType\":\"input\",\"increment\":false,\"insert\":true,\"isEdit\":\"1\",\"isIncrement\":\"0\",\"isInsert\":\"1\",\"isList\":\"1\",\"isPk\":\"0\",\"isQuery\":\"1\",\"isRequired\":\"0\",\"javaField\":\"factoryId\",\"javaType\":\"Long\",\"list\":true,\"params\":{},\"pk\":false,\"query\":true,\"queryType\":\"EQ\",\"required\":false,\"sort\":2,\"superColumn\":false,\"tableId\":3,\"updateBy\":\"\",\"usableColumn\":false},{\"capJavaField\":\"DeviceId\",\"columnComment\":\"设备ID\",\"columnId\":11,\"columnName\":\"device_id\",\"columnType\":\"bigint\",\"createBy\":\"admin\",\"createTime\":\"2024-07-01 14:21:43\",\"dictType\":\"\",\"edit\":true,\"htmlType\":\"input\",\"increment\":false,\"insert\":true,\"isEdit\":\"1\",\"isIncrement\":\"0\",\"isInsert\":\"1\",\"isList\":\"1\",\"isPk\":\"0\",\"isQuery\":\"1\",\"isRequired\":\"0\",\"javaField\":\"deviceId\",\"javaType\":\"Long\",\"list\":true,\"params\":{},\"pk\":false,\"query\":true,\"queryType\":\"EQ\",\"required\":false,\"sort\":3,\"superColumn\":false,\"tableId\":3,\"updateBy\":\"\",\"usableColumn\":false}],\"crud\":true,\"functionAuthor\":\"ruoyi\",\"functionName\":\"制造执行MES-工厂建模设备信息子\",\"genPath\":\"/\",\"genType\":\"0\",\"moduleName\":\"mes\",\"options\":\"{\\\"parentMenuId\\\":2000}\",\"packageName\":\"com.ruoyi.mes\",\"params\":{\"parentMenuId\":2000},\"parentMenuId\":\"2000\",\"sub\":false,\"tableComment\":\"制造执行MES-工厂建模设备信息子表\",\"tableId\":3,\"tableName\":\"mes_factory_device_item\",\"tplCategory\":\"crud\",\"tplWebTyp','{\"msg\":\"操作成功\",\"code\":200}',0,NULL,'2024-07-01 14:24:10',17),(136,'代码生成',2,'com.ruoyi.generator.controller.GenController.editSave()','PUT',1,'admin','研发部门','/tool/gen','127.0.0.1','内网IP','{\"businessName\":\"factory\",\"className\":\"MesFactoryDeviceItem\",\"columns\":[{\"capJavaField\":\"Id\",\"columnComment\":\"序号\",\"columnId\":9,\"columnName\":\"id\",\"columnType\":\"bigint unsigned\",\"createBy\":\"admin\",\"createTime\":\"2024-07-01 14:21:43\",\"dictType\":\"\",\"edit\":false,\"increment\":true,\"insert\":true,\"isIncrement\":\"1\",\"isInsert\":\"1\",\"isPk\":\"1\",\"isRequired\":\"0\",\"javaField\":\"id\",\"javaType\":\"Long\",\"list\":false,\"params\":{},\"pk\":true,\"query\":false,\"queryType\":\"EQ\",\"required\":false,\"sort\":1,\"superColumn\":false,\"tableId\":3,\"updateBy\":\"\",\"updateTime\":\"2024-07-01 14:24:10\",\"usableColumn\":false},{\"capJavaField\":\"FactoryId\",\"columnComment\":\"工厂建模ID\",\"columnId\":10,\"columnName\":\"factory_id\",\"columnType\":\"bigint\",\"createBy\":\"admin\",\"createTime\":\"2024-07-01 14:21:43\",\"dictType\":\"\",\"edit\":true,\"htmlType\":\"input\",\"increment\":false,\"insert\":true,\"isEdit\":\"1\",\"isIncrement\":\"0\",\"isInsert\":\"1\",\"isList\":\"1\",\"isPk\":\"0\",\"isQuery\":\"1\",\"isRequired\":\"0\",\"javaField\":\"factoryId\",\"javaType\":\"Long\",\"list\":true,\"params\":{},\"pk\":false,\"query\":true,\"queryType\":\"EQ\",\"required\":false,\"sort\":2,\"superColumn\":false,\"tableId\":3,\"updateBy\":\"\",\"updateTime\":\"2024-07-01 14:24:10\",\"usableColumn\":false},{\"capJavaField\":\"DeviceId\",\"columnComment\":\"设备ID\",\"columnId\":11,\"columnName\":\"device_id\",\"columnType\":\"bigint\",\"createBy\":\"admin\",\"createTime\":\"2024-07-01 14:21:43\",\"dictType\":\"\",\"edit\":true,\"htmlType\":\"input\",\"increment\":false,\"insert\":true,\"isEdit\":\"1\",\"isIncrement\":\"0\",\"isInsert\":\"1\",\"isList\":\"1\",\"isPk\":\"0\",\"isQuery\":\"1\",\"isRequired\":\"0\",\"javaField\":\"deviceId\",\"javaType\":\"Long\",\"list\":true,\"params\":{},\"pk\":false,\"query\":true,\"queryType\":\"EQ\",\"required\":false,\"sort\":3,\"superColumn\":false,\"tableId\":3,\"updateBy\":\"\",\"updateTime\":\"2024-07-01 14:24:10\",\"usableColumn\":false}],\"crud\":true,\"functionAuthor\":\"ruoyi\",\"functionName\":\"制造执行MES-工厂建模设备信息子\",\"genPath\":\"/\",\"genType\":\"0\",\"moduleName\":\"mes\",\"options\":\"{\\\"parentMenuId\\\":\\\"2000\\\"}\",\"packageName\":\"com.ruoyi.mes\",\"params\":{\"parentMenuId\":\"2000\"},\"parentMenuId\":\"2000\",\"sub\":false,\"ta','{\"msg\":\"操作成功\",\"code\":200}',0,NULL,'2024-07-01 14:24:21',10),(137,'代码生成',2,'com.ruoyi.generator.controller.GenController.editSave()','PUT',1,'admin','研发部门','/tool/gen','127.0.0.1','内网IP','{\"businessName\":\"factory\",\"className\":\"MesFactory\",\"columns\":[{\"capJavaField\":\"Id\",\"columnComment\":\"编号\",\"columnId\":5,\"columnName\":\"id\",\"columnType\":\"bigint unsigned\",\"createBy\":\"admin\",\"createTime\":\"2024-07-01 14:20:27\",\"dictType\":\"\",\"edit\":false,\"increment\":true,\"insert\":false,\"isIncrement\":\"1\",\"isInsert\":\"0\",\"isList\":\"1\",\"isPk\":\"1\",\"isRequired\":\"0\",\"javaField\":\"id\",\"javaType\":\"Long\",\"list\":true,\"params\":{},\"pk\":true,\"query\":false,\"queryType\":\"EQ\",\"required\":false,\"sort\":1,\"superColumn\":false,\"tableId\":2,\"updateBy\":\"\",\"updateTime\":\"2024-07-01 14:22:50\",\"usableColumn\":false},{\"capJavaField\":\"ProductionLine\",\"columnComment\":\"生产线名称\",\"columnId\":6,\"columnName\":\"production_line\",\"columnType\":\"varchar(255)\",\"createBy\":\"admin\",\"createTime\":\"2024-07-01 14:20:27\",\"dictType\":\"\",\"edit\":true,\"htmlType\":\"input\",\"increment\":false,\"insert\":true,\"isEdit\":\"1\",\"isIncrement\":\"0\",\"isInsert\":\"1\",\"isList\":\"1\",\"isPk\":\"0\",\"isQuery\":\"1\",\"isRequired\":\"0\",\"javaField\":\"productionLine\",\"javaType\":\"String\",\"list\":true,\"params\":{},\"pk\":false,\"query\":true,\"queryType\":\"EQ\",\"required\":false,\"sort\":2,\"superColumn\":false,\"tableId\":2,\"updateBy\":\"\",\"updateTime\":\"2024-07-01 14:22:50\",\"usableColumn\":false},{\"capJavaField\":\"FactoryDescribe\",\"columnComment\":\"描述\",\"columnId\":7,\"columnName\":\"factory_describe\",\"columnType\":\"varchar(255)\",\"createBy\":\"admin\",\"createTime\":\"2024-07-01 14:20:27\",\"dictType\":\"\",\"edit\":true,\"htmlType\":\"input\",\"increment\":false,\"insert\":true,\"isEdit\":\"1\",\"isIncrement\":\"0\",\"isInsert\":\"1\",\"isList\":\"1\",\"isPk\":\"0\",\"isQuery\":\"0\",\"isRequired\":\"0\",\"javaField\":\"factoryDescribe\",\"javaType\":\"String\",\"list\":true,\"params\":{},\"pk\":false,\"query\":false,\"queryType\":\"EQ\",\"required\":false,\"sort\":3,\"superColumn\":false,\"tableId\":2,\"updateBy\":\"\",\"updateTime\":\"2024-07-01 14:22:50\",\"usableColumn\":false},{\"capJavaField\":\"MaterialId\",\"columnComment\":\"物料ID\",\"columnId\":8,\"columnName\":\"material_id\",\"columnType\":\"bigint\",\"createBy\":\"admin\",\"createTime\":\"2024-07-01 14:20:27\",\"dictType\":\"\",\"edit\":true,\"htmlType\":\"inp','{\"msg\":\"操作成功\",\"code\":200}',0,NULL,'2024-07-01 14:24:56',21),(138,'代码生成',6,'com.ruoyi.generator.controller.GenController.importTableSave()','POST',1,'admin','研发部门','/tool/gen/importTable','127.0.0.1','内网IP','{\"tables\":\"departments_students,employment_info,system_logs,employment_analysis\"}','{\"msg\":\"操作成功\",\"code\":200}',0,NULL,'2024-07-02 11:18:56',103),(139,'代码生成',2,'com.ruoyi.generator.controller.GenController.editSave()','PUT',1,'admin','研发部门','/tool/gen','127.0.0.1','内网IP','{\"businessName\":\"department_student\",\"className\":\"DepartmentsStudents\",\"columns\":[{\"capJavaField\":\"Id\",\"columnComment\":\"记录ID\",\"columnId\":12,\"columnName\":\"id\",\"columnType\":\"bigint unsigned\",\"createBy\":\"admin\",\"createTime\":\"2024-07-02 11:18:56\",\"dictType\":\"\",\"edit\":false,\"increment\":true,\"insert\":true,\"isIncrement\":\"1\",\"isInsert\":\"1\",\"isPk\":\"1\",\"isRequired\":\"0\",\"javaField\":\"id\",\"javaType\":\"Long\",\"list\":false,\"params\":{},\"pk\":true,\"query\":false,\"queryType\":\"EQ\",\"required\":false,\"sort\":1,\"superColumn\":false,\"tableId\":4,\"updateBy\":\"\",\"usableColumn\":false},{\"capJavaField\":\"CollegeId\",\"columnComment\":\"高校ID\",\"columnId\":13,\"columnName\":\"college_id\",\"columnType\":\"bigint\",\"createBy\":\"admin\",\"createTime\":\"2024-07-02 11:18:56\",\"dictType\":\"\",\"edit\":true,\"htmlType\":\"input\",\"increment\":false,\"insert\":true,\"isEdit\":\"1\",\"isIncrement\":\"0\",\"isInsert\":\"1\",\"isList\":\"1\",\"isPk\":\"0\",\"isQuery\":\"1\",\"isRequired\":\"1\",\"javaField\":\"collegeId\",\"javaType\":\"Long\",\"list\":true,\"params\":{},\"pk\":false,\"query\":true,\"queryType\":\"EQ\",\"required\":true,\"sort\":2,\"superColumn\":false,\"tableId\":4,\"updateBy\":\"\",\"usableColumn\":false},{\"capJavaField\":\"CollegeName\",\"columnComment\":\"高校名称\",\"columnId\":14,\"columnName\":\"college_name\",\"columnType\":\"varchar(255)\",\"createBy\":\"admin\",\"createTime\":\"2024-07-02 11:18:56\",\"dictType\":\"\",\"edit\":true,\"htmlType\":\"input\",\"increment\":false,\"insert\":true,\"isEdit\":\"1\",\"isIncrement\":\"0\",\"isInsert\":\"1\",\"isList\":\"1\",\"isPk\":\"0\",\"isQuery\":\"1\",\"isRequired\":\"1\",\"javaField\":\"collegeName\",\"javaType\":\"String\",\"list\":true,\"params\":{},\"pk\":false,\"query\":true,\"queryType\":\"LIKE\",\"required\":true,\"sort\":3,\"superColumn\":false,\"tableId\":4,\"updateBy\":\"\",\"usableColumn\":false},{\"capJavaField\":\"DepartmentId\",\"columnComment\":\"院系ID\",\"columnId\":15,\"columnName\":\"department_id\",\"columnType\":\"bigint\",\"createBy\":\"admin\",\"createTime\":\"2024-07-02 11:18:56\",\"dictType\":\"\",\"edit\":true,\"htmlType\":\"input\",\"increment\":false,\"insert\":true,\"isEdit\":\"1\",\"isIncrement\":\"0\",\"isInsert\":\"1\",\"isList\":\"1\",\"isPk\":\"0\",\"isQuery\":\"1\",\"is','{\"msg\":\"操作成功\",\"code\":200}',0,NULL,'2024-07-02 11:20:42',28),(140,'菜单管理',1,'com.ruoyi.web.controller.system.SysMenuController.add()','POST',1,'admin','研发部门','/system/menu','127.0.0.1','内网IP','{\"children\":[],\"createBy\":\"admin\",\"icon\":\"education\",\"isCache\":\"0\",\"isFrame\":\"1\",\"menuName\":\"学生就业信息\",\"menuType\":\"M\",\"orderNum\":22,\"params\":{},\"parentId\":0,\"path\":\"employment\",\"status\":\"0\",\"visible\":\"0\"}','{\"msg\":\"操作成功\",\"code\":200}',0,NULL,'2024-07-02 11:24:37',17),(141,'代码生成',2,'com.ruoyi.generator.controller.GenController.editSave()','PUT',1,'admin','研发部门','/tool/gen','127.0.0.1','内网IP','{\"businessName\":\"department_student\",\"className\":\"DepartmentsStudents\",\"columns\":[{\"capJavaField\":\"Id\",\"columnComment\":\"记录ID\",\"columnId\":12,\"columnName\":\"id\",\"columnType\":\"bigint unsigned\",\"createBy\":\"admin\",\"createTime\":\"2024-07-02 11:18:56\",\"dictType\":\"\",\"edit\":false,\"increment\":true,\"insert\":true,\"isIncrement\":\"1\",\"isInsert\":\"1\",\"isPk\":\"1\",\"isRequired\":\"0\",\"javaField\":\"id\",\"javaType\":\"Long\",\"list\":false,\"params\":{},\"pk\":true,\"query\":false,\"queryType\":\"EQ\",\"required\":false,\"sort\":1,\"superColumn\":false,\"tableId\":4,\"updateBy\":\"\",\"updateTime\":\"2024-07-02 11:20:41\",\"usableColumn\":false},{\"capJavaField\":\"CollegeId\",\"columnComment\":\"高校ID\",\"columnId\":13,\"columnName\":\"college_id\",\"columnType\":\"bigint\",\"createBy\":\"admin\",\"createTime\":\"2024-07-02 11:18:56\",\"dictType\":\"\",\"edit\":true,\"htmlType\":\"input\",\"increment\":false,\"insert\":true,\"isEdit\":\"1\",\"isIncrement\":\"0\",\"isInsert\":\"1\",\"isList\":\"1\",\"isPk\":\"0\",\"isQuery\":\"1\",\"isRequired\":\"1\",\"javaField\":\"collegeId\",\"javaType\":\"Long\",\"list\":true,\"params\":{},\"pk\":false,\"query\":true,\"queryType\":\"EQ\",\"required\":true,\"sort\":2,\"superColumn\":false,\"tableId\":4,\"updateBy\":\"\",\"updateTime\":\"2024-07-02 11:20:41\",\"usableColumn\":false},{\"capJavaField\":\"CollegeName\",\"columnComment\":\"高校名称\",\"columnId\":14,\"columnName\":\"college_name\",\"columnType\":\"varchar(255)\",\"createBy\":\"admin\",\"createTime\":\"2024-07-02 11:18:56\",\"dictType\":\"\",\"edit\":true,\"htmlType\":\"input\",\"increment\":false,\"insert\":true,\"isEdit\":\"1\",\"isIncrement\":\"0\",\"isInsert\":\"1\",\"isList\":\"1\",\"isPk\":\"0\",\"isQuery\":\"1\",\"isRequired\":\"1\",\"javaField\":\"collegeName\",\"javaType\":\"String\",\"list\":true,\"params\":{},\"pk\":false,\"query\":true,\"queryType\":\"LIKE\",\"required\":true,\"sort\":3,\"superColumn\":false,\"tableId\":4,\"updateBy\":\"\",\"updateTime\":\"2024-07-02 11:20:41\",\"usableColumn\":false},{\"capJavaField\":\"DepartmentId\",\"columnComment\":\"院系ID\",\"columnId\":15,\"columnName\":\"department_id\",\"columnType\":\"bigint\",\"createBy\":\"admin\",\"createTime\":\"2024-07-02 11:18:56\",\"dictType\":\"\",\"edit\":true,\"htmlType\":\"input\",\"increment\":fa','{\"msg\":\"操作成功\",\"code\":200}',0,NULL,'2024-07-02 11:25:18',21),(142,'代码生成',2,'com.ruoyi.generator.controller.GenController.editSave()','PUT',1,'admin','研发部门','/tool/gen','127.0.0.1','内网IP','{\"businessName\":\"employment_info\",\"className\":\"EmploymentInfo\",\"columns\":[{\"capJavaField\":\"EmploymentId\",\"columnComment\":\"就业信息ID\",\"columnId\":33,\"columnName\":\"employment_id\",\"columnType\":\"bigint unsigned\",\"createBy\":\"admin\",\"createTime\":\"2024-07-02 11:18:56\",\"dictType\":\"\",\"edit\":false,\"increment\":true,\"insert\":true,\"isIncrement\":\"1\",\"isInsert\":\"1\",\"isPk\":\"1\",\"isRequired\":\"0\",\"javaField\":\"employmentId\",\"javaType\":\"Long\",\"list\":false,\"params\":{},\"pk\":true,\"query\":false,\"queryType\":\"EQ\",\"required\":false,\"sort\":1,\"superColumn\":false,\"tableId\":6,\"updateBy\":\"\",\"usableColumn\":false},{\"capJavaField\":\"StudentId\",\"columnComment\":\"学生ID\",\"columnId\":34,\"columnName\":\"student_id\",\"columnType\":\"bigint\",\"createBy\":\"admin\",\"createTime\":\"2024-07-02 11:18:56\",\"dictType\":\"\",\"edit\":true,\"htmlType\":\"input\",\"increment\":false,\"insert\":true,\"isEdit\":\"1\",\"isIncrement\":\"0\",\"isInsert\":\"1\",\"isList\":\"1\",\"isPk\":\"0\",\"isQuery\":\"1\",\"isRequired\":\"1\",\"javaField\":\"studentId\",\"javaType\":\"Long\",\"list\":true,\"params\":{},\"pk\":false,\"query\":true,\"queryType\":\"EQ\",\"required\":true,\"sort\":2,\"superColumn\":false,\"tableId\":6,\"updateBy\":\"\",\"usableColumn\":false},{\"capJavaField\":\"CompanyName\",\"columnComment\":\"公司名称\",\"columnId\":35,\"columnName\":\"company_name\",\"columnType\":\"varchar(255)\",\"createBy\":\"admin\",\"createTime\":\"2024-07-02 11:18:56\",\"dictType\":\"\",\"edit\":true,\"htmlType\":\"input\",\"increment\":false,\"insert\":true,\"isEdit\":\"1\",\"isIncrement\":\"0\",\"isInsert\":\"1\",\"isList\":\"1\",\"isPk\":\"0\",\"isQuery\":\"1\",\"isRequired\":\"0\",\"javaField\":\"companyName\",\"javaType\":\"String\",\"list\":true,\"params\":{},\"pk\":false,\"query\":true,\"queryType\":\"LIKE\",\"required\":false,\"sort\":3,\"superColumn\":false,\"tableId\":6,\"updateBy\":\"\",\"usableColumn\":false},{\"capJavaField\":\"Position\",\"columnComment\":\"职位\",\"columnId\":36,\"columnName\":\"position\",\"columnType\":\"varchar(255)\",\"createBy\":\"admin\",\"createTime\":\"2024-07-02 11:18:56\",\"dictType\":\"\",\"edit\":true,\"htmlType\":\"input\",\"increment\":false,\"insert\":true,\"isEdit\":\"1\",\"isIncrement\":\"0\",\"isInsert\":\"1\",\"isList\":\"1\",\"isPk\":','{\"msg\":\"操作成功\",\"code\":200}',0,NULL,'2024-07-02 11:26:21',13),(143,'代码生成',2,'com.ruoyi.generator.controller.GenController.editSave()','PUT',1,'admin','研发部门','/tool/gen','127.0.0.1','内网IP','{\"businessName\":\"departments_students\",\"className\":\"DepartmentsStudents\",\"columns\":[{\"capJavaField\":\"Id\",\"columnComment\":\"记录ID\",\"columnId\":12,\"columnName\":\"id\",\"columnType\":\"bigint unsigned\",\"createBy\":\"admin\",\"createTime\":\"2024-07-02 11:18:56\",\"dictType\":\"\",\"edit\":false,\"increment\":true,\"insert\":true,\"isIncrement\":\"1\",\"isInsert\":\"1\",\"isPk\":\"1\",\"isRequired\":\"0\",\"javaField\":\"id\",\"javaType\":\"Long\",\"list\":false,\"params\":{},\"pk\":true,\"query\":false,\"queryType\":\"EQ\",\"required\":false,\"sort\":1,\"superColumn\":false,\"tableId\":4,\"updateBy\":\"\",\"updateTime\":\"2024-07-02 11:25:18\",\"usableColumn\":false},{\"capJavaField\":\"CollegeId\",\"columnComment\":\"高校ID\",\"columnId\":13,\"columnName\":\"college_id\",\"columnType\":\"bigint\",\"createBy\":\"admin\",\"createTime\":\"2024-07-02 11:18:56\",\"dictType\":\"\",\"edit\":true,\"htmlType\":\"input\",\"increment\":false,\"insert\":true,\"isEdit\":\"1\",\"isIncrement\":\"0\",\"isInsert\":\"1\",\"isList\":\"1\",\"isPk\":\"0\",\"isQuery\":\"1\",\"isRequired\":\"1\",\"javaField\":\"collegeId\",\"javaType\":\"Long\",\"list\":true,\"params\":{},\"pk\":false,\"query\":true,\"queryType\":\"EQ\",\"required\":true,\"sort\":2,\"superColumn\":false,\"tableId\":4,\"updateBy\":\"\",\"updateTime\":\"2024-07-02 11:25:18\",\"usableColumn\":false},{\"capJavaField\":\"CollegeName\",\"columnComment\":\"高校名称\",\"columnId\":14,\"columnName\":\"college_name\",\"columnType\":\"varchar(255)\",\"createBy\":\"admin\",\"createTime\":\"2024-07-02 11:18:56\",\"dictType\":\"\",\"edit\":true,\"htmlType\":\"input\",\"increment\":false,\"insert\":true,\"isEdit\":\"1\",\"isIncrement\":\"0\",\"isInsert\":\"1\",\"isList\":\"1\",\"isPk\":\"0\",\"isQuery\":\"1\",\"isRequired\":\"1\",\"javaField\":\"collegeName\",\"javaType\":\"String\",\"list\":true,\"params\":{},\"pk\":false,\"query\":true,\"queryType\":\"LIKE\",\"required\":true,\"sort\":3,\"superColumn\":false,\"tableId\":4,\"updateBy\":\"\",\"updateTime\":\"2024-07-02 11:25:18\",\"usableColumn\":false},{\"capJavaField\":\"DepartmentId\",\"columnComment\":\"院系ID\",\"columnId\":15,\"columnName\":\"department_id\",\"columnType\":\"bigint\",\"createBy\":\"admin\",\"createTime\":\"2024-07-02 11:18:56\",\"dictType\":\"\",\"edit\":true,\"htmlType\":\"input\",\"increment\":','{\"msg\":\"操作成功\",\"code\":200}',0,NULL,'2024-07-02 11:26:52',15),(144,'代码生成',2,'com.ruoyi.generator.controller.GenController.editSave()','PUT',1,'admin','研发部门','/tool/gen','127.0.0.1','内网IP','{\"businessName\":\"employment_info\",\"className\":\"EmploymentInfo\",\"columns\":[{\"capJavaField\":\"EmploymentId\",\"columnComment\":\"就业信息ID\",\"columnId\":33,\"columnName\":\"employment_id\",\"columnType\":\"bigint unsigned\",\"createBy\":\"admin\",\"createTime\":\"2024-07-02 11:18:56\",\"dictType\":\"\",\"edit\":false,\"increment\":true,\"insert\":true,\"isIncrement\":\"1\",\"isInsert\":\"1\",\"isPk\":\"1\",\"isRequired\":\"0\",\"javaField\":\"employmentId\",\"javaType\":\"Long\",\"list\":false,\"params\":{},\"pk\":true,\"query\":false,\"queryType\":\"EQ\",\"required\":false,\"sort\":1,\"superColumn\":false,\"tableId\":6,\"updateBy\":\"\",\"updateTime\":\"2024-07-02 11:26:21\",\"usableColumn\":false},{\"capJavaField\":\"StudentId\",\"columnComment\":\"学生ID\",\"columnId\":34,\"columnName\":\"student_id\",\"columnType\":\"bigint\",\"createBy\":\"admin\",\"createTime\":\"2024-07-02 11:18:56\",\"dictType\":\"\",\"edit\":true,\"htmlType\":\"input\",\"increment\":false,\"insert\":true,\"isEdit\":\"1\",\"isIncrement\":\"0\",\"isInsert\":\"1\",\"isList\":\"1\",\"isPk\":\"0\",\"isQuery\":\"1\",\"isRequired\":\"1\",\"javaField\":\"studentId\",\"javaType\":\"Long\",\"list\":true,\"params\":{},\"pk\":false,\"query\":true,\"queryType\":\"EQ\",\"required\":true,\"sort\":2,\"superColumn\":false,\"tableId\":6,\"updateBy\":\"\",\"updateTime\":\"2024-07-02 11:26:21\",\"usableColumn\":false},{\"capJavaField\":\"CompanyName\",\"columnComment\":\"公司名称\",\"columnId\":35,\"columnName\":\"company_name\",\"columnType\":\"varchar(255)\",\"createBy\":\"admin\",\"createTime\":\"2024-07-02 11:18:56\",\"dictType\":\"\",\"edit\":true,\"htmlType\":\"input\",\"increment\":false,\"insert\":true,\"isEdit\":\"1\",\"isIncrement\":\"0\",\"isInsert\":\"1\",\"isList\":\"1\",\"isPk\":\"0\",\"isQuery\":\"1\",\"isRequired\":\"0\",\"javaField\":\"companyName\",\"javaType\":\"String\",\"list\":true,\"params\":{},\"pk\":false,\"query\":true,\"queryType\":\"LIKE\",\"required\":false,\"sort\":3,\"superColumn\":false,\"tableId\":6,\"updateBy\":\"\",\"updateTime\":\"2024-07-02 11:26:21\",\"usableColumn\":false},{\"capJavaField\":\"Position\",\"columnComment\":\"职位\",\"columnId\":36,\"columnName\":\"position\",\"columnType\":\"varchar(255)\",\"createBy\":\"admin\",\"createTime\":\"2024-07-02 11:18:56\",\"dictType\":\"\",\"edit\":true,\"htmlType\":\"','{\"msg\":\"操作成功\",\"code\":200}',0,NULL,'2024-07-02 11:27:32',11),(145,'代码生成',2,'com.ruoyi.generator.controller.GenController.editSave()','PUT',1,'admin','研发部门','/tool/gen','127.0.0.1','内网IP','{\"businessName\":\"employment_info\",\"className\":\"EmploymentInfo\",\"columns\":[{\"capJavaField\":\"EmploymentId\",\"columnComment\":\"就业信息ID\",\"columnId\":33,\"columnName\":\"employment_id\",\"columnType\":\"bigint unsigned\",\"createBy\":\"admin\",\"createTime\":\"2024-07-02 11:18:56\",\"dictType\":\"\",\"edit\":false,\"increment\":true,\"insert\":true,\"isIncrement\":\"1\",\"isInsert\":\"1\",\"isPk\":\"1\",\"isRequired\":\"0\",\"javaField\":\"employmentId\",\"javaType\":\"Long\",\"list\":false,\"params\":{},\"pk\":true,\"query\":false,\"queryType\":\"EQ\",\"required\":false,\"sort\":1,\"superColumn\":false,\"tableId\":6,\"updateBy\":\"\",\"updateTime\":\"2024-07-02 11:27:32\",\"usableColumn\":false},{\"capJavaField\":\"StudentId\",\"columnComment\":\"学生ID\",\"columnId\":34,\"columnName\":\"student_id\",\"columnType\":\"bigint\",\"createBy\":\"admin\",\"createTime\":\"2024-07-02 11:18:56\",\"dictType\":\"\",\"edit\":true,\"htmlType\":\"input\",\"increment\":false,\"insert\":true,\"isEdit\":\"1\",\"isIncrement\":\"0\",\"isInsert\":\"1\",\"isList\":\"1\",\"isPk\":\"0\",\"isQuery\":\"1\",\"isRequired\":\"1\",\"javaField\":\"studentId\",\"javaType\":\"Long\",\"list\":true,\"params\":{},\"pk\":false,\"query\":true,\"queryType\":\"EQ\",\"required\":true,\"sort\":2,\"superColumn\":false,\"tableId\":6,\"updateBy\":\"\",\"updateTime\":\"2024-07-02 11:27:32\",\"usableColumn\":false},{\"capJavaField\":\"CompanyName\",\"columnComment\":\"公司名称\",\"columnId\":35,\"columnName\":\"company_name\",\"columnType\":\"varchar(255)\",\"createBy\":\"admin\",\"createTime\":\"2024-07-02 11:18:56\",\"dictType\":\"\",\"edit\":true,\"htmlType\":\"input\",\"increment\":false,\"insert\":true,\"isEdit\":\"1\",\"isIncrement\":\"0\",\"isInsert\":\"1\",\"isList\":\"1\",\"isPk\":\"0\",\"isQuery\":\"1\",\"isRequired\":\"0\",\"javaField\":\"companyName\",\"javaType\":\"String\",\"list\":true,\"params\":{},\"pk\":false,\"query\":true,\"queryType\":\"LIKE\",\"required\":false,\"sort\":3,\"superColumn\":false,\"tableId\":6,\"updateBy\":\"\",\"updateTime\":\"2024-07-02 11:27:32\",\"usableColumn\":false},{\"capJavaField\":\"Position\",\"columnComment\":\"职位\",\"columnId\":36,\"columnName\":\"position\",\"columnType\":\"varchar(255)\",\"createBy\":\"admin\",\"createTime\":\"2024-07-02 11:18:56\",\"dictType\":\"\",\"edit\":true,\"htmlType\":\"','{\"msg\":\"操作成功\",\"code\":200}',0,NULL,'2024-07-02 11:27:56',11),(146,'代码生成',2,'com.ruoyi.generator.controller.GenController.editSave()','PUT',1,'admin','研发部门','/tool/gen','127.0.0.1','内网IP','{\"businessName\":\"employment_analysis\",\"className\":\"EmploymentAnalysis\",\"columns\":[{\"capJavaField\":\"AnalysisId\",\"columnComment\":\"分析ID\",\"columnId\":24,\"columnName\":\"analysis_id\",\"columnType\":\"bigint unsigned\",\"createBy\":\"admin\",\"createTime\":\"2024-07-02 11:18:56\",\"dictType\":\"\",\"edit\":false,\"increment\":true,\"insert\":true,\"isIncrement\":\"1\",\"isInsert\":\"1\",\"isPk\":\"1\",\"isRequired\":\"0\",\"javaField\":\"analysisId\",\"javaType\":\"String\",\"list\":false,\"params\":{},\"pk\":true,\"query\":false,\"queryType\":\"EQ\",\"required\":false,\"sort\":1,\"superColumn\":false,\"tableId\":5,\"updateBy\":\"\",\"usableColumn\":false},{\"capJavaField\":\"StudentId\",\"columnComment\":\"学生ID\",\"columnId\":25,\"columnName\":\"student_id\",\"columnType\":\"bigint\",\"createBy\":\"admin\",\"createTime\":\"2024-07-02 11:18:56\",\"dictType\":\"\",\"edit\":true,\"htmlType\":\"input\",\"increment\":false,\"insert\":true,\"isEdit\":\"1\",\"isIncrement\":\"0\",\"isInsert\":\"1\",\"isList\":\"1\",\"isPk\":\"0\",\"isQuery\":\"1\",\"isRequired\":\"1\",\"javaField\":\"studentId\",\"javaType\":\"Long\",\"list\":true,\"params\":{},\"pk\":false,\"query\":true,\"queryType\":\"EQ\",\"required\":true,\"sort\":2,\"superColumn\":false,\"tableId\":5,\"updateBy\":\"\",\"usableColumn\":false},{\"capJavaField\":\"DepartmentId\",\"columnComment\":\"院系ID\",\"columnId\":26,\"columnName\":\"department_id\",\"columnType\":\"bigint\",\"createBy\":\"admin\",\"createTime\":\"2024-07-02 11:18:56\",\"dictType\":\"\",\"edit\":true,\"htmlType\":\"input\",\"increment\":false,\"insert\":true,\"isEdit\":\"1\",\"isIncrement\":\"0\",\"isInsert\":\"1\",\"isList\":\"1\",\"isPk\":\"0\",\"isQuery\":\"1\",\"isRequired\":\"1\",\"javaField\":\"departmentId\",\"javaType\":\"Long\",\"list\":true,\"params\":{},\"pk\":false,\"query\":true,\"queryType\":\"EQ\",\"required\":true,\"sort\":3,\"superColumn\":false,\"tableId\":5,\"updateBy\":\"\",\"usableColumn\":false},{\"capJavaField\":\"MajorId\",\"columnComment\":\"专业ID\",\"columnId\":27,\"columnName\":\"major_id\",\"columnType\":\"bigint\",\"createBy\":\"admin\",\"createTime\":\"2024-07-02 11:18:56\",\"dictType\":\"\",\"edit\":true,\"htmlType\":\"input\",\"increment\":false,\"insert\":true,\"isEdit\":\"1\",\"isIncrement\":\"0\",\"isInsert\":\"1\",\"isList\":\"1\",\"isPk\":\"0\",\"isQuer','{\"msg\":\"操作成功\",\"code\":200}',0,NULL,'2024-07-02 11:28:24',13),(147,'代码生成',2,'com.ruoyi.generator.controller.GenController.editSave()','PUT',1,'admin','研发部门','/tool/gen','127.0.0.1','内网IP','{\"businessName\":\"employment_analysis\",\"className\":\"EmploymentAnalysis\",\"columns\":[{\"capJavaField\":\"AnalysisId\",\"columnComment\":\"分析ID\",\"columnId\":24,\"columnName\":\"analysis_id\",\"columnType\":\"bigint unsigned\",\"createBy\":\"admin\",\"createTime\":\"2024-07-02 11:18:56\",\"dictType\":\"\",\"edit\":false,\"increment\":true,\"insert\":true,\"isIncrement\":\"1\",\"isInsert\":\"1\",\"isPk\":\"1\",\"isRequired\":\"0\",\"javaField\":\"analysisId\",\"javaType\":\"String\",\"list\":false,\"params\":{},\"pk\":true,\"query\":false,\"queryType\":\"EQ\",\"required\":false,\"sort\":1,\"superColumn\":false,\"tableId\":5,\"updateBy\":\"\",\"updateTime\":\"2024-07-02 11:28:24\",\"usableColumn\":false},{\"capJavaField\":\"StudentId\",\"columnComment\":\"学生ID\",\"columnId\":25,\"columnName\":\"student_id\",\"columnType\":\"bigint\",\"createBy\":\"admin\",\"createTime\":\"2024-07-02 11:18:56\",\"dictType\":\"\",\"edit\":true,\"htmlType\":\"input\",\"increment\":false,\"insert\":true,\"isEdit\":\"1\",\"isIncrement\":\"0\",\"isInsert\":\"1\",\"isList\":\"1\",\"isPk\":\"0\",\"isQuery\":\"1\",\"isRequired\":\"1\",\"javaField\":\"studentId\",\"javaType\":\"Long\",\"list\":true,\"params\":{},\"pk\":false,\"query\":true,\"queryType\":\"EQ\",\"required\":true,\"sort\":2,\"superColumn\":false,\"tableId\":5,\"updateBy\":\"\",\"updateTime\":\"2024-07-02 11:28:24\",\"usableColumn\":false},{\"capJavaField\":\"DepartmentId\",\"columnComment\":\"院系ID\",\"columnId\":26,\"columnName\":\"department_id\",\"columnType\":\"bigint\",\"createBy\":\"admin\",\"createTime\":\"2024-07-02 11:18:56\",\"dictType\":\"\",\"edit\":true,\"htmlType\":\"input\",\"increment\":false,\"insert\":true,\"isEdit\":\"1\",\"isIncrement\":\"0\",\"isInsert\":\"1\",\"isList\":\"1\",\"isPk\":\"0\",\"isQuery\":\"1\",\"isRequired\":\"1\",\"javaField\":\"departmentId\",\"javaType\":\"Long\",\"list\":true,\"params\":{},\"pk\":false,\"query\":true,\"queryType\":\"EQ\",\"required\":true,\"sort\":3,\"superColumn\":false,\"tableId\":5,\"updateBy\":\"\",\"updateTime\":\"2024-07-02 11:28:24\",\"usableColumn\":false},{\"capJavaField\":\"MajorId\",\"columnComment\":\"专业ID\",\"columnId\":27,\"columnName\":\"major_id\",\"columnType\":\"bigint\",\"createBy\":\"admin\",\"createTime\":\"2024-07-02 11:18:56\",\"dictType\":\"\",\"edit\":true,\"htmlType\":\"input\",\"inc','{\"msg\":\"操作成功\",\"code\":200}',0,NULL,'2024-07-02 11:28:45',13),(148,'代码生成',2,'com.ruoyi.generator.controller.GenController.editSave()','PUT',1,'admin','研发部门','/tool/gen','127.0.0.1','内网IP','{\"businessName\":\"employment_info\",\"className\":\"EmploymentInfo\",\"columns\":[{\"capJavaField\":\"EmploymentId\",\"columnComment\":\"就业信息ID\",\"columnId\":33,\"columnName\":\"employment_id\",\"columnType\":\"bigint unsigned\",\"createBy\":\"admin\",\"createTime\":\"2024-07-02 11:18:56\",\"dictType\":\"\",\"edit\":false,\"increment\":true,\"insert\":true,\"isIncrement\":\"1\",\"isInsert\":\"1\",\"isPk\":\"1\",\"isRequired\":\"0\",\"javaField\":\"employmentId\",\"javaType\":\"Long\",\"list\":false,\"params\":{},\"pk\":true,\"query\":false,\"queryType\":\"EQ\",\"required\":false,\"sort\":1,\"superColumn\":false,\"tableId\":6,\"updateBy\":\"\",\"updateTime\":\"2024-07-02 11:27:56\",\"usableColumn\":false},{\"capJavaField\":\"StudentId\",\"columnComment\":\"学生ID\",\"columnId\":34,\"columnName\":\"student_id\",\"columnType\":\"bigint\",\"createBy\":\"admin\",\"createTime\":\"2024-07-02 11:18:56\",\"dictType\":\"\",\"edit\":true,\"htmlType\":\"input\",\"increment\":false,\"insert\":true,\"isEdit\":\"1\",\"isIncrement\":\"0\",\"isInsert\":\"1\",\"isList\":\"1\",\"isPk\":\"0\",\"isQuery\":\"1\",\"isRequired\":\"1\",\"javaField\":\"studentId\",\"javaType\":\"Long\",\"list\":true,\"params\":{},\"pk\":false,\"query\":true,\"queryType\":\"EQ\",\"required\":true,\"sort\":2,\"superColumn\":false,\"tableId\":6,\"updateBy\":\"\",\"updateTime\":\"2024-07-02 11:27:56\",\"usableColumn\":false},{\"capJavaField\":\"CompanyName\",\"columnComment\":\"公司名称\",\"columnId\":35,\"columnName\":\"company_name\",\"columnType\":\"varchar(255)\",\"createBy\":\"admin\",\"createTime\":\"2024-07-02 11:18:56\",\"dictType\":\"\",\"edit\":true,\"htmlType\":\"input\",\"increment\":false,\"insert\":true,\"isEdit\":\"1\",\"isIncrement\":\"0\",\"isInsert\":\"1\",\"isList\":\"1\",\"isPk\":\"0\",\"isQuery\":\"1\",\"isRequired\":\"0\",\"javaField\":\"companyName\",\"javaType\":\"String\",\"list\":true,\"params\":{},\"pk\":false,\"query\":true,\"queryType\":\"LIKE\",\"required\":false,\"sort\":3,\"superColumn\":false,\"tableId\":6,\"updateBy\":\"\",\"updateTime\":\"2024-07-02 11:27:56\",\"usableColumn\":false},{\"capJavaField\":\"Position\",\"columnComment\":\"职位\",\"columnId\":36,\"columnName\":\"position\",\"columnType\":\"varchar(255)\",\"createBy\":\"admin\",\"createTime\":\"2024-07-02 11:18:56\",\"dictType\":\"\",\"edit\":true,\"htmlType\":\"','{\"msg\":\"操作成功\",\"code\":200}',0,NULL,'2024-07-02 11:29:00',10),(149,'代码生成',8,'com.ruoyi.generator.controller.GenController.batchGenCode()','GET',1,'admin','研发部门','/tool/gen/batchGenCode','127.0.0.1','内网IP','{\"tables\":\"departments_students\"}',NULL,0,NULL,'2024-07-02 11:29:35',106),(150,'高校院系专业学生信息',1,'com.ruoyi.web.controller.employment.DepartmentsStudentsController.add()','POST',1,'admin','研发部门','/employment/departments_students','127.0.0.1','内网IP','{\"collegeId\":2,\"collegeName\":\"宝鸡职业学院\",\"dateOfBirth\":\"2024-07-03\",\"departmentId\":222,\"departmentName\":\"阿达是的\",\"employmentInfoList\":[{\"companyName\":\"1\",\"employmentDate\":\"2024-07-24\",\"location\":\"阿打算\",\"params\":{},\"position\":\"啊大大\",\"salary\":100000000,\"status\":\"\",\"studentId\":3}],\"gender\":\"男\",\"id\":3,\"majorId\":1231,\"majorName\":\"阿达是的\",\"params\":{},\"studentId\":2021903959,\"studentName\":\"司珂涵\"}',NULL,1,'\r\n### Error updating database.  Cause: com.mysql.cj.jdbc.exceptions.MysqlDataTruncation: Data truncation: Out of range value for column \'salary\' at row 1\r\n### The error may exist in file [I:\\RuoYi-Vue-master\\ruoyi-employment\\target\\classes\\mapper\\employment\\DepartmentsStudentsMapper.xml]\r\n### The error may involve defaultParameterMap\r\n### The error occurred while setting parameters\r\n### SQL: insert into employment_info( employment_id, student_id, company_name, position, salary, employment_date, location, status) values                        ( ?, ?, ?, ?, ?, ?, ?, ?)\r\n### Cause: com.mysql.cj.jdbc.exceptions.MysqlDataTruncation: Data truncation: Out of range value for column \'salary\' at row 1\n; Data truncation: Out of range value for column \'salary\' at row 1; nested exception is com.mysql.cj.jdbc.exceptions.MysqlDataTruncation: Data truncation: Out of range value for column \'salary\' at row 1','2024-07-02 11:45:57',106),(151,'高校院系专业学生信息',1,'com.ruoyi.web.controller.employment.DepartmentsStudentsController.add()','POST',1,'admin','研发部门','/employment/departments_students','127.0.0.1','内网IP','{\"collegeId\":2,\"collegeName\":\"宝鸡职业学院\",\"dateOfBirth\":\"2024-07-03\",\"departmentId\":2,\"departmentName\":\"阿达是的\",\"employmentInfoList\":[{\"companyName\":\"1\",\"employmentDate\":\"2024-07-24\",\"location\":\"阿打算\",\"params\":{},\"position\":\"啊大大\",\"salary\":100000000,\"status\":\"\",\"studentId\":4}],\"gender\":\"男\",\"id\":4,\"majorId\":1231,\"majorName\":\"阿达是的\",\"params\":{},\"studentId\":2021903959,\"studentName\":\"司珂涵\"}',NULL,1,'\r\n### Error updating database.  Cause: com.mysql.cj.jdbc.exceptions.MysqlDataTruncation: Data truncation: Out of range value for column \'salary\' at row 1\r\n### The error may exist in file [I:\\RuoYi-Vue-master\\ruoyi-employment\\target\\classes\\mapper\\employment\\DepartmentsStudentsMapper.xml]\r\n### The error may involve defaultParameterMap\r\n### The error occurred while setting parameters\r\n### SQL: insert into employment_info( employment_id, student_id, company_name, position, salary, employment_date, location, status) values                        ( ?, ?, ?, ?, ?, ?, ?, ?)\r\n### Cause: com.mysql.cj.jdbc.exceptions.MysqlDataTruncation: Data truncation: Out of range value for column \'salary\' at row 1\n; Data truncation: Out of range value for column \'salary\' at row 1; nested exception is com.mysql.cj.jdbc.exceptions.MysqlDataTruncation: Data truncation: Out of range value for column \'salary\' at row 1','2024-07-02 11:46:12',6),(152,'高校院系专业学生信息',1,'com.ruoyi.web.controller.employment.DepartmentsStudentsController.add()','POST',1,'admin','研发部门','/employment/departments_students','127.0.0.1','内网IP','{\"collegeId\":2,\"collegeName\":\"宝鸡职业学院\",\"dateOfBirth\":\"2024-07-03\",\"departmentId\":2,\"departmentName\":\"阿达是的\",\"employmentInfoList\":[{\"companyName\":\"1\",\"employmentDate\":\"2024-07-24\",\"location\":\"阿打算\",\"params\":{},\"position\":\"啊大大\",\"salary\":100000000,\"status\":\"\",\"studentId\":5}],\"gender\":\"男\",\"id\":5,\"majorId\":1231,\"majorName\":\"阿达是的\",\"params\":{},\"studentId\":2021903959,\"studentName\":\"司珂涵\"}',NULL,1,'\r\n### Error updating database.  Cause: com.mysql.cj.jdbc.exceptions.MysqlDataTruncation: Data truncation: Out of range value for column \'salary\' at row 1\r\n### The error may exist in file [I:\\RuoYi-Vue-master\\ruoyi-employment\\target\\classes\\mapper\\employment\\DepartmentsStudentsMapper.xml]\r\n### The error may involve defaultParameterMap\r\n### The error occurred while setting parameters\r\n### SQL: insert into employment_info( employment_id, student_id, company_name, position, salary, employment_date, location, status) values                        ( ?, ?, ?, ?, ?, ?, ?, ?)\r\n### Cause: com.mysql.cj.jdbc.exceptions.MysqlDataTruncation: Data truncation: Out of range value for column \'salary\' at row 1\n; Data truncation: Out of range value for column \'salary\' at row 1; nested exception is com.mysql.cj.jdbc.exceptions.MysqlDataTruncation: Data truncation: Out of range value for column \'salary\' at row 1','2024-07-02 11:46:17',8),(153,'高校院系专业学生信息',1,'com.ruoyi.web.controller.employment.DepartmentsStudentsController.add()','POST',1,'admin','研发部门','/employment/departments_students','127.0.0.1','内网IP','{\"collegeId\":2,\"collegeName\":\"宝鸡职业学院\",\"dateOfBirth\":\"2024-07-03\",\"departmentId\":2,\"departmentName\":\"阿达是的\",\"employmentInfoList\":[{\"companyName\":\"1\",\"employmentDate\":\"2024-07-24\",\"location\":\"阿打算\",\"params\":{},\"position\":\"啊大大\",\"salary\":100000000,\"status\":\"\",\"studentId\":6}],\"gender\":\"男\",\"id\":6,\"majorId\":2,\"majorName\":\"阿达是的\",\"params\":{},\"studentId\":2021903959,\"studentName\":\"司珂涵\"}',NULL,1,'\r\n### Error updating database.  Cause: com.mysql.cj.jdbc.exceptions.MysqlDataTruncation: Data truncation: Out of range value for column \'salary\' at row 1\r\n### The error may exist in file [I:\\RuoYi-Vue-master\\ruoyi-employment\\target\\classes\\mapper\\employment\\DepartmentsStudentsMapper.xml]\r\n### The error may involve defaultParameterMap\r\n### The error occurred while setting parameters\r\n### SQL: insert into employment_info( employment_id, student_id, company_name, position, salary, employment_date, location, status) values                        ( ?, ?, ?, ?, ?, ?, ?, ?)\r\n### Cause: com.mysql.cj.jdbc.exceptions.MysqlDataTruncation: Data truncation: Out of range value for column \'salary\' at row 1\n; Data truncation: Out of range value for column \'salary\' at row 1; nested exception is com.mysql.cj.jdbc.exceptions.MysqlDataTruncation: Data truncation: Out of range value for column \'salary\' at row 1','2024-07-02 11:46:23',6),(154,'高校院系专业学生信息',1,'com.ruoyi.web.controller.employment.DepartmentsStudentsController.add()','POST',1,'admin','研发部门','/employment/departments_students','127.0.0.1','内网IP','{\"collegeId\":2,\"collegeName\":\"宝鸡职业学院\",\"dateOfBirth\":\"2024-07-03\",\"departmentId\":2,\"departmentName\":\"阿达是的\",\"employmentInfoList\":[{\"companyName\":\"1\",\"employmentDate\":\"2024-07-24\",\"location\":\"阿打算\",\"params\":{},\"position\":\"啊大大\",\"salary\":100000,\"status\":\"\",\"studentId\":7}],\"gender\":\"男\",\"id\":7,\"majorId\":2,\"majorName\":\"阿达是的\",\"params\":{},\"studentId\":2021903959,\"studentName\":\"司珂涵\"}',NULL,1,'\r\n### Error updating database.  Cause: java.sql.SQLIntegrityConstraintViolationException: Cannot add or update a child row: a foreign key constraint fails (`ruoyi-vue`.`employment_info`, CONSTRAINT `employment_info_ibfk_1` FOREIGN KEY (`student_id`) REFERENCES `departments_students` (`student_id`))\r\n### The error may exist in file [I:\\RuoYi-Vue-master\\ruoyi-employment\\target\\classes\\mapper\\employment\\DepartmentsStudentsMapper.xml]\r\n### The error may involve defaultParameterMap\r\n### The error occurred while setting parameters\r\n### SQL: insert into employment_info( employment_id, student_id, company_name, position, salary, employment_date, location, status) values                        ( ?, ?, ?, ?, ?, ?, ?, ?)\r\n### Cause: java.sql.SQLIntegrityConstraintViolationException: Cannot add or update a child row: a foreign key constraint fails (`ruoyi-vue`.`employment_info`, CONSTRAINT `employment_info_ibfk_1` FOREIGN KEY (`student_id`) REFERENCES `departments_students` (`student_id`))\n; Cannot add or update a child row: a foreign key constraint fails (`ruoyi-vue`.`employment_info`, CONSTRAINT `employment_info_ibfk_1` FOREIGN KEY (`student_id`) REFERENCES `departments_students` (`student_id`)); nested exception is java.sql.SQLIntegrityConstraintViolationException: Cannot add or update a child row: a foreign key constraint fails (`ruoyi-vue`.`employment_info`, CONSTRAINT `employment_info_ibfk_1` FOREIGN KEY (`student_id`) REFERENCES `departments_students` (`student_id`))','2024-07-02 11:46:50',9),(155,'高校院系专业学生信息',1,'com.ruoyi.web.controller.employment.DepartmentsStudentsController.add()','POST',1,'admin','研发部门','/employment/departments_students','127.0.0.1','内网IP','{\"collegeId\":2,\"collegeName\":\"宝鸡职业学院\",\"dateOfBirth\":\"2024-07-03\",\"departmentId\":2,\"departmentName\":\"阿达是的\",\"employmentInfoList\":[{\"companyName\":\"1\",\"employmentDate\":\"2024-07-24\",\"location\":\"阿打算\",\"params\":{},\"position\":\"啊大大\",\"salary\":1,\"status\":\"\",\"studentId\":8}],\"gender\":\"男\",\"id\":8,\"majorId\":2,\"majorName\":\"阿达是的\",\"params\":{},\"studentId\":2021903959,\"studentName\":\"司珂涵\"}',NULL,1,'\r\n### Error updating database.  Cause: java.sql.SQLIntegrityConstraintViolationException: Cannot add or update a child row: a foreign key constraint fails (`ruoyi-vue`.`employment_info`, CONSTRAINT `employment_info_ibfk_1` FOREIGN KEY (`student_id`) REFERENCES `departments_students` (`student_id`))\r\n### The error may exist in file [I:\\RuoYi-Vue-master\\ruoyi-employment\\target\\classes\\mapper\\employment\\DepartmentsStudentsMapper.xml]\r\n### The error may involve defaultParameterMap\r\n### The error occurred while setting parameters\r\n### SQL: insert into employment_info( employment_id, student_id, company_name, position, salary, employment_date, location, status) values                        ( ?, ?, ?, ?, ?, ?, ?, ?)\r\n### Cause: java.sql.SQLIntegrityConstraintViolationException: Cannot add or update a child row: a foreign key constraint fails (`ruoyi-vue`.`employment_info`, CONSTRAINT `employment_info_ibfk_1` FOREIGN KEY (`student_id`) REFERENCES `departments_students` (`student_id`))\n; Cannot add or update a child row: a foreign key constraint fails (`ruoyi-vue`.`employment_info`, CONSTRAINT `employment_info_ibfk_1` FOREIGN KEY (`student_id`) REFERENCES `departments_students` (`student_id`)); nested exception is java.sql.SQLIntegrityConstraintViolationException: Cannot add or update a child row: a foreign key constraint fails (`ruoyi-vue`.`employment_info`, CONSTRAINT `employment_info_ibfk_1` FOREIGN KEY (`student_id`) REFERENCES `departments_students` (`student_id`))','2024-07-02 11:46:53',7),(156,'高校院系专业学生信息',3,'com.ruoyi.web.controller.employment.DepartmentsStudentsController.remove()','DELETE',1,'admin','研发部门','/employment/departments_students/2','127.0.0.1','内网IP','{}',NULL,1,'\r\n### Error updating database.  Cause: java.sql.SQLIntegrityConstraintViolationException: Cannot delete or update a parent row: a foreign key constraint fails (`ruoyi-vue`.`employment_info`, CONSTRAINT `employment_info_ibfk_1` FOREIGN KEY (`student_id`) REFERENCES `departments_students` (`student_id`))\r\n### The error may exist in file [I:\\RuoYi-Vue-master\\ruoyi-employment\\target\\classes\\mapper\\employment\\DepartmentsStudentsMapper.xml]\r\n### The error may involve com.ruoyi.employment.mapper.DepartmentsStudentsMapper.deleteDepartmentsStudentsByIds-Inline\r\n### The error occurred while setting parameters\r\n### SQL: delete from departments_students where id in           (               ?          )\r\n### Cause: java.sql.SQLIntegrityConstraintViolationException: Cannot delete or update a parent row: a foreign key constraint fails (`ruoyi-vue`.`employment_info`, CONSTRAINT `employment_info_ibfk_1` FOREIGN KEY (`student_id`) REFERENCES `departments_students` (`student_id`))\n; Cannot delete or update a parent row: a foreign key constraint fails (`ruoyi-vue`.`employment_info`, CONSTRAINT `employment_info_ibfk_1` FOREIGN KEY (`student_id`) REFERENCES `departments_students` (`student_id`)); nested exception is java.sql.SQLIntegrityConstraintViolationException: Cannot delete or update a parent row: a foreign key constraint fails (`ruoyi-vue`.`employment_info`, CONSTRAINT `employment_info_ibfk_1` FOREIGN KEY (`student_id`) REFERENCES `departments_students` (`student_id`))','2024-07-02 11:47:32',6),(157,'高校院系专业学生信息',3,'com.ruoyi.web.controller.employment.DepartmentsStudentsController.remove()','DELETE',1,'admin','研发部门','/employment/departments_students/2','127.0.0.1','内网IP','{}',NULL,1,'\r\n### Error updating database.  Cause: java.sql.SQLIntegrityConstraintViolationException: Cannot delete or update a parent row: a foreign key constraint fails (`ruoyi-vue`.`employment_info`, CONSTRAINT `employment_info_ibfk_1` FOREIGN KEY (`student_id`) REFERENCES `departments_students` (`student_id`))\r\n### The error may exist in file [I:\\RuoYi-Vue-master\\ruoyi-employment\\target\\classes\\mapper\\employment\\DepartmentsStudentsMapper.xml]\r\n### The error may involve com.ruoyi.employment.mapper.DepartmentsStudentsMapper.deleteDepartmentsStudentsByIds-Inline\r\n### The error occurred while setting parameters\r\n### SQL: delete from departments_students where id in           (               ?          )\r\n### Cause: java.sql.SQLIntegrityConstraintViolationException: Cannot delete or update a parent row: a foreign key constraint fails (`ruoyi-vue`.`employment_info`, CONSTRAINT `employment_info_ibfk_1` FOREIGN KEY (`student_id`) REFERENCES `departments_students` (`student_id`))\n; Cannot delete or update a parent row: a foreign key constraint fails (`ruoyi-vue`.`employment_info`, CONSTRAINT `employment_info_ibfk_1` FOREIGN KEY (`student_id`) REFERENCES `departments_students` (`student_id`)); nested exception is java.sql.SQLIntegrityConstraintViolationException: Cannot delete or update a parent row: a foreign key constraint fails (`ruoyi-vue`.`employment_info`, CONSTRAINT `employment_info_ibfk_1` FOREIGN KEY (`student_id`) REFERENCES `departments_students` (`student_id`))','2024-07-02 11:48:40',6),(158,'高校院系专业学生信息',2,'com.ruoyi.web.controller.employment.DepartmentsStudentsController.edit()','PUT',1,'admin','研发部门','/employment/departments_students','127.0.0.1','内网IP','{\"collegeId\":1,\"collegeName\":\"长安大学\",\"dateOfBirth\":\"2000-02-01\",\"departmentId\":1,\"departmentName\":\"信息工程学院\",\"employmentInfoList\":[],\"enrollmentYear\":\"2021-01-01\",\"gender\":\"M\",\"id\":2,\"majorId\":1,\"majorName\":\"软件工程\",\"params\":{},\"studentId\":2021000002,\"studentName\":\"学生B\"}',NULL,1,'\r\n### Error updating database.  Cause: java.sql.SQLException: Data truncated for column \'enrollment_year\' at row 1\r\n### The error may exist in file [I:\\RuoYi-Vue-master\\ruoyi-employment\\target\\classes\\mapper\\employment\\DepartmentsStudentsMapper.xml]\r\n### The error may involve com.ruoyi.employment.mapper.DepartmentsStudentsMapper.updateDepartmentsStudents-Inline\r\n### The error occurred while setting parameters\r\n### SQL: update departments_students          SET college_id = ?,             college_name = ?,             department_id = ?,             department_name = ?,             major_id = ?,             major_name = ?,             student_id = ?,             student_name = ?,             gender = ?,             date_of_birth = ?,             enrollment_year = ?          where id = ?\r\n### Cause: java.sql.SQLException: Data truncated for column \'enrollment_year\' at row 1\n; Data truncated for column \'enrollment_year\' at row 1; nested exception is java.sql.SQLException: Data truncated for column \'enrollment_year\' at row 1','2024-07-02 11:52:03',6),(159,'高校院系专业学生信息',2,'com.ruoyi.web.controller.employment.DepartmentsStudentsController.edit()','PUT',1,'admin','研发部门','/employment/departments_students','127.0.0.1','内网IP','{\"collegeId\":1,\"collegeName\":\"长安大学\",\"dateOfBirth\":\"2000-01-05\",\"departmentId\":1,\"departmentName\":\"信息工程学院\",\"employmentInfoList\":[],\"enrollmentYear\":\"2021-01-01\",\"gender\":\"M\",\"id\":1,\"majorId\":1,\"majorName\":\"软件工程\",\"params\":{},\"studentId\":2021000001,\"studentName\":\"学生A\"}',NULL,1,'\r\n### Error updating database.  Cause: java.sql.SQLException: Data truncated for column \'enrollment_year\' at row 1\r\n### The error may exist in file [I:\\RuoYi-Vue-master\\ruoyi-employment\\target\\classes\\mapper\\employment\\DepartmentsStudentsMapper.xml]\r\n### The error may involve com.ruoyi.employment.mapper.DepartmentsStudentsMapper.updateDepartmentsStudents-Inline\r\n### The error occurred while setting parameters\r\n### SQL: update departments_students          SET college_id = ?,             college_name = ?,             department_id = ?,             department_name = ?,             major_id = ?,             major_name = ?,             student_id = ?,             student_name = ?,             gender = ?,             date_of_birth = ?,             enrollment_year = ?          where id = ?\r\n### Cause: java.sql.SQLException: Data truncated for column \'enrollment_year\' at row 1\n; Data truncated for column \'enrollment_year\' at row 1; nested exception is java.sql.SQLException: Data truncated for column \'enrollment_year\' at row 1','2024-07-02 11:52:59',4),(160,'高校院系专业学生信息',2,'com.ruoyi.web.controller.employment.DepartmentsStudentsController.edit()','PUT',1,'admin','研发部门','/employment/departments_students','127.0.0.1','内网IP','{\"collegeId\":1,\"collegeName\":\"长安大学\",\"dateOfBirth\":\"1999-12-30\",\"departmentId\":1,\"departmentName\":\"信息工程学院\",\"employmentInfoList\":[],\"enrollmentYear\":\"2021-01-01\",\"gender\":\"F\",\"id\":2,\"majorId\":1,\"majorName\":\"软件工程\",\"params\":{},\"studentId\":2021000002,\"studentName\":\"学生B\"}',NULL,1,'\r\n### Error updating database.  Cause: java.sql.SQLException: Data truncated for column \'enrollment_year\' at row 1\r\n### The error may exist in file [I:\\RuoYi-Vue-master\\ruoyi-employment\\target\\classes\\mapper\\employment\\DepartmentsStudentsMapper.xml]\r\n### The error may involve com.ruoyi.employment.mapper.DepartmentsStudentsMapper.updateDepartmentsStudents-Inline\r\n### The error occurred while setting parameters\r\n### SQL: update departments_students          SET college_id = ?,             college_name = ?,             department_id = ?,             department_name = ?,             major_id = ?,             major_name = ?,             student_id = ?,             student_name = ?,             gender = ?,             date_of_birth = ?,             enrollment_year = ?          where id = ?\r\n### Cause: java.sql.SQLException: Data truncated for column \'enrollment_year\' at row 1\n; Data truncated for column \'enrollment_year\' at row 1; nested exception is java.sql.SQLException: Data truncated for column \'enrollment_year\' at row 1','2024-07-02 11:54:05',4),(161,'高校院系专业学生信息',2,'com.ruoyi.web.controller.employment.DepartmentsStudentsController.edit()','PUT',1,'admin','研发部门','/employment/departments_students','127.0.0.1','内网IP','{\"collegeId\":1,\"collegeName\":\"长安大学\",\"dateOfBirth\":\"2000-01-02\",\"departmentId\":1,\"departmentName\":\"信息工程学院\",\"employmentInfoList\":[],\"enrollmentYear\":\"2021-01-01\",\"gender\":\"M\",\"id\":9,\"majorId\":1,\"majorName\":\"软件工程\",\"params\":{},\"studentId\":2021000004,\"studentName\":\"学生D\"}',NULL,1,'\r\n### Error updating database.  Cause: java.sql.SQLException: Data truncated for column \'enrollment_year\' at row 1\r\n### The error may exist in file [I:\\RuoYi-Vue-master\\ruoyi-employment\\target\\classes\\mapper\\employment\\DepartmentsStudentsMapper.xml]\r\n### The error may involve com.ruoyi.employment.mapper.DepartmentsStudentsMapper.updateDepartmentsStudents-Inline\r\n### The error occurred while setting parameters\r\n### SQL: update departments_students          SET college_id = ?,             college_name = ?,             department_id = ?,             department_name = ?,             major_id = ?,             major_name = ?,             student_id = ?,             student_name = ?,             gender = ?,             date_of_birth = ?,             enrollment_year = ?          where id = ?\r\n### Cause: java.sql.SQLException: Data truncated for column \'enrollment_year\' at row 1\n; Data truncated for column \'enrollment_year\' at row 1; nested exception is java.sql.SQLException: Data truncated for column \'enrollment_year\' at row 1','2024-07-02 11:56:27',4),(162,'高校院系专业学生信息',3,'com.ruoyi.web.controller.employment.DepartmentsStudentsController.remove()','DELETE',1,'admin','研发部门','/employment/departments_students/9','127.0.0.1','内网IP','{}',NULL,1,'\r\n### Error updating database.  Cause: java.sql.SQLIntegrityConstraintViolationException: Cannot delete or update a parent row: a foreign key constraint fails (`ruoyi-vue`.`employment_analysis`, CONSTRAINT `employment_analysis_ibfk_2` FOREIGN KEY (`department_id`) REFERENCES `departments_students` (`department_id`))\r\n### The error may exist in file [I:\\RuoYi-Vue-master\\ruoyi-employment\\target\\classes\\mapper\\employment\\DepartmentsStudentsMapper.xml]\r\n### The error may involve com.ruoyi.employment.mapper.DepartmentsStudentsMapper.deleteDepartmentsStudentsByIds-Inline\r\n### The error occurred while setting parameters\r\n### SQL: delete from departments_students where id in           (               ?          )\r\n### Cause: java.sql.SQLIntegrityConstraintViolationException: Cannot delete or update a parent row: a foreign key constraint fails (`ruoyi-vue`.`employment_analysis`, CONSTRAINT `employment_analysis_ibfk_2` FOREIGN KEY (`department_id`) REFERENCES `departments_students` (`department_id`))\n; Cannot delete or update a parent row: a foreign key constraint fails (`ruoyi-vue`.`employment_analysis`, CONSTRAINT `employment_analysis_ibfk_2` FOREIGN KEY (`department_id`) REFERENCES `departments_students` (`department_id`)); nested exception is java.sql.SQLIntegrityConstraintViolationException: Cannot delete or update a parent row: a foreign key constraint fails (`ruoyi-vue`.`employment_analysis`, CONSTRAINT `employment_analysis_ibfk_2` FOREIGN KEY (`department_id`) REFERENCES `departments_students` (`department_id`))','2024-07-02 11:56:30',5),(163,'高校院系专业学生信息',3,'com.ruoyi.web.controller.employment.DepartmentsStudentsController.remove()','DELETE',1,'admin','研发部门','/employment/departments_students/10','127.0.0.1','内网IP','{}','{\"msg\":\"操作成功\",\"code\":200}',0,NULL,'2024-07-02 11:57:59',5),(164,'高校院系专业学生信息',3,'com.ruoyi.web.controller.employment.DepartmentsStudentsController.remove()','DELETE',1,'admin','研发部门','/employment/departments_students/9','127.0.0.1','内网IP','{}',NULL,1,'\r\n### Error updating database.  Cause: java.sql.SQLIntegrityConstraintViolationException: Cannot delete or update a parent row: a foreign key constraint fails (`ruoyi-vue`.`employment_analysis`, CONSTRAINT `employment_analysis_ibfk_2` FOREIGN KEY (`department_id`) REFERENCES `departments_students` (`department_id`))\r\n### The error may exist in file [I:\\RuoYi-Vue-master\\ruoyi-employment\\target\\classes\\mapper\\employment\\DepartmentsStudentsMapper.xml]\r\n### The error may involve com.ruoyi.employment.mapper.DepartmentsStudentsMapper.deleteDepartmentsStudentsByIds-Inline\r\n### The error occurred while setting parameters\r\n### SQL: delete from departments_students where id in           (               ?          )\r\n### Cause: java.sql.SQLIntegrityConstraintViolationException: Cannot delete or update a parent row: a foreign key constraint fails (`ruoyi-vue`.`employment_analysis`, CONSTRAINT `employment_analysis_ibfk_2` FOREIGN KEY (`department_id`) REFERENCES `departments_students` (`department_id`))\n; Cannot delete or update a parent row: a foreign key constraint fails (`ruoyi-vue`.`employment_analysis`, CONSTRAINT `employment_analysis_ibfk_2` FOREIGN KEY (`department_id`) REFERENCES `departments_students` (`department_id`)); nested exception is java.sql.SQLIntegrityConstraintViolationException: Cannot delete or update a parent row: a foreign key constraint fails (`ruoyi-vue`.`employment_analysis`, CONSTRAINT `employment_analysis_ibfk_2` FOREIGN KEY (`department_id`) REFERENCES `departments_students` (`department_id`))','2024-07-02 11:58:04',4),(165,'高校院系专业学生信息',3,'com.ruoyi.web.controller.employment.DepartmentsStudentsController.remove()','DELETE',1,'admin','研发部门','/employment/departments_students/9','127.0.0.1','内网IP','{}',NULL,1,'\r\n### Error updating database.  Cause: java.sql.SQLIntegrityConstraintViolationException: Cannot delete or update a parent row: a foreign key constraint fails (`ruoyi-vue`.`employment_analysis`, CONSTRAINT `employment_analysis_ibfk_2` FOREIGN KEY (`department_id`) REFERENCES `departments_students` (`department_id`))\r\n### The error may exist in file [I:\\RuoYi-Vue-master\\ruoyi-employment\\target\\classes\\mapper\\employment\\DepartmentsStudentsMapper.xml]\r\n### The error may involve com.ruoyi.employment.mapper.DepartmentsStudentsMapper.deleteDepartmentsStudentsByIds-Inline\r\n### The error occurred while setting parameters\r\n### SQL: delete from departments_students where id in           (               ?          )\r\n### Cause: java.sql.SQLIntegrityConstraintViolationException: Cannot delete or update a parent row: a foreign key constraint fails (`ruoyi-vue`.`employment_analysis`, CONSTRAINT `employment_analysis_ibfk_2` FOREIGN KEY (`department_id`) REFERENCES `departments_students` (`department_id`))\n; Cannot delete or update a parent row: a foreign key constraint fails (`ruoyi-vue`.`employment_analysis`, CONSTRAINT `employment_analysis_ibfk_2` FOREIGN KEY (`department_id`) REFERENCES `departments_students` (`department_id`)); nested exception is java.sql.SQLIntegrityConstraintViolationException: Cannot delete or update a parent row: a foreign key constraint fails (`ruoyi-vue`.`employment_analysis`, CONSTRAINT `employment_analysis_ibfk_2` FOREIGN KEY (`department_id`) REFERENCES `departments_students` (`department_id`))','2024-07-02 11:58:20',4),(166,'高校院系专业学生信息',3,'com.ruoyi.web.controller.employment.DepartmentsStudentsController.remove()','DELETE',1,'admin','研发部门','/employment/departments_students/11','127.0.0.1','内网IP','{}','{\"msg\":\"操作成功\",\"code\":200}',0,NULL,'2024-07-02 11:58:57',5),(167,'高校院系专业学生信息',3,'com.ruoyi.web.controller.employment.DepartmentsStudentsController.remove()','DELETE',1,'admin','研发部门','/employment/departments_students/12','127.0.0.1','内网IP','{}','{\"msg\":\"操作成功\",\"code\":200}',0,NULL,'2024-07-02 11:58:59',6),(168,'高校院系专业学生信息',1,'com.ruoyi.web.controller.employment.DepartmentsStudentsController.add()','POST',1,'admin','研发部门','/employment/departments_students','127.0.0.1','内网IP','{\"collegeId\":3,\"collegeName\":\"大学\",\"dateOfBirth\":\"2024-07-02\",\"departmentId\":3,\"departmentName\":\"院系\",\"employmentInfoList\":[],\"gender\":\"M\",\"id\":15,\"majorId\":3,\"majorName\":\"专业\",\"params\":{},\"studentId\":2021000008,\"studentName\":\"老师\"}','{\"msg\":\"操作成功\",\"code\":200}',0,NULL,'2024-07-02 12:00:06',5),(169,'高校院系专业学生信息',2,'com.ruoyi.web.controller.employment.DepartmentsStudentsController.edit()','PUT',1,'admin','研发部门','/employment/departments_students','127.0.0.1','内网IP','{\"collegeId\":3,\"collegeName\":\"大学\",\"dateOfBirth\":\"2024-07-02\",\"departmentId\":3,\"departmentName\":\"院系\",\"employmentInfoList\":[],\"gender\":\"M\",\"id\":15,\"majorId\":3,\"majorName\":\"专业\",\"params\":{},\"studentId\":2021000008,\"studentName\":\"老师是\"}','{\"msg\":\"操作成功\",\"code\":200}',0,NULL,'2024-07-02 12:00:18',5),(170,'高校院系专业学生信息',3,'com.ruoyi.web.controller.employment.DepartmentsStudentsController.remove()','DELETE',1,'admin','研发部门','/employment/departments_students/14','127.0.0.1','内网IP','{}','{\"msg\":\"操作成功\",\"code\":200}',0,NULL,'2024-07-02 12:00:26',5),(171,'高校院系专业学生信息',3,'com.ruoyi.web.controller.employment.DepartmentsStudentsController.remove()','DELETE',1,'admin','研发部门','/employment/departments_students/2','127.0.0.1','内网IP','{}',NULL,1,'\r\n### Error updating database.  Cause: java.sql.SQLIntegrityConstraintViolationException: Cannot delete or update a parent row: a foreign key constraint fails (`ruoyi-vue`.`employment_info`, CONSTRAINT `employment_info_ibfk_1` FOREIGN KEY (`student_id`) REFERENCES `departments_students` (`student_id`))\r\n### The error may exist in file [I:\\RuoYi-Vue-master\\ruoyi-employment\\target\\classes\\mapper\\employment\\DepartmentsStudentsMapper.xml]\r\n### The error may involve com.ruoyi.employment.mapper.DepartmentsStudentsMapper.deleteDepartmentsStudentsByIds-Inline\r\n### The error occurred while setting parameters\r\n### SQL: delete from departments_students where id in           (               ?          )\r\n### Cause: java.sql.SQLIntegrityConstraintViolationException: Cannot delete or update a parent row: a foreign key constraint fails (`ruoyi-vue`.`employment_info`, CONSTRAINT `employment_info_ibfk_1` FOREIGN KEY (`student_id`) REFERENCES `departments_students` (`student_id`))\n; Cannot delete or update a parent row: a foreign key constraint fails (`ruoyi-vue`.`employment_info`, CONSTRAINT `employment_info_ibfk_1` FOREIGN KEY (`student_id`) REFERENCES `departments_students` (`student_id`)); nested exception is java.sql.SQLIntegrityConstraintViolationException: Cannot delete or update a parent row: a foreign key constraint fails (`ruoyi-vue`.`employment_info`, CONSTRAINT `employment_info_ibfk_1` FOREIGN KEY (`student_id`) REFERENCES `departments_students` (`student_id`))','2024-07-02 12:00:28',5),(172,'高校院系专业学生信息',3,'com.ruoyi.web.controller.employment.DepartmentsStudentsController.remove()','DELETE',1,'admin','研发部门','/employment/departments_students/1','127.0.0.1','内网IP','{}',NULL,1,'\r\n### Error updating database.  Cause: java.sql.SQLIntegrityConstraintViolationException: Cannot delete or update a parent row: a foreign key constraint fails (`ruoyi-vue`.`employment_analysis`, CONSTRAINT `employment_analysis_ibfk_1` FOREIGN KEY (`student_id`) REFERENCES `departments_students` (`student_id`))\r\n### The error may exist in file [I:\\RuoYi-Vue-master\\ruoyi-employment\\target\\classes\\mapper\\employment\\DepartmentsStudentsMapper.xml]\r\n### The error may involve com.ruoyi.employment.mapper.DepartmentsStudentsMapper.deleteDepartmentsStudentsByIds-Inline\r\n### The error occurred while setting parameters\r\n### SQL: delete from departments_students where id in           (               ?          )\r\n### Cause: java.sql.SQLIntegrityConstraintViolationException: Cannot delete or update a parent row: a foreign key constraint fails (`ruoyi-vue`.`employment_analysis`, CONSTRAINT `employment_analysis_ibfk_1` FOREIGN KEY (`student_id`) REFERENCES `departments_students` (`student_id`))\n; Cannot delete or update a parent row: a foreign key constraint fails (`ruoyi-vue`.`employment_analysis`, CONSTRAINT `employment_analysis_ibfk_1` FOREIGN KEY (`student_id`) REFERENCES `departments_students` (`student_id`)); nested exception is java.sql.SQLIntegrityConstraintViolationException: Cannot delete or update a parent row: a foreign key constraint fails (`ruoyi-vue`.`employment_analysis`, CONSTRAINT `employment_analysis_ibfk_1` FOREIGN KEY (`student_id`) REFERENCES `departments_students` (`student_id`))','2024-07-02 12:00:41',6),(173,'高校院系专业学生信息',3,'com.ruoyi.web.controller.employment.DepartmentsStudentsController.remove()','DELETE',1,'admin','研发部门','/employment/departments_students/2','127.0.0.1','内网IP','{}',NULL,1,'\r\n### Error updating database.  Cause: java.sql.SQLIntegrityConstraintViolationException: Cannot delete or update a parent row: a foreign key constraint fails (`ruoyi-vue`.`employment_info`, CONSTRAINT `employment_info_ibfk_1` FOREIGN KEY (`student_id`) REFERENCES `departments_students` (`student_id`))\r\n### The error may exist in file [I:\\RuoYi-Vue-master\\ruoyi-employment\\target\\classes\\mapper\\employment\\DepartmentsStudentsMapper.xml]\r\n### The error may involve com.ruoyi.employment.mapper.DepartmentsStudentsMapper.deleteDepartmentsStudentsByIds-Inline\r\n### The error occurred while setting parameters\r\n### SQL: delete from departments_students where id in           (               ?          )\r\n### Cause: java.sql.SQLIntegrityConstraintViolationException: Cannot delete or update a parent row: a foreign key constraint fails (`ruoyi-vue`.`employment_info`, CONSTRAINT `employment_info_ibfk_1` FOREIGN KEY (`student_id`) REFERENCES `departments_students` (`student_id`))\n; Cannot delete or update a parent row: a foreign key constraint fails (`ruoyi-vue`.`employment_info`, CONSTRAINT `employment_info_ibfk_1` FOREIGN KEY (`student_id`) REFERENCES `departments_students` (`student_id`)); nested exception is java.sql.SQLIntegrityConstraintViolationException: Cannot delete or update a parent row: a foreign key constraint fails (`ruoyi-vue`.`employment_info`, CONSTRAINT `employment_info_ibfk_1` FOREIGN KEY (`student_id`) REFERENCES `departments_students` (`student_id`))','2024-07-02 12:00:42',4),(174,'高校院系专业学生信息',3,'com.ruoyi.web.controller.employment.DepartmentsStudentsController.remove()','DELETE',1,'admin','研发部门','/employment/departments_students/9','127.0.0.1','内网IP','{}',NULL,1,'\r\n### Error updating database.  Cause: java.sql.SQLIntegrityConstraintViolationException: Cannot delete or update a parent row: a foreign key constraint fails (`ruoyi-vue`.`employment_analysis`, CONSTRAINT `employment_analysis_ibfk_2` FOREIGN KEY (`department_id`) REFERENCES `departments_students` (`department_id`))\r\n### The error may exist in file [I:\\RuoYi-Vue-master\\ruoyi-employment\\target\\classes\\mapper\\employment\\DepartmentsStudentsMapper.xml]\r\n### The error may involve com.ruoyi.employment.mapper.DepartmentsStudentsMapper.deleteDepartmentsStudentsByIds-Inline\r\n### The error occurred while setting parameters\r\n### SQL: delete from departments_students where id in           (               ?          )\r\n### Cause: java.sql.SQLIntegrityConstraintViolationException: Cannot delete or update a parent row: a foreign key constraint fails (`ruoyi-vue`.`employment_analysis`, CONSTRAINT `employment_analysis_ibfk_2` FOREIGN KEY (`department_id`) REFERENCES `departments_students` (`department_id`))\n; Cannot delete or update a parent row: a foreign key constraint fails (`ruoyi-vue`.`employment_analysis`, CONSTRAINT `employment_analysis_ibfk_2` FOREIGN KEY (`department_id`) REFERENCES `departments_students` (`department_id`)); nested exception is java.sql.SQLIntegrityConstraintViolationException: Cannot delete or update a parent row: a foreign key constraint fails (`ruoyi-vue`.`employment_analysis`, CONSTRAINT `employment_analysis_ibfk_2` FOREIGN KEY (`department_id`) REFERENCES `departments_students` (`department_id`))','2024-07-02 12:00:43',6),(175,'高校院系专业学生信息',3,'com.ruoyi.web.controller.employment.DepartmentsStudentsController.remove()','DELETE',1,'admin','研发部门','/employment/departments_students/13','127.0.0.1','内网IP','{}','{\"msg\":\"操作成功\",\"code\":200}',0,NULL,'2024-07-02 12:00:45',5),(176,'高校院系专业学生信息',3,'com.ruoyi.web.controller.employment.DepartmentsStudentsController.remove()','DELETE',1,'admin','研发部门','/employment/departments_students/15','127.0.0.1','内网IP','{}','{\"msg\":\"操作成功\",\"code\":200}',0,NULL,'2024-07-02 12:00:53',4),(177,'高校院系专业学生信息',1,'com.ruoyi.web.controller.employment.DepartmentsStudentsController.add()','POST',1,'admin','研发部门','/employment/departments_students','127.0.0.1','内网IP','{\"collegeId\":3,\"collegeName\":\"爱仕达\",\"dateOfBirth\":\"2024-07-03\",\"departmentId\":3,\"departmentName\":\"大声道\",\"employmentInfoList\":[],\"gender\":\"M\",\"id\":16,\"majorId\":3,\"majorName\":\"阿达\",\"params\":{},\"studentId\":2021000006,\"studentName\":\"司珂涵\"}','{\"msg\":\"操作成功\",\"code\":200}',0,NULL,'2024-07-02 12:01:24',4),(178,'高校院系专业学生信息',2,'com.ruoyi.web.controller.employment.DepartmentsStudentsController.edit()','PUT',1,'admin','研发部门','/employment/departments_students','127.0.0.1','内网IP','{\"collegeId\":3,\"collegeName\":\"清华大学\",\"dateOfBirth\":\"2024-07-03\",\"departmentId\":3,\"departmentName\":\"大声道\",\"employmentInfoList\":[],\"gender\":\"M\",\"id\":16,\"majorId\":3,\"majorName\":\"阿达\",\"params\":{},\"studentId\":2021000006,\"studentName\":\"司珂涵\"}','{\"msg\":\"操作成功\",\"code\":200}',0,NULL,'2024-07-02 12:01:38',6),(179,'高校院系专业学生信息',3,'com.ruoyi.web.controller.employment.DepartmentsStudentsController.remove()','DELETE',1,'admin','研发部门','/employment/departments_students/16','127.0.0.1','内网IP','{}','{\"msg\":\"操作成功\",\"code\":200}',0,NULL,'2024-07-02 12:01:42',4),(180,'高校院系专业学生信息',3,'com.ruoyi.web.controller.employment.DepartmentsStudentsController.remove()','DELETE',1,'admin','研发部门','/employment/departments_students/1','127.0.0.1','内网IP','{}',NULL,1,'\r\n### Error updating database.  Cause: java.sql.SQLIntegrityConstraintViolationException: Cannot delete or update a parent row: a foreign key constraint fails (`ruoyi-vue`.`employment_analysis`, CONSTRAINT `employment_analysis_ibfk_1` FOREIGN KEY (`student_id`) REFERENCES `departments_students` (`student_id`))\r\n### The error may exist in file [I:\\RuoYi-Vue-master\\ruoyi-employment\\target\\classes\\mapper\\employment\\DepartmentsStudentsMapper.xml]\r\n### The error may involve com.ruoyi.employment.mapper.DepartmentsStudentsMapper.deleteDepartmentsStudentsByIds-Inline\r\n### The error occurred while setting parameters\r\n### SQL: delete from departments_students where id in           (               ?          )\r\n### Cause: java.sql.SQLIntegrityConstraintViolationException: Cannot delete or update a parent row: a foreign key constraint fails (`ruoyi-vue`.`employment_analysis`, CONSTRAINT `employment_analysis_ibfk_1` FOREIGN KEY (`student_id`) REFERENCES `departments_students` (`student_id`))\n; Cannot delete or update a parent row: a foreign key constraint fails (`ruoyi-vue`.`employment_analysis`, CONSTRAINT `employment_analysis_ibfk_1` FOREIGN KEY (`student_id`) REFERENCES `departments_students` (`student_id`)); nested exception is java.sql.SQLIntegrityConstraintViolationException: Cannot delete or update a parent row: a foreign key constraint fails (`ruoyi-vue`.`employment_analysis`, CONSTRAINT `employment_analysis_ibfk_1` FOREIGN KEY (`student_id`) REFERENCES `departments_students` (`student_id`))','2024-07-02 14:02:54',47),(181,'高校院系专业学生信息',3,'com.ruoyi.web.controller.employment.DepartmentsStudentsController.remove()','DELETE',1,'admin','研发部门','/employment/departments_students/1','127.0.0.1','内网IP','{}',NULL,1,'\r\n### Error updating database.  Cause: java.sql.SQLIntegrityConstraintViolationException: Cannot delete or update a parent row: a foreign key constraint fails (`ruoyi-vue`.`employment_analysis`, CONSTRAINT `employment_analysis_ibfk_1` FOREIGN KEY (`student_id`) REFERENCES `departments_students` (`student_id`))\r\n### The error may exist in file [I:\\RuoYi-Vue-master\\ruoyi-employment\\target\\classes\\mapper\\employment\\DepartmentsStudentsMapper.xml]\r\n### The error may involve com.ruoyi.employment.mapper.DepartmentsStudentsMapper.deleteDepartmentsStudentsByIds-Inline\r\n### The error occurred while setting parameters\r\n### SQL: delete from departments_students where id in           (               ?          )\r\n### Cause: java.sql.SQLIntegrityConstraintViolationException: Cannot delete or update a parent row: a foreign key constraint fails (`ruoyi-vue`.`employment_analysis`, CONSTRAINT `employment_analysis_ibfk_1` FOREIGN KEY (`student_id`) REFERENCES `departments_students` (`student_id`))\n; Cannot delete or update a parent row: a foreign key constraint fails (`ruoyi-vue`.`employment_analysis`, CONSTRAINT `employment_analysis_ibfk_1` FOREIGN KEY (`student_id`) REFERENCES `departments_students` (`student_id`)); nested exception is java.sql.SQLIntegrityConstraintViolationException: Cannot delete or update a parent row: a foreign key constraint fails (`ruoyi-vue`.`employment_analysis`, CONSTRAINT `employment_analysis_ibfk_1` FOREIGN KEY (`student_id`) REFERENCES `departments_students` (`student_id`))','2024-07-02 14:03:02',6),(182,'高校院系专业学生信息',3,'com.ruoyi.web.controller.employment.DepartmentsStudentsController.remove()','DELETE',1,'admin','研发部门','/employment/departments_students/9','127.0.0.1','内网IP','{}',NULL,1,'\r\n### Error updating database.  Cause: java.sql.SQLIntegrityConstraintViolationException: Cannot delete or update a parent row: a foreign key constraint fails (`ruoyi-vue`.`employment_analysis`, CONSTRAINT `employment_analysis_ibfk_2` FOREIGN KEY (`department_id`) REFERENCES `departments_students` (`department_id`))\r\n### The error may exist in file [I:\\RuoYi-Vue-master\\ruoyi-employment\\target\\classes\\mapper\\employment\\DepartmentsStudentsMapper.xml]\r\n### The error may involve com.ruoyi.employment.mapper.DepartmentsStudentsMapper.deleteDepartmentsStudentsByIds-Inline\r\n### The error occurred while setting parameters\r\n### SQL: delete from departments_students where id in           (               ?          )\r\n### Cause: java.sql.SQLIntegrityConstraintViolationException: Cannot delete or update a parent row: a foreign key constraint fails (`ruoyi-vue`.`employment_analysis`, CONSTRAINT `employment_analysis_ibfk_2` FOREIGN KEY (`department_id`) REFERENCES `departments_students` (`department_id`))\n; Cannot delete or update a parent row: a foreign key constraint fails (`ruoyi-vue`.`employment_analysis`, CONSTRAINT `employment_analysis_ibfk_2` FOREIGN KEY (`department_id`) REFERENCES `departments_students` (`department_id`)); nested exception is java.sql.SQLIntegrityConstraintViolationException: Cannot delete or update a parent row: a foreign key constraint fails (`ruoyi-vue`.`employment_analysis`, CONSTRAINT `employment_analysis_ibfk_2` FOREIGN KEY (`department_id`) REFERENCES `departments_students` (`department_id`))','2024-07-02 14:06:18',15),(183,'高校院系专业学生信息',3,'com.ruoyi.web.controller.employment.DepartmentsStudentsController.remove()','DELETE',1,'admin','研发部门','/employment/departments_students/1','127.0.0.1','内网IP','{}',NULL,1,'\r\n### Error updating database.  Cause: java.sql.SQLIntegrityConstraintViolationException: Cannot delete or update a parent row: a foreign key constraint fails (`ruoyi-vue`.`employment_analysis`, CONSTRAINT `employment_analysis_ibfk_1` FOREIGN KEY (`student_id`) REFERENCES `departments_students` (`student_id`))\r\n### The error may exist in file [I:\\RuoYi-Vue-master\\ruoyi-employment\\target\\classes\\mapper\\employment\\DepartmentsStudentsMapper.xml]\r\n### The error may involve com.ruoyi.employment.mapper.DepartmentsStudentsMapper.deleteDepartmentsStudentsByIds-Inline\r\n### The error occurred while setting parameters\r\n### SQL: delete from departments_students where id in           (               ?          )\r\n### Cause: java.sql.SQLIntegrityConstraintViolationException: Cannot delete or update a parent row: a foreign key constraint fails (`ruoyi-vue`.`employment_analysis`, CONSTRAINT `employment_analysis_ibfk_1` FOREIGN KEY (`student_id`) REFERENCES `departments_students` (`student_id`))\n; Cannot delete or update a parent row: a foreign key constraint fails (`ruoyi-vue`.`employment_analysis`, CONSTRAINT `employment_analysis_ibfk_1` FOREIGN KEY (`student_id`) REFERENCES `departments_students` (`student_id`)); nested exception is java.sql.SQLIntegrityConstraintViolationException: Cannot delete or update a parent row: a foreign key constraint fails (`ruoyi-vue`.`employment_analysis`, CONSTRAINT `employment_analysis_ibfk_1` FOREIGN KEY (`student_id`) REFERENCES `departments_students` (`student_id`))','2024-07-02 14:06:21',15),(184,'高校院系专业学生信息',3,'com.ruoyi.web.controller.employment.DepartmentsStudentsController.remove()','DELETE',1,'admin','研发部门','/employment/departments_students/1','127.0.0.1','内网IP','{}',NULL,1,'\r\n### Error updating database.  Cause: java.sql.SQLIntegrityConstraintViolationException: Cannot delete or update a parent row: a foreign key constraint fails (`ruoyi-vue`.`employment_analysis`, CONSTRAINT `employment_analysis_ibfk_1` FOREIGN KEY (`student_id`) REFERENCES `departments_students` (`student_id`))\r\n### The error may exist in file [I:\\RuoYi-Vue-master\\ruoyi-employment\\target\\classes\\mapper\\employment\\DepartmentsStudentsMapper.xml]\r\n### The error may involve com.ruoyi.employment.mapper.DepartmentsStudentsMapper.deleteDepartmentsStudentsByIds-Inline\r\n### The error occurred while setting parameters\r\n### SQL: delete from departments_students where id in           (               ?          )\r\n### Cause: java.sql.SQLIntegrityConstraintViolationException: Cannot delete or update a parent row: a foreign key constraint fails (`ruoyi-vue`.`employment_analysis`, CONSTRAINT `employment_analysis_ibfk_1` FOREIGN KEY (`student_id`) REFERENCES `departments_students` (`student_id`))\n; Cannot delete or update a parent row: a foreign key constraint fails (`ruoyi-vue`.`employment_analysis`, CONSTRAINT `employment_analysis_ibfk_1` FOREIGN KEY (`student_id`) REFERENCES `departments_students` (`student_id`)); nested exception is java.sql.SQLIntegrityConstraintViolationException: Cannot delete or update a parent row: a foreign key constraint fails (`ruoyi-vue`.`employment_analysis`, CONSTRAINT `employment_analysis_ibfk_1` FOREIGN KEY (`student_id`) REFERENCES `departments_students` (`student_id`))','2024-07-02 14:06:29',13),(185,'高校院系专业学生信息',3,'com.ruoyi.web.controller.employment.DepartmentsStudentsController.remove()','DELETE',1,'admin','研发部门','/employment/departments_students/2','127.0.0.1','内网IP','{}',NULL,1,'\r\n### Error updating database.  Cause: java.sql.SQLIntegrityConstraintViolationException: Cannot delete or update a parent row: a foreign key constraint fails (`ruoyi-vue`.`employment_analysis`, CONSTRAINT `employment_analysis_ibfk_2` FOREIGN KEY (`department_id`) REFERENCES `departments_students` (`department_id`))\r\n### The error may exist in file [I:\\RuoYi-Vue-master\\ruoyi-employment\\target\\classes\\mapper\\employment\\DepartmentsStudentsMapper.xml]\r\n### The error may involve com.ruoyi.employment.mapper.DepartmentsStudentsMapper.deleteDepartmentsStudentsByIds-Inline\r\n### The error occurred while setting parameters\r\n### SQL: delete from departments_students where id in           (               ?          )\r\n### Cause: java.sql.SQLIntegrityConstraintViolationException: Cannot delete or update a parent row: a foreign key constraint fails (`ruoyi-vue`.`employment_analysis`, CONSTRAINT `employment_analysis_ibfk_2` FOREIGN KEY (`department_id`) REFERENCES `departments_students` (`department_id`))\n; Cannot delete or update a parent row: a foreign key constraint fails (`ruoyi-vue`.`employment_analysis`, CONSTRAINT `employment_analysis_ibfk_2` FOREIGN KEY (`department_id`) REFERENCES `departments_students` (`department_id`)); nested exception is java.sql.SQLIntegrityConstraintViolationException: Cannot delete or update a parent row: a foreign key constraint fails (`ruoyi-vue`.`employment_analysis`, CONSTRAINT `employment_analysis_ibfk_2` FOREIGN KEY (`department_id`) REFERENCES `departments_students` (`department_id`))','2024-07-02 14:08:41',14),(186,'高校院系专业学生信息',3,'com.ruoyi.web.controller.employment.DepartmentsStudentsController.remove()','DELETE',1,'admin','研发部门','/employment/departments_students/1','127.0.0.1','内网IP','{}',NULL,1,'\r\n### Error updating database.  Cause: java.sql.SQLIntegrityConstraintViolationException: Cannot delete or update a parent row: a foreign key constraint fails (`ruoyi-vue`.`employment_analysis`, CONSTRAINT `employment_analysis_ibfk_1` FOREIGN KEY (`student_id`) REFERENCES `departments_students` (`student_id`))\r\n### The error may exist in file [I:\\RuoYi-Vue-master\\ruoyi-employment\\target\\classes\\mapper\\employment\\DepartmentsStudentsMapper.xml]\r\n### The error may involve com.ruoyi.employment.mapper.DepartmentsStudentsMapper.deleteDepartmentsStudentsByIds-Inline\r\n### The error occurred while setting parameters\r\n### SQL: delete from departments_students where id in           (               ?          )\r\n### Cause: java.sql.SQLIntegrityConstraintViolationException: Cannot delete or update a parent row: a foreign key constraint fails (`ruoyi-vue`.`employment_analysis`, CONSTRAINT `employment_analysis_ibfk_1` FOREIGN KEY (`student_id`) REFERENCES `departments_students` (`student_id`))\n; Cannot delete or update a parent row: a foreign key constraint fails (`ruoyi-vue`.`employment_analysis`, CONSTRAINT `employment_analysis_ibfk_1` FOREIGN KEY (`student_id`) REFERENCES `departments_students` (`student_id`)); nested exception is java.sql.SQLIntegrityConstraintViolationException: Cannot delete or update a parent row: a foreign key constraint fails (`ruoyi-vue`.`employment_analysis`, CONSTRAINT `employment_analysis_ibfk_1` FOREIGN KEY (`student_id`) REFERENCES `departments_students` (`student_id`))','2024-07-02 14:08:43',13),(187,'高校院系专业学生信息',3,'com.ruoyi.web.controller.employment.DepartmentsStudentsController.remove()','DELETE',1,'admin','研发部门','/employment/departments_students/9','127.0.0.1','内网IP','{}',NULL,1,'\r\n### Error updating database.  Cause: java.sql.SQLIntegrityConstraintViolationException: Cannot delete or update a parent row: a foreign key constraint fails (`ruoyi-vue`.`employment_analysis`, CONSTRAINT `employment_analysis_ibfk_2` FOREIGN KEY (`department_id`) REFERENCES `departments_students` (`department_id`))\r\n### The error may exist in file [I:\\RuoYi-Vue-master\\ruoyi-employment\\target\\classes\\mapper\\employment\\DepartmentsStudentsMapper.xml]\r\n### The error may involve com.ruoyi.employment.mapper.DepartmentsStudentsMapper.deleteDepartmentsStudentsByIds-Inline\r\n### The error occurred while setting parameters\r\n### SQL: delete from departments_students where id in           (               ?          )\r\n### Cause: java.sql.SQLIntegrityConstraintViolationException: Cannot delete or update a parent row: a foreign key constraint fails (`ruoyi-vue`.`employment_analysis`, CONSTRAINT `employment_analysis_ibfk_2` FOREIGN KEY (`department_id`) REFERENCES `departments_students` (`department_id`))\n; Cannot delete or update a parent row: a foreign key constraint fails (`ruoyi-vue`.`employment_analysis`, CONSTRAINT `employment_analysis_ibfk_2` FOREIGN KEY (`department_id`) REFERENCES `departments_students` (`department_id`)); nested exception is java.sql.SQLIntegrityConstraintViolationException: Cannot delete or update a parent row: a foreign key constraint fails (`ruoyi-vue`.`employment_analysis`, CONSTRAINT `employment_analysis_ibfk_2` FOREIGN KEY (`department_id`) REFERENCES `departments_students` (`department_id`))','2024-07-02 14:08:45',5),(188,'代码生成',2,'com.ruoyi.generator.controller.GenController.editSave()','PUT',1,'admin','研发部门','/tool/gen','127.0.0.1','内网IP','{\"businessName\":\"employment_info\",\"className\":\"EmploymentInfo\",\"columns\":[{\"capJavaField\":\"EmploymentId\",\"columnComment\":\"就业信息ID\",\"columnId\":33,\"columnName\":\"employment_id\",\"columnType\":\"bigint unsigned\",\"createBy\":\"admin\",\"createTime\":\"2024-07-02 11:18:56\",\"dictType\":\"\",\"edit\":false,\"increment\":true,\"insert\":true,\"isIncrement\":\"1\",\"isInsert\":\"1\",\"isPk\":\"1\",\"isRequired\":\"1\",\"javaField\":\"employmentId\",\"javaType\":\"Long\",\"list\":false,\"params\":{},\"pk\":true,\"query\":false,\"queryType\":\"EQ\",\"required\":true,\"sort\":1,\"superColumn\":false,\"tableId\":6,\"updateBy\":\"\",\"updateTime\":\"2024-07-02 11:29:00\",\"usableColumn\":false},{\"capJavaField\":\"StudentId\",\"columnComment\":\"学生ID\",\"columnId\":34,\"columnName\":\"student_id\",\"columnType\":\"bigint\",\"createBy\":\"admin\",\"createTime\":\"2024-07-02 11:18:56\",\"dictType\":\"\",\"edit\":true,\"htmlType\":\"input\",\"increment\":false,\"insert\":true,\"isEdit\":\"1\",\"isIncrement\":\"0\",\"isInsert\":\"1\",\"isList\":\"1\",\"isPk\":\"0\",\"isQuery\":\"1\",\"isRequired\":\"1\",\"javaField\":\"studentId\",\"javaType\":\"Long\",\"list\":true,\"params\":{},\"pk\":false,\"query\":true,\"queryType\":\"EQ\",\"required\":true,\"sort\":2,\"superColumn\":false,\"tableId\":6,\"updateBy\":\"\",\"updateTime\":\"2024-07-02 11:29:00\",\"usableColumn\":false},{\"capJavaField\":\"CompanyName\",\"columnComment\":\"公司名称\",\"columnId\":35,\"columnName\":\"company_name\",\"columnType\":\"varchar(255)\",\"createBy\":\"admin\",\"createTime\":\"2024-07-02 11:18:56\",\"dictType\":\"\",\"edit\":true,\"htmlType\":\"input\",\"increment\":false,\"insert\":true,\"isEdit\":\"1\",\"isIncrement\":\"0\",\"isInsert\":\"1\",\"isList\":\"1\",\"isPk\":\"0\",\"isQuery\":\"1\",\"isRequired\":\"1\",\"javaField\":\"companyName\",\"javaType\":\"String\",\"list\":true,\"params\":{},\"pk\":false,\"query\":true,\"queryType\":\"LIKE\",\"required\":true,\"sort\":3,\"superColumn\":false,\"tableId\":6,\"updateBy\":\"\",\"updateTime\":\"2024-07-02 11:29:00\",\"usableColumn\":false},{\"capJavaField\":\"Position\",\"columnComment\":\"职位\",\"columnId\":36,\"columnName\":\"position\",\"columnType\":\"varchar(255)\",\"createBy\":\"admin\",\"createTime\":\"2024-07-02 11:18:56\",\"dictType\":\"\",\"edit\":true,\"htmlType\":\"in','{\"msg\":\"操作成功\",\"code\":200}',0,NULL,'2024-07-02 14:15:21',53),(189,'字典类型',1,'com.ruoyi.web.controller.system.SysDictTypeController.add()','POST',1,'admin','研发部门','/system/dict/type','127.0.0.1','内网IP','{\"createBy\":\"admin\",\"dictName\":\"就业状态\",\"dictType\":\"employment_status\",\"params\":{},\"status\":\"0\"}','{\"msg\":\"操作成功\",\"code\":200}',0,NULL,'2024-07-02 14:16:13',21),(190,'代码生成',2,'com.ruoyi.generator.controller.GenController.editSave()','PUT',1,'admin','研发部门','/tool/gen','127.0.0.1','内网IP','{\"businessName\":\"employment_info\",\"className\":\"EmploymentInfo\",\"columns\":[{\"capJavaField\":\"EmploymentId\",\"columnComment\":\"就业信息ID\",\"columnId\":33,\"columnName\":\"employment_id\",\"columnType\":\"bigint unsigned\",\"createBy\":\"admin\",\"createTime\":\"2024-07-02 11:18:56\",\"dictType\":\"\",\"edit\":false,\"increment\":true,\"insert\":true,\"isIncrement\":\"1\",\"isInsert\":\"1\",\"isPk\":\"1\",\"isRequired\":\"1\",\"javaField\":\"employmentId\",\"javaType\":\"Long\",\"list\":false,\"params\":{},\"pk\":true,\"query\":false,\"queryType\":\"EQ\",\"required\":true,\"sort\":1,\"superColumn\":false,\"tableId\":6,\"updateBy\":\"\",\"updateTime\":\"2024-07-02 14:15:21\",\"usableColumn\":false},{\"capJavaField\":\"StudentId\",\"columnComment\":\"学生ID\",\"columnId\":34,\"columnName\":\"student_id\",\"columnType\":\"bigint\",\"createBy\":\"admin\",\"createTime\":\"2024-07-02 11:18:56\",\"dictType\":\"\",\"edit\":true,\"htmlType\":\"input\",\"increment\":false,\"insert\":true,\"isEdit\":\"1\",\"isIncrement\":\"0\",\"isInsert\":\"1\",\"isList\":\"1\",\"isPk\":\"0\",\"isQuery\":\"1\",\"isRequired\":\"1\",\"javaField\":\"studentId\",\"javaType\":\"Long\",\"list\":true,\"params\":{},\"pk\":false,\"query\":true,\"queryType\":\"EQ\",\"required\":true,\"sort\":2,\"superColumn\":false,\"tableId\":6,\"updateBy\":\"\",\"updateTime\":\"2024-07-02 14:15:21\",\"usableColumn\":false},{\"capJavaField\":\"CompanyName\",\"columnComment\":\"公司名称\",\"columnId\":35,\"columnName\":\"company_name\",\"columnType\":\"varchar(255)\",\"createBy\":\"admin\",\"createTime\":\"2024-07-02 11:18:56\",\"dictType\":\"\",\"edit\":true,\"htmlType\":\"input\",\"increment\":false,\"insert\":true,\"isEdit\":\"1\",\"isIncrement\":\"0\",\"isInsert\":\"1\",\"isList\":\"1\",\"isPk\":\"0\",\"isQuery\":\"1\",\"isRequired\":\"1\",\"javaField\":\"companyName\",\"javaType\":\"String\",\"list\":true,\"params\":{},\"pk\":false,\"query\":true,\"queryType\":\"LIKE\",\"required\":true,\"sort\":3,\"superColumn\":false,\"tableId\":6,\"updateBy\":\"\",\"updateTime\":\"2024-07-02 14:15:21\",\"usableColumn\":false},{\"capJavaField\":\"Position\",\"columnComment\":\"职位\",\"columnId\":36,\"columnName\":\"position\",\"columnType\":\"varchar(255)\",\"createBy\":\"admin\",\"createTime\":\"2024-07-02 11:18:56\",\"dictType\":\"\",\"edit\":true,\"htmlType\":\"in','{\"msg\":\"操作成功\",\"code\":200}',0,NULL,'2024-07-02 14:16:41',31),(191,'代码生成',8,'com.ruoyi.generator.controller.GenController.batchGenCode()','GET',1,'admin','研发部门','/tool/gen/batchGenCode','127.0.0.1','内网IP','{\"tables\":\"employment_info\"}',NULL,0,NULL,'2024-07-02 14:16:47',123),(192,'高校院系专业学生信息',3,'com.ruoyi.web.controller.employment.DepartmentsStudentsController.remove()','DELETE',1,'admin','研发部门','/employment/departments_students/1','127.0.0.1','内网IP','{}','{\"msg\":\"操作成功\",\"code\":200}',0,NULL,'2024-07-02 14:22:49',4),(193,'高校院系专业学生信息',3,'com.ruoyi.web.controller.employment.DepartmentsStudentsController.remove()','DELETE',1,'admin','研发部门','/employment/departments_students/9','127.0.0.1','内网IP','{}','{\"msg\":\"操作成功\",\"code\":200}',0,NULL,'2024-07-02 14:22:53',12),(194,'高校院系专业学生信息',1,'com.ruoyi.web.controller.employment.DepartmentsStudentsController.add()','POST',1,'admin','研发部门','/employment/departments_students','127.0.0.1','内网IP','{\"collegeId\":1,\"collegeName\":\"长安大学\",\"dateOfBirth\":\"1949-10-01\",\"departmentId\":1,\"departmentName\":\"信息学院 \",\"employmentInfoList\":[],\"gender\":\"M\",\"id\":17,\"majorId\":1,\"majorName\":\"软件工程\",\"params\":{},\"studentId\":2021905688,\"studentName\":\"吕星宇真聪明\"}','{\"msg\":\"操作成功\",\"code\":200}',0,NULL,'2024-07-02 14:26:35',111),(195,'高校院系专业学生信息',2,'com.ruoyi.web.controller.employment.DepartmentsStudentsController.edit()','PUT',1,'admin','研发部门','/employment/departments_students','127.0.0.1','内网IP','{\"collegeId\":1,\"collegeName\":\"长安大学\",\"dateOfBirth\":\"1949-10-01\",\"departmentId\":1,\"departmentName\":\"信息学院 \",\"employmentInfoList\":[],\"gender\":\"M\",\"id\":17,\"majorId\":1,\"majorName\":\"软件工程专业\",\"params\":{},\"studentId\":2021905688,\"studentName\":\"吕星宇真聪明\"}','{\"msg\":\"操作成功\",\"code\":200}',0,NULL,'2024-07-02 14:26:54',20),(196,'高校院系专业学生信息',2,'com.ruoyi.web.controller.employment.DepartmentsStudentsController.edit()','PUT',1,'admin','研发部门','/employment/departments_students','127.0.0.1','内网IP','{\"collegeId\":1,\"collegeName\":\"长安大学\",\"dateOfBirth\":\"1949-10-01\",\"departmentId\":1,\"departmentName\":\"信息工程学院 \",\"employmentInfoList\":[],\"gender\":\"M\",\"id\":17,\"majorId\":1,\"majorName\":\"软件工程专业\",\"params\":{},\"studentId\":2021905688,\"studentName\":\"吕星宇真聪明\"}','{\"msg\":\"操作成功\",\"code\":200}',0,NULL,'2024-07-02 14:39:20',24),(197,'代码生成',8,'com.ruoyi.generator.controller.GenController.batchGenCode()','GET',1,'admin','研发部门','/tool/gen/batchGenCode','127.0.0.1','内网IP','{\"tables\":\"employment_info\"}',NULL,0,NULL,'2024-07-02 14:42:16',128),(198,'代码生成',2,'com.ruoyi.generator.controller.GenController.editSave()','PUT',1,'admin','研发部门','/tool/gen','127.0.0.1','内网IP','{\"businessName\":\"employment_analysis\",\"className\":\"EmploymentAnalysis\",\"columns\":[{\"capJavaField\":\"AnalysisId\",\"columnComment\":\"分析ID\",\"columnId\":24,\"columnName\":\"analysis_id\",\"columnType\":\"bigint unsigned\",\"createBy\":\"admin\",\"createTime\":\"2024-07-02 11:18:56\",\"dictType\":\"\",\"edit\":false,\"increment\":true,\"insert\":true,\"isIncrement\":\"1\",\"isInsert\":\"1\",\"isPk\":\"1\",\"isRequired\":\"0\",\"javaField\":\"analysisId\",\"javaType\":\"String\",\"list\":false,\"params\":{},\"pk\":true,\"query\":false,\"queryType\":\"EQ\",\"required\":false,\"sort\":1,\"superColumn\":false,\"tableId\":5,\"updateBy\":\"\",\"updateTime\":\"2024-07-02 11:28:45\",\"usableColumn\":false},{\"capJavaField\":\"StudentId\",\"columnComment\":\"学生ID\",\"columnId\":25,\"columnName\":\"student_id\",\"columnType\":\"bigint\",\"createBy\":\"admin\",\"createTime\":\"2024-07-02 11:18:56\",\"dictType\":\"\",\"edit\":true,\"htmlType\":\"input\",\"increment\":false,\"insert\":true,\"isEdit\":\"1\",\"isIncrement\":\"0\",\"isInsert\":\"1\",\"isList\":\"1\",\"isPk\":\"0\",\"isQuery\":\"1\",\"isRequired\":\"1\",\"javaField\":\"studentId\",\"javaType\":\"Long\",\"list\":true,\"params\":{},\"pk\":false,\"query\":true,\"queryType\":\"EQ\",\"required\":true,\"sort\":2,\"superColumn\":false,\"tableId\":5,\"updateBy\":\"\",\"updateTime\":\"2024-07-02 11:28:45\",\"usableColumn\":false},{\"capJavaField\":\"DepartmentId\",\"columnComment\":\"院系ID\",\"columnId\":26,\"columnName\":\"department_id\",\"columnType\":\"bigint\",\"createBy\":\"admin\",\"createTime\":\"2024-07-02 11:18:56\",\"dictType\":\"\",\"edit\":true,\"htmlType\":\"input\",\"increment\":false,\"insert\":true,\"isEdit\":\"1\",\"isIncrement\":\"0\",\"isInsert\":\"1\",\"isList\":\"1\",\"isPk\":\"0\",\"isQuery\":\"1\",\"isRequired\":\"1\",\"javaField\":\"departmentId\",\"javaType\":\"Long\",\"list\":true,\"params\":{},\"pk\":false,\"query\":true,\"queryType\":\"EQ\",\"required\":true,\"sort\":3,\"superColumn\":false,\"tableId\":5,\"updateBy\":\"\",\"updateTime\":\"2024-07-02 11:28:45\",\"usableColumn\":false},{\"capJavaField\":\"MajorId\",\"columnComment\":\"专业ID\",\"columnId\":27,\"columnName\":\"major_id\",\"columnType\":\"bigint\",\"createBy\":\"admin\",\"createTime\":\"2024-07-02 11:18:56\",\"dictType\":\"\",\"edit\":true,\"htmlType\":\"input\",\"inc','{\"msg\":\"操作成功\",\"code\":200}',0,NULL,'2024-07-02 14:49:56',44),(199,'代码生成',2,'com.ruoyi.generator.controller.GenController.editSave()','PUT',1,'admin','研发部门','/tool/gen','127.0.0.1','内网IP','{\"businessName\":\"employment_info\",\"className\":\"EmploymentInfo\",\"columns\":[{\"capJavaField\":\"EmploymentId\",\"columnComment\":\"就业信息ID\",\"columnId\":33,\"columnName\":\"employment_id\",\"columnType\":\"bigint unsigned\",\"createBy\":\"admin\",\"createTime\":\"2024-07-02 11:18:56\",\"dictType\":\"\",\"edit\":false,\"increment\":true,\"insert\":true,\"isIncrement\":\"1\",\"isInsert\":\"1\",\"isPk\":\"1\",\"isRequired\":\"1\",\"javaField\":\"employmentId\",\"javaType\":\"Long\",\"list\":false,\"params\":{},\"pk\":true,\"query\":false,\"queryType\":\"EQ\",\"required\":true,\"sort\":1,\"superColumn\":false,\"tableId\":6,\"updateBy\":\"\",\"updateTime\":\"2024-07-02 14:16:41\",\"usableColumn\":false},{\"capJavaField\":\"StudentId\",\"columnComment\":\"学生ID\",\"columnId\":34,\"columnName\":\"student_id\",\"columnType\":\"bigint\",\"createBy\":\"admin\",\"createTime\":\"2024-07-02 11:18:56\",\"dictType\":\"\",\"edit\":true,\"htmlType\":\"input\",\"increment\":false,\"insert\":true,\"isEdit\":\"1\",\"isIncrement\":\"0\",\"isInsert\":\"1\",\"isList\":\"1\",\"isPk\":\"0\",\"isQuery\":\"1\",\"isRequired\":\"1\",\"javaField\":\"studentId\",\"javaType\":\"Long\",\"list\":true,\"params\":{},\"pk\":false,\"query\":true,\"queryType\":\"EQ\",\"required\":true,\"sort\":2,\"superColumn\":false,\"tableId\":6,\"updateBy\":\"\",\"updateTime\":\"2024-07-02 14:16:41\",\"usableColumn\":false},{\"capJavaField\":\"CompanyName\",\"columnComment\":\"公司名称\",\"columnId\":35,\"columnName\":\"company_name\",\"columnType\":\"varchar(255)\",\"createBy\":\"admin\",\"createTime\":\"2024-07-02 11:18:56\",\"dictType\":\"\",\"edit\":true,\"htmlType\":\"input\",\"increment\":false,\"insert\":true,\"isEdit\":\"1\",\"isIncrement\":\"0\",\"isInsert\":\"1\",\"isList\":\"1\",\"isPk\":\"0\",\"isQuery\":\"1\",\"isRequired\":\"1\",\"javaField\":\"companyName\",\"javaType\":\"String\",\"list\":true,\"params\":{},\"pk\":false,\"query\":true,\"queryType\":\"LIKE\",\"required\":true,\"sort\":3,\"superColumn\":false,\"tableId\":6,\"updateBy\":\"\",\"updateTime\":\"2024-07-02 14:16:41\",\"usableColumn\":false},{\"capJavaField\":\"Position\",\"columnComment\":\"职位\",\"columnId\":36,\"columnName\":\"position\",\"columnType\":\"varchar(255)\",\"createBy\":\"admin\",\"createTime\":\"2024-07-02 11:18:56\",\"dictType\":\"\",\"edit\":true,\"htmlType\":\"in','{\"msg\":\"操作成功\",\"code\":200}',0,NULL,'2024-07-02 14:50:04',19),(200,'代码生成',2,'com.ruoyi.generator.controller.GenController.editSave()','PUT',1,'admin','研发部门','/tool/gen','127.0.0.1','内网IP','{\"businessName\":\"employment_analysis\",\"className\":\"EmploymentAnalysis\",\"columns\":[{\"capJavaField\":\"AnalysisId\",\"columnComment\":\"分析ID\",\"columnId\":24,\"columnName\":\"analysis_id\",\"columnType\":\"bigint unsigned\",\"createBy\":\"admin\",\"createTime\":\"2024-07-02 11:18:56\",\"dictType\":\"\",\"edit\":false,\"increment\":true,\"insert\":true,\"isIncrement\":\"1\",\"isInsert\":\"1\",\"isPk\":\"1\",\"isRequired\":\"0\",\"javaField\":\"analysisId\",\"javaType\":\"String\",\"list\":false,\"params\":{},\"pk\":true,\"query\":false,\"queryType\":\"EQ\",\"required\":false,\"sort\":1,\"superColumn\":false,\"tableId\":5,\"updateBy\":\"\",\"updateTime\":\"2024-07-02 14:49:56\",\"usableColumn\":false},{\"capJavaField\":\"StudentId\",\"columnComment\":\"学生ID\",\"columnId\":25,\"columnName\":\"student_id\",\"columnType\":\"bigint\",\"createBy\":\"admin\",\"createTime\":\"2024-07-02 11:18:56\",\"dictType\":\"\",\"edit\":true,\"htmlType\":\"input\",\"increment\":false,\"insert\":true,\"isEdit\":\"1\",\"isIncrement\":\"0\",\"isInsert\":\"1\",\"isList\":\"1\",\"isPk\":\"0\",\"isQuery\":\"1\",\"isRequired\":\"1\",\"javaField\":\"studentId\",\"javaType\":\"Long\",\"list\":true,\"params\":{},\"pk\":false,\"query\":true,\"queryType\":\"EQ\",\"required\":true,\"sort\":2,\"superColumn\":false,\"tableId\":5,\"updateBy\":\"\",\"updateTime\":\"2024-07-02 14:49:56\",\"usableColumn\":false},{\"capJavaField\":\"DepartmentId\",\"columnComment\":\"院系ID\",\"columnId\":26,\"columnName\":\"department_id\",\"columnType\":\"bigint\",\"createBy\":\"admin\",\"createTime\":\"2024-07-02 11:18:56\",\"dictType\":\"\",\"edit\":true,\"htmlType\":\"input\",\"increment\":false,\"insert\":true,\"isEdit\":\"1\",\"isIncrement\":\"0\",\"isInsert\":\"1\",\"isList\":\"1\",\"isPk\":\"0\",\"isQuery\":\"1\",\"isRequired\":\"1\",\"javaField\":\"departmentId\",\"javaType\":\"Long\",\"list\":true,\"params\":{},\"pk\":false,\"query\":true,\"queryType\":\"EQ\",\"required\":true,\"sort\":3,\"superColumn\":false,\"tableId\":5,\"updateBy\":\"\",\"updateTime\":\"2024-07-02 14:49:56\",\"usableColumn\":false},{\"capJavaField\":\"MajorId\",\"columnComment\":\"专业ID\",\"columnId\":27,\"columnName\":\"major_id\",\"columnType\":\"bigint\",\"createBy\":\"admin\",\"createTime\":\"2024-07-02 11:18:56\",\"dictType\":\"\",\"edit\":true,\"htmlType\":\"input\",\"inc','{\"msg\":\"操作成功\",\"code\":200}',0,NULL,'2024-07-02 14:50:25',18),(201,'代码生成',8,'com.ruoyi.generator.controller.GenController.batchGenCode()','GET',1,'admin','研发部门','/tool/gen/batchGenCode','127.0.0.1','内网IP','{\"tables\":\"employment_analysis\"}',NULL,0,NULL,'2024-07-02 14:50:29',106),(202,'代码生成',8,'com.ruoyi.generator.controller.GenController.batchGenCode()','GET',1,'admin','研发部门','/tool/gen/batchGenCode','127.0.0.1','内网IP','{\"tables\":\"employment_analysis\"}',NULL,0,NULL,'2024-07-02 14:50:39',22),(203,'菜单管理',3,'com.ruoyi.web.controller.system.SysMenuController.remove()','DELETE',1,'admin','研发部门','/system/menu/2021','127.0.0.1','内网IP','{}','{\"msg\":\"存在子菜单,不允许删除\",\"code\":601}',0,NULL,'2024-07-02 15:29:38',6),(204,'菜单管理',3,'com.ruoyi.web.controller.system.SysMenuController.remove()','DELETE',1,'admin','研发部门','/system/menu/2027','127.0.0.1','内网IP','{}','{\"msg\":\"存在子菜单,不允许删除\",\"code\":601}',0,NULL,'2024-07-02 15:29:44',2),(205,'菜单管理',3,'com.ruoyi.web.controller.system.SysMenuController.remove()','DELETE',1,'admin','研发部门','/system/menu/2032','127.0.0.1','内网IP','{}','{\"msg\":\"操作成功\",\"code\":200}',0,NULL,'2024-07-02 15:30:08',12),(206,'菜单管理',3,'com.ruoyi.web.controller.system.SysMenuController.remove()','DELETE',1,'admin','研发部门','/system/menu/2031','127.0.0.1','内网IP','{}','{\"msg\":\"操作成功\",\"code\":200}',0,NULL,'2024-07-02 15:30:10',7),(207,'菜单管理',3,'com.ruoyi.web.controller.system.SysMenuController.remove()','DELETE',1,'admin','研发部门','/system/menu/2030','127.0.0.1','内网IP','{}','{\"msg\":\"操作成功\",\"code\":200}',0,NULL,'2024-07-02 15:30:12',7),(208,'菜单管理',3,'com.ruoyi.web.controller.system.SysMenuController.remove()','DELETE',1,'admin','研发部门','/system/menu/2029','127.0.0.1','内网IP','{}','{\"msg\":\"操作成功\",\"code\":200}',0,NULL,'2024-07-02 15:30:14',5),(209,'菜单管理',3,'com.ruoyi.web.controller.system.SysMenuController.remove()','DELETE',1,'admin','研发部门','/system/menu/2028','127.0.0.1','内网IP','{}','{\"msg\":\"操作成功\",\"code\":200}',0,NULL,'2024-07-02 15:30:15',7),(210,'菜单管理',3,'com.ruoyi.web.controller.system.SysMenuController.remove()','DELETE',1,'admin','研发部门','/system/menu/2027','127.0.0.1','内网IP','{}','{\"msg\":\"操作成功\",\"code\":200}',0,NULL,'2024-07-02 15:30:18',5),(211,'菜单管理',3,'com.ruoyi.web.controller.system.SysMenuController.remove()','DELETE',1,'admin','研发部门','/system/menu/2026','127.0.0.1','内网IP','{}','{\"msg\":\"操作成功\",\"code\":200}',0,NULL,'2024-07-02 15:30:19',5),(212,'菜单管理',3,'com.ruoyi.web.controller.system.SysMenuController.remove()','DELETE',1,'admin','研发部门','/system/menu/2025','127.0.0.1','内网IP','{}','{\"msg\":\"操作成功\",\"code\":200}',0,NULL,'2024-07-02 15:30:21',7),(213,'菜单管理',3,'com.ruoyi.web.controller.system.SysMenuController.remove()','DELETE',1,'admin','研发部门','/system/menu/2024','127.0.0.1','内网IP','{}','{\"msg\":\"操作成功\",\"code\":200}',0,NULL,'2024-07-02 15:30:23',6),(214,'菜单管理',3,'com.ruoyi.web.controller.system.SysMenuController.remove()','DELETE',1,'admin','研发部门','/system/menu/2023','127.0.0.1','内网IP','{}','{\"msg\":\"操作成功\",\"code\":200}',0,NULL,'2024-07-02 15:30:24',5),(215,'菜单管理',3,'com.ruoyi.web.controller.system.SysMenuController.remove()','DELETE',1,'admin','研发部门','/system/menu/2022','127.0.0.1','内网IP','{}','{\"msg\":\"操作成功\",\"code\":200}',0,NULL,'2024-07-02 15:30:26',7),(216,'菜单管理',3,'com.ruoyi.web.controller.system.SysMenuController.remove()','DELETE',1,'admin','研发部门','/system/menu/2021','127.0.0.1','内网IP','{}','{\"msg\":\"操作成功\",\"code\":200}',0,NULL,'2024-07-02 15:30:28',5),(217,'高校院系专业学生信息',2,'com.ruoyi.web.controller.employment.DepartmentsStudentsController.edit()','PUT',1,'admin','研发部门','/employment/departments_students','127.0.0.1','内网IP','{\"collegeId\":1,\"collegeName\":\"长安大学\",\"dateOfBirth\":\"1949-10-01\",\"departmentId\":1,\"departmentName\":\"信息学院\",\"employmentInfoList\":[],\"gender\":\"M\",\"id\":17,\"majorId\":1,\"majorName\":\"软件工程专业\",\"params\":{},\"studentId\":2021905688,\"studentName\":\"吕星宇真聪明\"}','{\"msg\":\"操作成功\",\"code\":200}',0,NULL,'2024-07-02 15:30:46',17),(218,'代码生成',2,'com.ruoyi.generator.controller.GenController.editSave()','PUT',1,'admin','研发部门','/tool/gen','127.0.0.1','内网IP','{\"businessName\":\"employment_info\",\"className\":\"EmploymentInfo\",\"columns\":[{\"capJavaField\":\"EmploymentId\",\"columnComment\":\"就业信息ID\",\"columnId\":33,\"columnName\":\"employment_id\",\"columnType\":\"bigint unsigned\",\"createBy\":\"admin\",\"createTime\":\"2024-07-02 11:18:56\",\"dictType\":\"\",\"edit\":false,\"increment\":true,\"insert\":true,\"isIncrement\":\"1\",\"isInsert\":\"1\",\"isPk\":\"1\",\"isRequired\":\"1\",\"javaField\":\"employmentId\",\"javaType\":\"Long\",\"list\":false,\"params\":{},\"pk\":true,\"query\":false,\"queryType\":\"EQ\",\"required\":true,\"sort\":1,\"superColumn\":false,\"tableId\":6,\"updateBy\":\"\",\"updateTime\":\"2024-07-02 14:50:04\",\"usableColumn\":false},{\"capJavaField\":\"StudentId\",\"columnComment\":\"学生ID\",\"columnId\":34,\"columnName\":\"student_id\",\"columnType\":\"bigint\",\"createBy\":\"admin\",\"createTime\":\"2024-07-02 11:18:56\",\"dictType\":\"\",\"edit\":true,\"htmlType\":\"input\",\"increment\":false,\"insert\":true,\"isEdit\":\"1\",\"isIncrement\":\"0\",\"isInsert\":\"1\",\"isList\":\"1\",\"isPk\":\"0\",\"isQuery\":\"1\",\"isRequired\":\"1\",\"javaField\":\"studentId\",\"javaType\":\"Long\",\"list\":true,\"params\":{},\"pk\":false,\"query\":true,\"queryType\":\"EQ\",\"required\":true,\"sort\":2,\"superColumn\":false,\"tableId\":6,\"updateBy\":\"\",\"updateTime\":\"2024-07-02 14:50:04\",\"usableColumn\":false},{\"capJavaField\":\"CompanyName\",\"columnComment\":\"公司名称\",\"columnId\":35,\"columnName\":\"company_name\",\"columnType\":\"varchar(255)\",\"createBy\":\"admin\",\"createTime\":\"2024-07-02 11:18:56\",\"dictType\":\"\",\"edit\":true,\"htmlType\":\"input\",\"increment\":false,\"insert\":true,\"isEdit\":\"1\",\"isIncrement\":\"0\",\"isInsert\":\"1\",\"isList\":\"1\",\"isPk\":\"0\",\"isQuery\":\"1\",\"isRequired\":\"1\",\"javaField\":\"companyName\",\"javaType\":\"String\",\"list\":true,\"params\":{},\"pk\":false,\"query\":true,\"queryType\":\"LIKE\",\"required\":true,\"sort\":3,\"superColumn\":false,\"tableId\":6,\"updateBy\":\"\",\"updateTime\":\"2024-07-02 14:50:04\",\"usableColumn\":false},{\"capJavaField\":\"Position\",\"columnComment\":\"职位\",\"columnId\":36,\"columnName\":\"position\",\"columnType\":\"varchar(255)\",\"createBy\":\"admin\",\"createTime\":\"2024-07-02 11:18:56\",\"dictType\":\"\",\"edit\":true,\"htmlType\":\"in','{\"msg\":\"操作成功\",\"code\":200}',0,NULL,'2024-07-02 15:38:53',33),(219,'代码生成',8,'com.ruoyi.generator.controller.GenController.batchGenCode()','GET',1,'admin','研发部门','/tool/gen/batchGenCode','127.0.0.1','内网IP','{\"tables\":\"employment_info\"}',NULL,0,NULL,'2024-07-02 15:39:03',104),(220,'字典类型',1,'com.ruoyi.web.controller.system.SysDictTypeController.add()','POST',1,'admin','研发部门','/system/dict/type','127.0.0.1','内网IP','{\"dictName\":\"就业状态\",\"dictType\":\"employment_status\",\"params\":{},\"status\":\"0\"}','{\"msg\":\"新增字典\'就业状态\'失败，字典类型已存在\",\"code\":500}',0,NULL,'2024-07-02 15:43:28',7),(221,'高校院系专业学生信息',1,'com.ruoyi.web.controller.employment.DepartmentsStudentsController.add()','POST',1,'admin','研发部门','/employment/departments_students','127.0.0.1','内网IP','{\"collegeId\":2,\"collegeName\":\"清华大学\",\"dateOfBirth\":\"2000-01-01\",\"departmentId\":2,\"departmentName\":\"信息学院\",\"employmentInfoList\":[],\"gender\":\"M\",\"id\":18,\"majorId\":2,\"majorName\":\"计算机科学与技术\",\"params\":{},\"studentId\":2021000000,\"studentName\":\"张三\"}','{\"msg\":\"操作成功\",\"code\":200}',0,NULL,'2024-07-02 16:44:36',99),(222,'代码生成',3,'com.ruoyi.generator.controller.GenController.remove()','DELETE',1,'admin','研发部门','/tool/gen/5','127.0.0.1','内网IP','{}','{\"msg\":\"操作成功\",\"code\":200}',0,NULL,'2024-07-02 16:59:28',21),(223,'代码生成',6,'com.ruoyi.generator.controller.GenController.importTableSave()','POST',1,'admin','研发部门','/tool/gen/importTable','127.0.0.1','内网IP','{\"tables\":\"employment_analysis\"}','{\"msg\":\"操作成功\",\"code\":200}',0,NULL,'2024-07-02 16:59:42',36),(224,'代码生成',2,'com.ruoyi.generator.controller.GenController.editSave()','PUT',1,'admin','研发部门','/tool/gen','127.0.0.1','内网IP','{\"businessName\":\"analysis\",\"className\":\"EmploymentAnalysis\",\"columns\":[{\"capJavaField\":\"AnalysisId\",\"columnComment\":\"分析ID\",\"columnId\":47,\"columnName\":\"analysis_id\",\"columnType\":\"bigint unsigned\",\"createBy\":\"admin\",\"createTime\":\"2024-07-02 16:59:42\",\"dictType\":\"\",\"edit\":false,\"increment\":true,\"insert\":false,\"isIncrement\":\"1\",\"isInsert\":\"0\",\"isPk\":\"1\",\"isRequired\":\"0\",\"javaField\":\"analysisId\",\"javaType\":\"Long\",\"list\":false,\"params\":{},\"pk\":true,\"query\":false,\"queryType\":\"EQ\",\"required\":false,\"sort\":1,\"superColumn\":false,\"tableId\":8,\"updateBy\":\"\",\"usableColumn\":false},{\"capJavaField\":\"StudentId\",\"columnComment\":\"学生ID\",\"columnId\":48,\"columnName\":\"student_id\",\"columnType\":\"bigint\",\"createBy\":\"admin\",\"createTime\":\"2024-07-02 16:59:42\",\"dictType\":\"\",\"edit\":false,\"htmlType\":\"input\",\"increment\":false,\"insert\":false,\"isEdit\":\"0\",\"isIncrement\":\"0\",\"isInsert\":\"0\",\"isList\":\"1\",\"isPk\":\"0\",\"isQuery\":\"1\",\"isRequired\":\"1\",\"javaField\":\"studentId\",\"javaType\":\"Long\",\"list\":true,\"params\":{},\"pk\":false,\"query\":true,\"queryType\":\"EQ\",\"required\":true,\"sort\":2,\"superColumn\":false,\"tableId\":8,\"updateBy\":\"\",\"usableColumn\":false},{\"capJavaField\":\"CollegeName\",\"columnComment\":\"高校名称\",\"columnId\":49,\"columnName\":\"college_name\",\"columnType\":\"varchar(255)\",\"createBy\":\"admin\",\"createTime\":\"2024-07-02 16:59:42\",\"dictType\":\"\",\"edit\":false,\"htmlType\":\"input\",\"increment\":false,\"insert\":false,\"isEdit\":\"0\",\"isIncrement\":\"0\",\"isInsert\":\"0\",\"isList\":\"1\",\"isPk\":\"0\",\"isQuery\":\"1\",\"isRequired\":\"1\",\"javaField\":\"collegeName\",\"javaType\":\"String\",\"list\":true,\"params\":{},\"pk\":false,\"query\":true,\"queryType\":\"LIKE\",\"required\":true,\"sort\":3,\"superColumn\":false,\"tableId\":8,\"updateBy\":\"\",\"usableColumn\":false},{\"capJavaField\":\"DepartmentName\",\"columnComment\":\"院系名称\",\"columnId\":50,\"columnName\":\"department_name\",\"columnType\":\"varchar(255)\",\"createBy\":\"admin\",\"createTime\":\"2024-07-02 16:59:42\",\"dictType\":\"\",\"edit\":false,\"htmlType\":\"input\",\"increment\":false,\"insert\":false,\"isEdit\":\"0\",\"isIncrement\":\"0\",\"isInsert\":\"0\",\"isList\":\"','{\"msg\":\"操作成功\",\"code\":200}',0,NULL,'2024-07-02 17:00:08',29),(225,'代码生成',2,'com.ruoyi.generator.controller.GenController.editSave()','PUT',1,'admin','研发部门','/tool/gen','127.0.0.1','内网IP','{\"businessName\":\"analysis\",\"className\":\"EmploymentAnalysis\",\"columns\":[{\"capJavaField\":\"AnalysisId\",\"columnComment\":\"分析ID\",\"columnId\":47,\"columnName\":\"analysis_id\",\"columnType\":\"bigint unsigned\",\"createBy\":\"admin\",\"createTime\":\"2024-07-02 16:59:42\",\"dictType\":\"\",\"edit\":false,\"increment\":true,\"insert\":false,\"isIncrement\":\"1\",\"isInsert\":\"0\",\"isPk\":\"1\",\"isRequired\":\"0\",\"javaField\":\"analysisId\",\"javaType\":\"Long\",\"list\":false,\"params\":{},\"pk\":true,\"query\":false,\"queryType\":\"EQ\",\"required\":false,\"sort\":1,\"superColumn\":false,\"tableId\":8,\"updateBy\":\"\",\"updateTime\":\"2024-07-02 17:00:08\",\"usableColumn\":false},{\"capJavaField\":\"StudentId\",\"columnComment\":\"学生ID\",\"columnId\":48,\"columnName\":\"student_id\",\"columnType\":\"bigint\",\"createBy\":\"admin\",\"createTime\":\"2024-07-02 16:59:42\",\"dictType\":\"\",\"edit\":false,\"htmlType\":\"input\",\"increment\":false,\"insert\":false,\"isEdit\":\"0\",\"isIncrement\":\"0\",\"isInsert\":\"0\",\"isList\":\"1\",\"isPk\":\"0\",\"isQuery\":\"1\",\"isRequired\":\"1\",\"javaField\":\"studentId\",\"javaType\":\"Long\",\"list\":true,\"params\":{},\"pk\":false,\"query\":true,\"queryType\":\"EQ\",\"required\":true,\"sort\":2,\"superColumn\":false,\"tableId\":8,\"updateBy\":\"\",\"updateTime\":\"2024-07-02 17:00:08\",\"usableColumn\":false},{\"capJavaField\":\"CollegeName\",\"columnComment\":\"高校名称\",\"columnId\":49,\"columnName\":\"college_name\",\"columnType\":\"varchar(255)\",\"createBy\":\"admin\",\"createTime\":\"2024-07-02 16:59:42\",\"dictType\":\"\",\"edit\":false,\"htmlType\":\"input\",\"increment\":false,\"insert\":false,\"isEdit\":\"0\",\"isIncrement\":\"0\",\"isInsert\":\"0\",\"isList\":\"1\",\"isPk\":\"0\",\"isQuery\":\"1\",\"isRequired\":\"1\",\"javaField\":\"collegeName\",\"javaType\":\"String\",\"list\":true,\"params\":{},\"pk\":false,\"query\":true,\"queryType\":\"LIKE\",\"required\":true,\"sort\":3,\"superColumn\":false,\"tableId\":8,\"updateBy\":\"\",\"updateTime\":\"2024-07-02 17:00:08\",\"usableColumn\":false},{\"capJavaField\":\"DepartmentName\",\"columnComment\":\"院系名称\",\"columnId\":50,\"columnName\":\"department_name\",\"columnType\":\"varchar(255)\",\"createBy\":\"admin\",\"createTime\":\"2024-07-02 16:59:42\",\"dictType\":\"\",\"edit\":false,\"ht','{\"msg\":\"操作成功\",\"code\":200}',0,NULL,'2024-07-02 17:00:49',24),(226,'代码生成',2,'com.ruoyi.generator.controller.GenController.editSave()','PUT',1,'admin','研发部门','/tool/gen','127.0.0.1','内网IP','{\"businessName\":\"employment_analysis\",\"className\":\"EmploymentAnalysis\",\"columns\":[{\"capJavaField\":\"AnalysisId\",\"columnComment\":\"分析ID\",\"columnId\":47,\"columnName\":\"analysis_id\",\"columnType\":\"bigint unsigned\",\"createBy\":\"admin\",\"createTime\":\"2024-07-02 16:59:42\",\"dictType\":\"\",\"edit\":false,\"increment\":true,\"insert\":false,\"isIncrement\":\"1\",\"isInsert\":\"0\",\"isPk\":\"1\",\"isRequired\":\"0\",\"javaField\":\"analysisId\",\"javaType\":\"Long\",\"list\":false,\"params\":{},\"pk\":true,\"query\":false,\"queryType\":\"EQ\",\"required\":false,\"sort\":1,\"superColumn\":false,\"tableId\":8,\"updateBy\":\"\",\"updateTime\":\"2024-07-02 17:00:49\",\"usableColumn\":false},{\"capJavaField\":\"StudentId\",\"columnComment\":\"学生ID\",\"columnId\":48,\"columnName\":\"student_id\",\"columnType\":\"bigint\",\"createBy\":\"admin\",\"createTime\":\"2024-07-02 16:59:42\",\"dictType\":\"\",\"edit\":false,\"htmlType\":\"input\",\"increment\":false,\"insert\":false,\"isEdit\":\"0\",\"isIncrement\":\"0\",\"isInsert\":\"0\",\"isList\":\"1\",\"isPk\":\"0\",\"isQuery\":\"1\",\"isRequired\":\"1\",\"javaField\":\"studentId\",\"javaType\":\"Long\",\"list\":true,\"params\":{},\"pk\":false,\"query\":true,\"queryType\":\"EQ\",\"required\":true,\"sort\":2,\"superColumn\":false,\"tableId\":8,\"updateBy\":\"\",\"updateTime\":\"2024-07-02 17:00:49\",\"usableColumn\":false},{\"capJavaField\":\"CollegeName\",\"columnComment\":\"高校名称\",\"columnId\":49,\"columnName\":\"college_name\",\"columnType\":\"varchar(255)\",\"createBy\":\"admin\",\"createTime\":\"2024-07-02 16:59:42\",\"dictType\":\"\",\"edit\":false,\"htmlType\":\"input\",\"increment\":false,\"insert\":false,\"isEdit\":\"0\",\"isIncrement\":\"0\",\"isInsert\":\"0\",\"isList\":\"1\",\"isPk\":\"0\",\"isQuery\":\"1\",\"isRequired\":\"1\",\"javaField\":\"collegeName\",\"javaType\":\"String\",\"list\":true,\"params\":{},\"pk\":false,\"query\":true,\"queryType\":\"LIKE\",\"required\":true,\"sort\":3,\"superColumn\":false,\"tableId\":8,\"updateBy\":\"\",\"updateTime\":\"2024-07-02 17:00:49\",\"usableColumn\":false},{\"capJavaField\":\"DepartmentName\",\"columnComment\":\"院系名称\",\"columnId\":50,\"columnName\":\"department_name\",\"columnType\":\"varchar(255)\",\"createBy\":\"admin\",\"createTime\":\"2024-07-02 16:59:42\",\"dictType\":\"\",\"edit','{\"msg\":\"操作成功\",\"code\":200}',0,NULL,'2024-07-02 17:01:51',20),(227,'代码生成',2,'com.ruoyi.generator.controller.GenController.editSave()','PUT',1,'admin','研发部门','/tool/gen','127.0.0.1','内网IP','{\"businessName\":\"employment_analysis\",\"className\":\"EmploymentAnalysis\",\"columns\":[{\"capJavaField\":\"AnalysisId\",\"columnComment\":\"分析ID\",\"columnId\":47,\"columnName\":\"analysis_id\",\"columnType\":\"bigint unsigned\",\"createBy\":\"admin\",\"createTime\":\"2024-07-02 16:59:42\",\"dictType\":\"\",\"edit\":false,\"increment\":true,\"insert\":false,\"isIncrement\":\"1\",\"isInsert\":\"0\",\"isPk\":\"1\",\"isQuery\":\"1\",\"isRequired\":\"0\",\"javaField\":\"analysisId\",\"javaType\":\"Long\",\"list\":false,\"params\":{},\"pk\":true,\"query\":true,\"queryType\":\"EQ\",\"required\":false,\"sort\":1,\"superColumn\":false,\"tableId\":8,\"updateBy\":\"\",\"updateTime\":\"2024-07-02 17:01:51\",\"usableColumn\":false},{\"capJavaField\":\"StudentId\",\"columnComment\":\"学生ID\",\"columnId\":48,\"columnName\":\"student_id\",\"columnType\":\"bigint\",\"createBy\":\"admin\",\"createTime\":\"2024-07-02 16:59:42\",\"dictType\":\"\",\"edit\":false,\"htmlType\":\"input\",\"increment\":false,\"insert\":false,\"isEdit\":\"0\",\"isIncrement\":\"0\",\"isInsert\":\"0\",\"isList\":\"1\",\"isPk\":\"0\",\"isQuery\":\"1\",\"isRequired\":\"1\",\"javaField\":\"studentId\",\"javaType\":\"Long\",\"list\":true,\"params\":{},\"pk\":false,\"query\":true,\"queryType\":\"EQ\",\"required\":true,\"sort\":2,\"superColumn\":false,\"tableId\":8,\"updateBy\":\"\",\"updateTime\":\"2024-07-02 17:01:51\",\"usableColumn\":false},{\"capJavaField\":\"CollegeName\",\"columnComment\":\"高校名称\",\"columnId\":49,\"columnName\":\"college_name\",\"columnType\":\"varchar(255)\",\"createBy\":\"admin\",\"createTime\":\"2024-07-02 16:59:42\",\"dictType\":\"\",\"edit\":false,\"htmlType\":\"input\",\"increment\":false,\"insert\":false,\"isEdit\":\"0\",\"isIncrement\":\"0\",\"isInsert\":\"0\",\"isList\":\"1\",\"isPk\":\"0\",\"isQuery\":\"1\",\"isRequired\":\"1\",\"javaField\":\"collegeName\",\"javaType\":\"String\",\"list\":true,\"params\":{},\"pk\":false,\"query\":true,\"queryType\":\"LIKE\",\"required\":true,\"sort\":3,\"superColumn\":false,\"tableId\":8,\"updateBy\":\"\",\"updateTime\":\"2024-07-02 17:01:51\",\"usableColumn\":false},{\"capJavaField\":\"DepartmentName\",\"columnComment\":\"院系名称\",\"columnId\":50,\"columnName\":\"department_name\",\"columnType\":\"varchar(255)\",\"createBy\":\"admin\",\"createTime\":\"2024-07-02 16:59:42\",\"dictT','{\"msg\":\"操作成功\",\"code\":200}',0,NULL,'2024-07-02 17:02:16',19),(228,'代码生成',8,'com.ruoyi.generator.controller.GenController.batchGenCode()','GET',1,'admin','研发部门','/tool/gen/batchGenCode','127.0.0.1','内网IP','{\"tables\":\"employment_analysis\"}',NULL,0,NULL,'2024-07-02 17:04:59',30),(229,'就业分析',2,'com.ruoyi.web.controller.employment.EmploymentAnalysisController.edit()','PUT',1,'admin','研发部门','/employment/employment_analysis','127.0.0.1','内网IP','{\"analysisId\":4,\"collegeName\":\"清华大学\",\"departmentName\":\"信息学院\",\"employmentDate\":\"2023-06-01\",\"gender\":\"M\",\"location\":\"北京\",\"majorName\":\"计算机科学与技术\",\"params\":{},\"salary\":800000,\"studentId\":2021000000}','{\"msg\":\"操作成功\",\"code\":200}',0,NULL,'2024-07-02 17:08:19',11),(230,'就业分析',5,'com.ruoyi.web.controller.employment.EmploymentAnalysisController.export()','POST',1,'admin','研发部门','/employment/employment_analysis/export','127.0.0.1','内网IP','{\"pageSize\":\"10\",\"pageNum\":\"1\"}',NULL,0,NULL,'2024-07-02 17:15:56',440),(231,'高校院系专业学生信息',1,'com.ruoyi.web.controller.employment.DepartmentsStudentsController.add()','POST',1,'admin','研发部门','/employment/departments_students','127.0.0.1','内网IP','{\"collegeId\":3,\"collegeName\":\"深圳大学\",\"dateOfBirth\":\"2024-07-01\",\"departmentId\":3,\"departmentName\":\"信息工程学院\",\"employmentInfoList\":[],\"gender\":\"M\",\"id\":19,\"majorId\":3,\"majorName\":\"计算机科学与技术\",\"params\":{},\"studentId\":2021000001,\"studentName\":\"李四\"}','{\"msg\":\"操作成功\",\"code\":200}',0,NULL,'2024-07-02 22:30:14',17),(232,'高校院系专业学生信息',3,'com.ruoyi.web.controller.employment.DepartmentsStudentsController.remove()','DELETE',1,'admin','研发部门','/employment/departments_students/2','127.0.0.1','内网IP','{}','{\"msg\":\"操作成功\",\"code\":200}',0,NULL,'2024-07-03 00:48:41',14),(233,'高校院系专业学生信息',3,'com.ruoyi.web.controller.employment.DepartmentsStudentsController.remove()','DELETE',1,'admin','研发部门','/employment/departments_students/3','127.0.0.1','内网IP','{}','{\"msg\":\"操作成功\",\"code\":200}',0,NULL,'2024-07-03 00:49:08',6),(234,'高校院系专业学生信息',3,'com.ruoyi.web.controller.employment.DepartmentsStudentsController.remove()','DELETE',1,'admin','研发部门','/employment/departments_students/20','127.0.0.1','内网IP','{}','{\"msg\":\"操作成功\",\"code\":200}',0,NULL,'2024-07-03 01:01:00',6),(235,'高校院系专业学生信息',3,'com.ruoyi.web.controller.employment.DepartmentsStudentsController.remove()','DELETE',1,'admin','研发部门','/employment/departments_students/1','127.0.0.1','内网IP','{}','{\"msg\":\"操作成功\",\"code\":200}',0,NULL,'2024-07-03 01:02:46',6),(236,'字典数据',1,'com.ruoyi.web.controller.system.SysDictDataController.add()','POST',1,'admin','研发部门','/system/dict/data','127.0.0.1','内网IP','{\"createBy\":\"admin\",\"default\":false,\"dictLabel\":\"已就业\",\"dictSort\":1,\"dictType\":\"employment_status\",\"dictValue\":\"0\",\"listClass\":\"default\",\"params\":{},\"remark\":\"已就业\",\"status\":\"0\"}','{\"msg\":\"操作成功\",\"code\":200}',0,NULL,'2024-07-03 08:49:33',10),(237,'字典数据',1,'com.ruoyi.web.controller.system.SysDictDataController.add()','POST',1,'admin','研发部门','/system/dict/data','127.0.0.1','内网IP','{\"createBy\":\"admin\",\"default\":false,\"dictLabel\":\"未就业\",\"dictSort\":2,\"dictType\":\"employment_status\",\"dictValue\":\"1\",\"listClass\":\"default\",\"params\":{},\"remark\":\"未就业\",\"status\":\"0\"}','{\"msg\":\"操作成功\",\"code\":200}',0,NULL,'2024-07-03 08:49:51',10),(238,'代码生成',2,'com.ruoyi.generator.controller.GenController.editSave()','PUT',1,'admin','研发部门','/tool/gen','127.0.0.1','内网IP','{\"businessName\":\"employment_info\",\"className\":\"EmploymentInfo\",\"columns\":[{\"capJavaField\":\"EmploymentId\",\"columnComment\":\"就业信息ID\",\"columnId\":33,\"columnName\":\"employment_id\",\"columnType\":\"bigint unsigned\",\"createBy\":\"admin\",\"createTime\":\"2024-07-02 11:18:56\",\"dictType\":\"\",\"edit\":false,\"increment\":true,\"insert\":true,\"isIncrement\":\"1\",\"isInsert\":\"1\",\"isPk\":\"1\",\"isRequired\":\"1\",\"javaField\":\"employmentId\",\"javaType\":\"Long\",\"list\":false,\"params\":{},\"pk\":true,\"query\":false,\"queryType\":\"EQ\",\"required\":true,\"sort\":1,\"superColumn\":false,\"tableId\":6,\"updateBy\":\"\",\"updateTime\":\"2024-07-02 15:38:53\",\"usableColumn\":false},{\"capJavaField\":\"StudentId\",\"columnComment\":\"学生ID\",\"columnId\":34,\"columnName\":\"student_id\",\"columnType\":\"bigint\",\"createBy\":\"admin\",\"createTime\":\"2024-07-02 11:18:56\",\"dictType\":\"\",\"edit\":true,\"htmlType\":\"input\",\"increment\":false,\"insert\":true,\"isEdit\":\"1\",\"isIncrement\":\"0\",\"isInsert\":\"1\",\"isList\":\"1\",\"isPk\":\"0\",\"isQuery\":\"1\",\"isRequired\":\"1\",\"javaField\":\"studentId\",\"javaType\":\"Long\",\"list\":true,\"params\":{},\"pk\":false,\"query\":true,\"queryType\":\"EQ\",\"required\":true,\"sort\":2,\"superColumn\":false,\"tableId\":6,\"updateBy\":\"\",\"updateTime\":\"2024-07-02 15:38:53\",\"usableColumn\":false},{\"capJavaField\":\"CompanyName\",\"columnComment\":\"公司名称\",\"columnId\":35,\"columnName\":\"company_name\",\"columnType\":\"varchar(255)\",\"createBy\":\"admin\",\"createTime\":\"2024-07-02 11:18:56\",\"dictType\":\"\",\"edit\":true,\"htmlType\":\"input\",\"increment\":false,\"insert\":true,\"isEdit\":\"1\",\"isIncrement\":\"0\",\"isInsert\":\"1\",\"isList\":\"1\",\"isPk\":\"0\",\"isQuery\":\"1\",\"isRequired\":\"1\",\"javaField\":\"companyName\",\"javaType\":\"String\",\"list\":true,\"params\":{},\"pk\":false,\"query\":true,\"queryType\":\"LIKE\",\"required\":true,\"sort\":3,\"superColumn\":false,\"tableId\":6,\"updateBy\":\"\",\"updateTime\":\"2024-07-02 15:38:53\",\"usableColumn\":false},{\"capJavaField\":\"Position\",\"columnComment\":\"职位\",\"columnId\":36,\"columnName\":\"position\",\"columnType\":\"varchar(255)\",\"createBy\":\"admin\",\"createTime\":\"2024-07-02 11:18:56\",\"dictType\":\"\",\"edit\":true,\"htmlType\":\"in','{\"msg\":\"操作成功\",\"code\":200}',0,NULL,'2024-07-03 08:50:15',35),(239,'代码生成',8,'com.ruoyi.generator.controller.GenController.batchGenCode()','GET',1,'admin','研发部门','/tool/gen/batchGenCode','127.0.0.1','内网IP','{\"tables\":\"employment_analysis\"}',NULL,0,NULL,'2024-07-03 08:50:24',107),(240,'代码生成',8,'com.ruoyi.generator.controller.GenController.batchGenCode()','GET',1,'admin','研发部门','/tool/gen/batchGenCode','127.0.0.1','内网IP','{\"tables\":\"employment_info\"}',NULL,0,NULL,'2024-07-03 08:50:31',23),(241,'学生就业信息',2,'com.ruoyi.web.controller.employment.EmploymentInfoController.edit()','PUT',1,'admin','研发部门','/employment/employment_info','127.0.0.1','内网IP','{\"companyName\":\"华为技术有限公司\",\"employmentDate\":\"2000-06-01\",\"employmentId\":26,\"location\":\"深圳\",\"params\":{},\"position\":\"程序员\",\"salary\":5123.45,\"status\":\"1\",\"studentId\":19970001}','{\"msg\":\"操作成功\",\"code\":200}',0,NULL,'2024-07-03 08:55:06',8),(242,'学生就业信息',2,'com.ruoyi.web.controller.employment.EmploymentInfoController.edit()','PUT',1,'admin','研发部门','/employment/employment_info','127.0.0.1','内网IP','{\"companyName\":\"华为技术有限公司\",\"employmentDate\":\"2000-06-01\",\"employmentId\":26,\"location\":\"深圳\",\"params\":{},\"position\":\"程序员\",\"salary\":5123.45,\"status\":\"0\",\"studentId\":19970001}','{\"msg\":\"操作成功\",\"code\":200}',0,NULL,'2024-07-03 08:55:34',4),(243,'高校院系专业学生信息',3,'com.ruoyi.web.controller.employment.DepartmentsStudentsController.remove()','DELETE',1,'admin','研发部门','/employment/departments_students/21','127.0.0.1','内网IP','{}','{\"msg\":\"操作成功\",\"code\":200}',0,NULL,'2024-07-03 10:49:45',16),(244,'学生就业信息',3,'com.ruoyi.web.controller.employment.EmploymentInfoController.remove()','DELETE',1,'admin','研发部门','/employment/employment_info/351','127.0.0.1','内网IP','{}','{\"msg\":\"操作成功\",\"code\":200}',0,NULL,'2024-07-03 15:02:57',11);
/*!40000 ALTER TABLE `sys_oper_log` ENABLE KEYS */;
UNLOCK TABLES;

--
-- Table structure for table `sys_post`
--

DROP TABLE IF EXISTS `sys_post`;
/*!40101 SET @saved_cs_client     = @@character_set_client */;
/*!50503 SET character_set_client = utf8mb4 */;
CREATE TABLE `sys_post` (
  `post_id` bigint NOT NULL AUTO_INCREMENT COMMENT '岗位ID',
  `post_code` varchar(64) NOT NULL COMMENT '岗位编码',
  `post_name` varchar(50) NOT NULL COMMENT '岗位名称',
  `post_sort` int NOT NULL COMMENT '显示顺序',
  `status` char(1) NOT NULL COMMENT '状态（0正常 1停用）',
  `create_by` varchar(64) DEFAULT '' COMMENT '创建者',
  `create_time` datetime DEFAULT NULL COMMENT '创建时间',
  `update_by` varchar(64) DEFAULT '' COMMENT '更新者',
  `update_time` datetime DEFAULT NULL COMMENT '更新时间',
  `remark` varchar(500) DEFAULT NULL COMMENT '备注',
  PRIMARY KEY (`post_id`)
) ENGINE=InnoDB AUTO_INCREMENT=5 DEFAULT CHARSET=utf8mb4 COLLATE=utf8mb4_0900_ai_ci COMMENT='岗位信息表';
/*!40101 SET character_set_client = @saved_cs_client */;

--
-- Dumping data for table `sys_post`
--

LOCK TABLES `sys_post` WRITE;
/*!40000 ALTER TABLE `sys_post` DISABLE KEYS */;
INSERT INTO `sys_post` VALUES (1,'ceo','董事长',1,'0','admin','2024-06-29 09:54:41','',NULL,''),(2,'se','项目经理',2,'0','admin','2024-06-29 09:54:41','',NULL,''),(3,'hr','人力资源',3,'0','admin','2024-06-29 09:54:41','',NULL,''),(4,'user','普通员工',4,'0','admin','2024-06-29 09:54:41','',NULL,'');
/*!40000 ALTER TABLE `sys_post` ENABLE KEYS */;
UNLOCK TABLES;

--
-- Table structure for table `sys_role`
--

DROP TABLE IF EXISTS `sys_role`;
/*!40101 SET @saved_cs_client     = @@character_set_client */;
/*!50503 SET character_set_client = utf8mb4 */;
CREATE TABLE `sys_role` (
  `role_id` bigint NOT NULL AUTO_INCREMENT COMMENT '角色ID',
  `role_name` varchar(30) NOT NULL COMMENT '角色名称',
  `role_key` varchar(100) NOT NULL COMMENT '角色权限字符串',
  `role_sort` int NOT NULL COMMENT '显示顺序',
  `data_scope` char(1) DEFAULT '1' COMMENT '数据范围（1：全部数据权限 2：自定数据权限 3：本部门数据权限 4：本部门及以下数据权限）',
  `menu_check_strictly` tinyint(1) DEFAULT '1' COMMENT '菜单树选择项是否关联显示',
  `dept_check_strictly` tinyint(1) DEFAULT '1' COMMENT '部门树选择项是否关联显示',
  `status` char(1) NOT NULL COMMENT '角色状态（0正常 1停用）',
  `del_flag` char(1) DEFAULT '0' COMMENT '删除标志（0代表存在 2代表删除）',
  `create_by` varchar(64) DEFAULT '' COMMENT '创建者',
  `create_time` datetime DEFAULT NULL COMMENT '创建时间',
  `update_by` varchar(64) DEFAULT '' COMMENT '更新者',
  `update_time` datetime DEFAULT NULL COMMENT '更新时间',
  `remark` varchar(500) DEFAULT NULL COMMENT '备注',
  PRIMARY KEY (`role_id`)
) ENGINE=InnoDB AUTO_INCREMENT=100 DEFAULT CHARSET=utf8mb4 COLLATE=utf8mb4_0900_ai_ci COMMENT='角色信息表';
/*!40101 SET character_set_client = @saved_cs_client */;

--
-- Dumping data for table `sys_role`
--

LOCK TABLES `sys_role` WRITE;
/*!40000 ALTER TABLE `sys_role` DISABLE KEYS */;
INSERT INTO `sys_role` VALUES (1,'超级管理员','admin',1,'1',1,1,'0','0','admin','2024-06-29 09:54:41','',NULL,'超级管理员'),(2,'普通角色','common',2,'2',1,1,'0','0','admin','2024-06-29 09:54:41','',NULL,'普通角色');
/*!40000 ALTER TABLE `sys_role` ENABLE KEYS */;
UNLOCK TABLES;

--
-- Table structure for table `sys_role_dept`
--

DROP TABLE IF EXISTS `sys_role_dept`;
/*!40101 SET @saved_cs_client     = @@character_set_client */;
/*!50503 SET character_set_client = utf8mb4 */;
CREATE TABLE `sys_role_dept` (
  `role_id` bigint NOT NULL COMMENT '角色ID',
  `dept_id` bigint NOT NULL COMMENT '部门ID',
  PRIMARY KEY (`role_id`,`dept_id`)
) ENGINE=InnoDB DEFAULT CHARSET=utf8mb4 COLLATE=utf8mb4_0900_ai_ci COMMENT='角色和部门关联表';
/*!40101 SET character_set_client = @saved_cs_client */;

--
-- Dumping data for table `sys_role_dept`
--

LOCK TABLES `sys_role_dept` WRITE;
/*!40000 ALTER TABLE `sys_role_dept` DISABLE KEYS */;
INSERT INTO `sys_role_dept` VALUES (2,100),(2,101),(2,105);
/*!40000 ALTER TABLE `sys_role_dept` ENABLE KEYS */;
UNLOCK TABLES;

--
-- Table structure for table `sys_role_menu`
--

DROP TABLE IF EXISTS `sys_role_menu`;
/*!40101 SET @saved_cs_client     = @@character_set_client */;
/*!50503 SET character_set_client = utf8mb4 */;
CREATE TABLE `sys_role_menu` (
  `role_id` bigint NOT NULL COMMENT '角色ID',
  `menu_id` bigint NOT NULL COMMENT '菜单ID',
  PRIMARY KEY (`role_id`,`menu_id`)
) ENGINE=InnoDB DEFAULT CHARSET=utf8mb4 COLLATE=utf8mb4_0900_ai_ci COMMENT='角色和菜单关联表';
/*!40101 SET character_set_client = @saved_cs_client */;

--
-- Dumping data for table `sys_role_menu`
--

LOCK TABLES `sys_role_menu` WRITE;
/*!40000 ALTER TABLE `sys_role_menu` DISABLE KEYS */;
INSERT INTO `sys_role_menu` VALUES (2,1),(2,2),(2,3),(2,4),(2,100),(2,101),(2,102),(2,103),(2,104),(2,105),(2,106),(2,107),(2,108),(2,109),(2,110),(2,111),(2,112),(2,113),(2,114),(2,115),(2,116),(2,117),(2,500),(2,501),(2,1000),(2,1001),(2,1002),(2,1003),(2,1004),(2,1005),(2,1006),(2,1007),(2,1008),(2,1009),(2,1010),(2,1011),(2,1012),(2,1013),(2,1014),(2,1015),(2,1016),(2,1017),(2,1018),(2,1019),(2,1020),(2,1021),(2,1022),(2,1023),(2,1024),(2,1025),(2,1026),(2,1027),(2,1028),(2,1029),(2,1030),(2,1031),(2,1032),(2,1033),(2,1034),(2,1035),(2,1036),(2,1037),(2,1038),(2,1039),(2,1040),(2,1041),(2,1042),(2,1043),(2,1044),(2,1045),(2,1046),(2,1047),(2,1048),(2,1049),(2,1050),(2,1051),(2,1052),(2,1053),(2,1054),(2,1055),(2,1056),(2,1057),(2,1058),(2,1059),(2,1060);
/*!40000 ALTER TABLE `sys_role_menu` ENABLE KEYS */;
UNLOCK TABLES;

--
-- Table structure for table `sys_user`
--

DROP TABLE IF EXISTS `sys_user`;
/*!40101 SET @saved_cs_client     = @@character_set_client */;
/*!50503 SET character_set_client = utf8mb4 */;
CREATE TABLE `sys_user` (
  `user_id` bigint NOT NULL AUTO_INCREMENT COMMENT '用户ID',
  `dept_id` bigint DEFAULT NULL COMMENT '部门ID',
  `user_name` varchar(30) NOT NULL COMMENT '用户账号',
  `nick_name` varchar(30) NOT NULL COMMENT '用户昵称',
  `user_type` varchar(2) DEFAULT '00' COMMENT '用户类型（00系统用户）',
  `email` varchar(50) DEFAULT '' COMMENT '用户邮箱',
  `phonenumber` varchar(11) DEFAULT '' COMMENT '手机号码',
  `sex` char(1) DEFAULT '0' COMMENT '用户性别（0男 1女 2未知）',
  `avatar` varchar(100) DEFAULT '' COMMENT '头像地址',
  `password` varchar(100) DEFAULT '' COMMENT '密码',
  `status` char(1) DEFAULT '0' COMMENT '帐号状态（0正常 1停用）',
  `del_flag` char(1) DEFAULT '0' COMMENT '删除标志（0代表存在 2代表删除）',
  `login_ip` varchar(128) DEFAULT '' COMMENT '最后登录IP',
  `login_date` datetime DEFAULT NULL COMMENT '最后登录时间',
  `create_by` varchar(64) DEFAULT '' COMMENT '创建者',
  `create_time` datetime DEFAULT NULL COMMENT '创建时间',
  `update_by` varchar(64) DEFAULT '' COMMENT '更新者',
  `update_time` datetime DEFAULT NULL COMMENT '更新时间',
  `remark` varchar(500) DEFAULT NULL COMMENT '备注',
  PRIMARY KEY (`user_id`)
) ENGINE=InnoDB AUTO_INCREMENT=100 DEFAULT CHARSET=utf8mb4 COLLATE=utf8mb4_0900_ai_ci COMMENT='用户信息表';
/*!40101 SET character_set_client = @saved_cs_client */;

--
-- Dumping data for table `sys_user`
--

LOCK TABLES `sys_user` WRITE;
/*!40000 ALTER TABLE `sys_user` DISABLE KEYS */;
INSERT INTO `sys_user` VALUES (1,103,'admin','若依','00','ry@163.com','15888888888','1','','$2a$10$7JB720yubVSZvUI0rEqK/.VqGOZTH.ulu33dHOiBE8ByOhJIrdAu2','0','0','127.0.0.1','2024-07-04 08:18:01','admin','2024-06-29 09:54:41','','2024-07-04 08:18:01','管理员'),(2,105,'ry','若依','00','ry@qq.com','15666666666','1','','$2a$10$7JB720yubVSZvUI0rEqK/.VqGOZTH.ulu33dHOiBE8ByOhJIrdAu2','0','0','127.0.0.1','2024-06-29 09:54:41','admin','2024-06-29 09:54:41','',NULL,'测试员');
/*!40000 ALTER TABLE `sys_user` ENABLE KEYS */;
UNLOCK TABLES;

--
-- Table structure for table `sys_user_post`
--

DROP TABLE IF EXISTS `sys_user_post`;
/*!40101 SET @saved_cs_client     = @@character_set_client */;
/*!50503 SET character_set_client = utf8mb4 */;
CREATE TABLE `sys_user_post` (
  `user_id` bigint NOT NULL COMMENT '用户ID',
  `post_id` bigint NOT NULL COMMENT '岗位ID',
  PRIMARY KEY (`user_id`,`post_id`)
) ENGINE=InnoDB DEFAULT CHARSET=utf8mb4 COLLATE=utf8mb4_0900_ai_ci COMMENT='用户与岗位关联表';
/*!40101 SET character_set_client = @saved_cs_client */;

--
-- Dumping data for table `sys_user_post`
--

LOCK TABLES `sys_user_post` WRITE;
/*!40000 ALTER TABLE `sys_user_post` DISABLE KEYS */;
INSERT INTO `sys_user_post` VALUES (1,1),(2,2);
/*!40000 ALTER TABLE `sys_user_post` ENABLE KEYS */;
UNLOCK TABLES;

--
-- Table structure for table `sys_user_role`
--

DROP TABLE IF EXISTS `sys_user_role`;
/*!40101 SET @saved_cs_client     = @@character_set_client */;
/*!50503 SET character_set_client = utf8mb4 */;
CREATE TABLE `sys_user_role` (
  `user_id` bigint NOT NULL COMMENT '用户ID',
  `role_id` bigint NOT NULL COMMENT '角色ID',
  PRIMARY KEY (`user_id`,`role_id`)
) ENGINE=InnoDB DEFAULT CHARSET=utf8mb4 COLLATE=utf8mb4_0900_ai_ci COMMENT='用户和角色关联表';
/*!40101 SET character_set_client = @saved_cs_client */;

--
-- Dumping data for table `sys_user_role`
--

LOCK TABLES `sys_user_role` WRITE;
/*!40000 ALTER TABLE `sys_user_role` DISABLE KEYS */;
INSERT INTO `sys_user_role` VALUES (1,1),(2,2);
/*!40000 ALTER TABLE `sys_user_role` ENABLE KEYS */;
UNLOCK TABLES;

--
-- Table structure for table `system_logs`
--

DROP TABLE IF EXISTS `system_logs`;
/*!40101 SET @saved_cs_client     = @@character_set_client */;
/*!50503 SET character_set_client = utf8mb4 */;
CREATE TABLE `system_logs` (
  `log_id` bigint unsigned NOT NULL AUTO_INCREMENT COMMENT '日志ID',
  `timestamp` timestamp NOT NULL DEFAULT CURRENT_TIMESTAMP COMMENT '时间戳',
  `user_id` bigint NOT NULL COMMENT '用户ID',
  `action` varchar(255) CHARACTER SET utf8mb4 COLLATE utf8mb4_general_ci NOT NULL COMMENT '操作',
  `details` text CHARACTER SET utf8mb4 COLLATE utf8mb4_general_ci COMMENT '操作详情',
  `ip_address` varchar(50) CHARACTER SET utf8mb4 COLLATE utf8mb4_general_ci DEFAULT NULL COMMENT 'IP地址',
  PRIMARY KEY (`log_id`) USING BTREE
) ENGINE=InnoDB AUTO_INCREMENT=3 DEFAULT CHARSET=utf8mb4 COLLATE=utf8mb4_general_ci ROW_FORMAT=DYNAMIC COMMENT='系统日志表';
/*!40101 SET character_set_client = @saved_cs_client */;

--
-- Dumping data for table `system_logs`
--

LOCK TABLES `system_logs` WRITE;
/*!40000 ALTER TABLE `system_logs` DISABLE KEYS */;
INSERT INTO `system_logs` VALUES (1,'2024-07-02 03:17:26',1,'登录','用户1登录系统','192.168.1.1'),(2,'2024-07-02 03:17:26',2,'添加数据','用户2添加了一条学生就业信息','192.168.1.2');
/*!40000 ALTER TABLE `system_logs` ENABLE KEYS */;
UNLOCK TABLES;

--
-- Table structure for table `wms_material`
--

DROP TABLE IF EXISTS `wms_material`;
/*!40101 SET @saved_cs_client     = @@character_set_client */;
/*!50503 SET character_set_client = utf8mb4 */;
CREATE TABLE `wms_material` (
  `id` bigint unsigned NOT NULL AUTO_INCREMENT COMMENT '物料档案ID',
  `classify_id` bigint DEFAULT NULL COMMENT '物料分类ID',
  `material_code` varchar(255) CHARACTER SET utf8mb4 COLLATE utf8mb4_general_ci DEFAULT NULL COMMENT '物料编码',
  `material_name` varchar(255) CHARACTER SET utf8mb4 COLLATE utf8mb4_general_ci DEFAULT NULL COMMENT '物料名称',
  `material_model` varchar(255) CHARACTER SET utf8mb4 COLLATE utf8mb4_0900_ai_ci DEFAULT NULL COMMENT '型号',
  `material_specifications` varchar(255) CHARACTER SET utf8mb4 COLLATE utf8mb4_general_ci DEFAULT NULL COMMENT '规格',
  `material_unit` varchar(255) CHARACTER SET utf8mb4 COLLATE utf8mb4_general_ci DEFAULT NULL COMMENT '单位',
  `material_price` decimal(10,2) DEFAULT NULL COMMENT '单价',
  `material_type` bigint DEFAULT NULL COMMENT '类型',
  `remark` varchar(255) CHARACTER SET utf8mb4 COLLATE utf8mb4_0900_ai_ci DEFAULT NULL COMMENT '备注',
  PRIMARY KEY (`id`) USING BTREE
) ENGINE=InnoDB AUTO_INCREMENT=49 DEFAULT CHARSET=utf8mb4 COLLATE=utf8mb4_0900_ai_ci ROW_FORMAT=DYNAMIC COMMENT='智能仓储WMS-物料档案表';
/*!40101 SET character_set_client = @saved_cs_client */;

--
-- Dumping data for table `wms_material`
--

LOCK TABLES `wms_material` WRITE;
/*!40000 ALTER TABLE `wms_material` DISABLE KEYS */;
INSERT INTO `wms_material` VALUES (1,11,'0001','1.4T发动机','1.4TASFG','1.4排量','个',5000.00,1,''),(2,9,'0002','1.4T排量轿车','1.4TSI','直立4缸','辆',100000.00,0,''),(8,9,'0003','1.6排量轿车','5挡手动两箱','汽油车','辆',85500.00,0,NULL),(9,9,'0004','1.8排量轿车','9挡双离合三厢','汽油车','辆',248000.00,0,NULL),(10,9,'0005','2.0排量轿车','7挡双离合三厢','汽油车','辆',298000.00,0,NULL),(11,9,'0006','2.5排量轿车','9挡双离合三厢','汽油车','辆',398000.00,0,NULL),(12,9,'0007','3.0排量轿车','9挡双离合两箱','汽油车','辆',428000.00,0,NULL),(13,9,'0008','4.5排量轿跑','9挡双离合三厢','汽油车','辆',888000.00,0,NULL),(14,13,'1001','米其林轮胎','胎面宽168','210','条',588.00,1,NULL),(15,14,'1002','锂电池','EL3RT4G','EL3RT4G','块',9800.00,1,NULL),(16,11,'1003','1.8排量发动机','VM18ERT','汽油发动机','台',488.00,1,NULL),(17,11,'1004','1.6排量发动机','EX917394','汽油发动机','台',68888.00,1,NULL),(18,13,'1005','215轮胎','固特异','宽胎','个',118.00,1,NULL),(19,12,'1006','CVT变速箱','CVT','CVT','个',688.00,1,NULL),(20,13,'1007','215轮胎','马牌215','窄胎','个',320.00,1,NULL),(21,11,'1008','2.5T发动机','汽油发动机','2.5排量自然吸气','个',1288.00,1,NULL),(22,11,'1009','3.0T发动机','汽油发动机','3.0排量自然吸气','个',1588.00,1,NULL),(23,11,'1010','4.5T发动机','汽油','4.5排量自然吸气','个',2088.00,1,NULL),(24,19,'1011','LED刹车灯','FA5987','LED','对',1088.00,1,NULL),(25,20,'1012','自动空调','DS3625','自动空调9.1','套',1388.00,1,NULL),(26,21,'1013','主驾座椅','FSA6366','真皮','个',3000.00,1,NULL),(27,21,'1014','副驾座椅','GS6366','真皮','个',1588.00,1,NULL),(28,15,'1015','4门三厢','DF659841','4门','个',6600.00,1,NULL),(29,15,'1016','4门一体','4门一体','RE5968','个',5800.00,1,NULL),(30,16,'1017','A类底盘','DS5666','整车','个',600.00,1,NULL),(31,16,'1018','B类底盘','TE3633','整车','个',1200.00,1,NULL),(32,18,'1019','LED转向灯','FF9988','LED','对',980.00,1,NULL),(33,9,'1020','3.0T越野吉普','全时四驱','3.0排量','辆',400000.00,0,NULL),(34,9,'1021','2.5T都市SUV','长城SUV','2.5排量四驱','辆',250000.00,0,NULL),(35,9,'1022','2.0T四驱SUV','大众SUV','四驱1.8T','辆',200000.00,0,NULL),(36,9,'1023','1.8T三厢轿车','哈弗1.8T','三厢1.8T','辆',170000.00,0,NULL),(37,10,'1024','理想混合动力轿车','VHE','油电混合','辆',220000.00,0,NULL),(38,10,'0101','比亚迪汉DM','5挡三厢','电车','辆',270000.00,0,NULL),(39,10,'0102','ZEEKER001','9挡三厢','纯电车','辆',350000.00,0,NULL),(40,10,'0103','理想L7','9挡三厢','纯电车','辆',370000.00,0,NULL),(41,10,'0104','海豹','9挡三厢','纯电车','辆',250000.00,0,NULL),(42,10,'0105','小鹏P7','10挡三厢','纯电车','量',330000.00,0,NULL),(43,10,'0106','问界M7','9挡三厢','纯电车','量',350000.00,0,NULL),(44,10,'0107','宝马i3','8挡三厢','纯电车','辆',400000.00,0,NULL),(45,10,'0108','Taycan','10挡三厢','纯电车','辆',890000.00,0,NULL),(46,10,'0109','宝马iX3','9挡三厢','纯电车','辆',420000.00,0,NULL),(47,10,'0110','ModelS','7挡三厢','纯电车','辆',800000.00,0,NULL),(48,17,'1020','氙气大灯','DF1020','氙气','个',720.00,1,NULL);
/*!40000 ALTER TABLE `wms_material` ENABLE KEYS */;
UNLOCK TABLES;

--
-- Table structure for table `wms_material_classify`
--

DROP TABLE IF EXISTS `wms_material_classify`;
/*!40101 SET @saved_cs_client     = @@character_set_client */;
/*!50503 SET character_set_client = utf8mb4 */;
CREATE TABLE `wms_material_classify` (
  `id` bigint unsigned NOT NULL AUTO_INCREMENT COMMENT '物料分类ID',
  `pid` bigint DEFAULT NULL COMMENT '父级ID',
  `name` varchar(255) CHARACTER SET utf8mb4 COLLATE utf8mb4_0900_ai_ci DEFAULT NULL COMMENT '分类名称',
  `code` varchar(255) CHARACTER SET utf8mb4 COLLATE utf8mb4_0900_ai_ci DEFAULT NULL COMMENT '分类编号',
  `remark` varchar(255) CHARACTER SET utf8mb4 COLLATE utf8mb4_0900_ai_ci DEFAULT NULL COMMENT '说明',
  PRIMARY KEY (`id`) USING BTREE
) ENGINE=InnoDB AUTO_INCREMENT=23 DEFAULT CHARSET=utf8mb4 COLLATE=utf8mb4_0900_ai_ci ROW_FORMAT=DYNAMIC COMMENT='智能仓储WMS-物料分类表';
/*!40101 SET character_set_client = @saved_cs_client */;

--
-- Dumping data for table `wms_material_classify`
--

LOCK TABLES `wms_material_classify` WRITE;
/*!40000 ALTER TABLE `wms_material_classify` DISABLE KEYS */;
INSERT INTO `wms_material_classify` VALUES (1,0,'成品','AA','物料成品'),(3,0,'零件','BB','物料零件'),(9,1,'燃油车','AA001','燃油车成品'),(10,1,'新能源车','AA002','新能源车成品'),(11,3,'发动机','BB001','发动机零件'),(12,3,'变速箱','BB002','变速箱零件'),(13,3,'轮胎','BB003','轮胎零件'),(14,3,'电池','BB004','电池零件'),(15,3,'车身','BB005','车身零件'),(16,3,'底盘','BB006','底盘零件'),(17,3,'前大灯','BB007','前大灯零件'),(18,3,'转向灯','BB008','转向灯零件'),(19,3,'刹车灯','BB009','刹车灯零件'),(20,3,'空调系统','BB010','空调系统零件'),(21,3,'车座椅','BB011','车座椅零件');
/*!40000 ALTER TABLE `wms_material_classify` ENABLE KEYS */;
UNLOCK TABLES;
/*!40103 SET TIME_ZONE=@OLD_TIME_ZONE */;

/*!40101 SET SQL_MODE=@OLD_SQL_MODE */;
/*!40014 SET FOREIGN_KEY_CHECKS=@OLD_FOREIGN_KEY_CHECKS */;
/*!40014 SET UNIQUE_CHECKS=@OLD_UNIQUE_CHECKS */;
/*!40101 SET CHARACTER_SET_CLIENT=@OLD_CHARACTER_SET_CLIENT */;
/*!40101 SET CHARACTER_SET_RESULTS=@OLD_CHARACTER_SET_RESULTS */;
/*!40101 SET COLLATION_CONNECTION=@OLD_COLLATION_CONNECTION */;
/*!40111 SET SQL_NOTES=@OLD_SQL_NOTES */;

-- Dump completed on 2024-07-04  8:19:12
