-- MySQL dump 10.13  Distrib 8.0.37, for Win64 (x86_64)
--
-- Host: 127.0.0.1    Database: ruoyi-vue
-- ------------------------------------------------------
-- Server version	8.0.37

/*!40101 SET @OLD_CHARACTER_SET_CLIENT=@@CHARACTER_SET_CLIENT */;
/*!40101 SET @OLD_CHARACTER_SET_RESULTS=@@CHARACTER_SET_RESULTS */;
/*!40101 SET @OLD_COLLATION_CONNECTION=@@COLLATION_CONNECTION */;
/*!50503 SET NAMES utf8mb4 */;
/*!40103 SET @OLD_TIME_ZONE=@@TIME_ZONE */;
/*!40103 SET TIME_ZONE='+00:00' */;
/*!40014 SET @OLD_UNIQUE_CHECKS=@@UNIQUE_CHECKS, UNIQUE_CHECKS=0 */;
/*!40014 SET @OLD_FOREIGN_KEY_CHECKS=@@FOREIGN_KEY_CHECKS, FOREIGN_KEY_CHECKS=0 */;
/*!40101 SET @OLD_SQL_MODE=@@SQL_MODE, SQL_MODE='NO_AUTO_VALUE_ON_ZERO' */;
/*!40111 SET @OLD_SQL_NOTES=@@SQL_NOTES, SQL_NOTES=0 */;

--
-- Table structure for table `departments_students`
--

DROP TABLE IF EXISTS `departments_students`;
/*!40101 SET @saved_cs_client     = @@character_set_client */;
/*!50503 SET character_set_client = utf8mb4 */;
CREATE TABLE `departments_students` (
  `id` bigint unsigned NOT NULL AUTO_INCREMENT COMMENT '记录ID',
  `college_id` bigint NOT NULL COMMENT '高校ID',
  `college_name` varchar(255) CHARACTER SET utf8mb4 COLLATE utf8mb4_general_ci NOT NULL COMMENT '高校名称',
  `department_id` bigint NOT NULL COMMENT '院系ID',
  `department_name` varchar(255) CHARACTER SET utf8mb4 COLLATE utf8mb4_general_ci NOT NULL COMMENT '院系名称',
  `major_id` bigint NOT NULL COMMENT '专业ID',
  `major_name` varchar(255) CHARACTER SET utf8mb4 COLLATE utf8mb4_general_ci NOT NULL COMMENT '专业名称',
  `student_id` bigint NOT NULL COMMENT '学生ID',
  `student_name` varchar(255) CHARACTER SET utf8mb4 COLLATE utf8mb4_general_ci NOT NULL COMMENT '学生姓名',
  `gender` char(1) CHARACTER SET utf8mb4 COLLATE utf8mb4_general_ci DEFAULT NULL COMMENT '性别',
  `date_of_birth` date DEFAULT NULL COMMENT '出生日期',
  `enrollment_year` year DEFAULT NULL COMMENT '入学年份',
  PRIMARY KEY (`id`) USING BTREE,
  KEY `idx_student_id` (`student_id`),
  KEY `idx_department_id` (`department_id`),
  KEY `idx_major_id` (`major_id`)
) ENGINE=InnoDB AUTO_INCREMENT=1353 DEFAULT CHARSET=utf8mb4 COLLATE=utf8mb4_general_ci ROW_FORMAT=DYNAMIC COMMENT='高校院系专业学生信息表';
/*!40101 SET character_set_client = @saved_cs_client */;

--
-- Dumping data for table `departments_students`
--

LOCK TABLES `departments_students` WRITE;
/*!40000 ALTER TABLE `departments_students` DISABLE KEYS */;
INSERT INTO `departments_students` VALUES (186,3,'西北大学',3,'软件工程学院',2,'物联网',19970101,'石海清','M','1979-01-01',1997),(187,3,'西北大学',3,'信息学院',2,'物联网',19980102,'孟思茵','F','1980-01-01',1998),(188,3,'西北大学',3,'软件学院',2,'物联网',19990103,'雷元兴','M','1981-01-01',1999),(189,3,'西北大学',3,'信息学院',2,'物联网',20000104,'钟逸君','F','1982-01-01',2000),(190,3,'西北大学',3,'软件学院',2,'物联网',20010105,'邵航宇','M','1983-01-01',2001),(191,3,'西北大学',3,'信息学院',2,'物联网',20020106,'花雪林','F','1984-01-01',2002),(192,3,'西北大学',3,'软件学院',2,'物联网',20030107,'景泽炜','M','1985-01-01',2003),(193,3,'西北大学',3,'信息学院',2,'物联网',20040108,'燕嘉雯','F','1986-01-01',2004),(194,3,'西北大学',3,'软件学院',2,'物联网',20050109,'温海涛','M','1987-01-01',2005),(195,3,'西北大学',3,'信息学院',2,'物联网',20060110,'胡语柔','F','1988-01-01',2006),(196,3,'西北大学',3,'软件学院',2,'物联网',20070111,'秦文清','M','1989-01-01',2007),(197,3,'西北大学',3,'信息学院',2,'物联网',20080112,'凌梦雪','F','1990-01-01',2008),(198,3,'西北大学',3,'软件学院',2,'物联网',20090113,'施辰朗','M','1991-01-01',2009),(199,3,'西北大学',3,'信息学院',2,'物联网',20100114,'韦雨桐','F','1992-01-01',2010),(200,3,'西北大学',3,'软件学院',2,'物联网',20110115,'裴卓霖','M','1993-01-01',2011),(201,3,'西北大学',3,'信息学院',2,'物联网',20120116,'曲雨婷','F','1994-01-01',2012),(202,3,'西北大学',3,'软件学院',2,'物联网',20130117,'左健晖','M','1995-01-01',2013),(203,3,'西北大学',3,'信息学院',2,'物联网',20140118,'贺思雅','F','1996-01-01',2014),(204,3,'西北大学',3,'软件学院',2,'物联网',20150119,'杜明辉','M','1997-01-01',2015),(205,3,'西北大学',3,'信息学院',2,'物联网',20160120,'樊静文','F','1998-01-01',2016),(206,3,'西北大学',3,'软件学院',2,'物联网',20170121,'柯辰曦','M','1999-01-01',2017),(207,3,'西北大学',3,'信息学院',2,'物联网',20180122,'卢梦瑶','F','2000-01-01',2018),(208,3,'西北大学',3,'软件学院',2,'物联网',20190123,'龙梓洋','M','2001-01-01',2019),(209,3,'西北大学',3,'信息学院',2,'物联网',20200124,'华晓玲','F','2002-01-01',2020),(210,3,'西北大学',3,'软件学院',2,'物联网',20010125,'郝皓轩','M','1983-01-01',2001),(211,3,'西北大学',3,'信息学院',2,'物联网',20020126,'杜语柔','F','1984-01-01',2002),(212,3,'西北大学',3,'软件学院',2,'物联网',20030127,'严子龙','M','1985-01-01',2003),(213,3,'西北大学',3,'信息学院',2,'物联网',20040128,'花雪灵','F','1986-01-01',2004),(214,3,'西北大学',3,'软件学院',2,'物联网',20050129,'赵俊杰','M','1987-01-01',2005),(215,3,'西北大学',3,'信息学院',2,'物联网',20060130,'汤婉婷','F','1988-01-01',2006),(216,3,'西北大学',3,'软件学院',2,'物联网',20070131,'段嘉豪','M','1989-01-01',2007),(217,3,'西北大学',3,'信息学院',2,'物联网',20080132,'林子涵','F','1990-01-01',2008),(218,3,'西北大学',3,'软件学院',2,'物联网',20090133,'岳成鑫','M','1991-01-01',2009),(219,3,'西北大学',3,'信息学院',2,'物联网',20100134,'付静怡','F','1992-01-01',2010),(220,3,'西北大学',3,'软件学院',2,'物联网',20110135,'荣嘉楠','M','1993-01-01',2011),(221,3,'西北大学',3,'信息学院',2,'物联网',20120136,'毕诗涵','F','1994-01-01',2012),(222,3,'西北大学',3,'软件学院',2,'物联网',20130137,'陶俊杰','M','1995-01-01',2013),(223,3,'西北大学',3,'信息学院',2,'物联网',20140138,'郝雨薇','F','1996-01-01',2014),(224,3,'西北大学',3,'软件学院',2,'物联网',20150139,'柯俊杰','M','1997-01-01',2015),(225,3,'西北大学',3,'信息学院',2,'物联网',20160140,'余雪芬','F','1998-01-01',2016),(251,4,'西安交通大学',4,'电气学院',3,'电气工程',20011005,'陈浩宇','M','1983-01-01',2001),(252,4,'西安交通大学',4,'电气学院',3,'电气工程',20021006,'杨雅静','F','1984-01-01',2002),(253,4,'西安交通大学',4,'电气学院',3,'电气工程',20031007,'吴志伟','M','1985-01-01',2003),(254,4,'西安交通大学',4,'电气学院',3,'电气工程',20041008,'王馨悦','F','1986-01-01',2004),(255,4,'西安交通大学',4,'电气学院',3,'电气工程',20051009,'徐建平','M','1987-01-01',2005),(256,4,'西安交通大学',4,'电气学院',3,'电气工程',20061010,'周晓彤','F','1988-01-01',2006),(257,4,'西安交通大学',4,'电气学院',3,'电气工程',20071011,'张子涵','M','1989-01-01',2007),(258,4,'西安交通大学',4,'电气学院',3,'电气工程',20081012,'林雨欣','F','1990-01-01',2008),(259,4,'西安交通大学',4,'电气学院',3,'电气工程',20091013,'冯伟强','M','1991-01-01',2009),(260,4,'西安交通大学',4,'电气学院',3,'电气工程',20101014,'黄思琪','F','1992-01-01',2010),(261,4,'西安交通大学',4,'电气学院',3,'电气工程',20111015,'刘志杰','M','1993-01-01',2011),(262,4,'西安交通大学',4,'电气学院',3,'电气工程',20121016,'罗美琳','F','1994-01-01',2012),(263,4,'西安交通大学',4,'电气学院',3,'电气工程',20131017,'沈俊楠','M','1995-01-01',2013),(264,4,'西安交通大学',4,'电气学院',3,'电气工程',20141018,'袁雅慧','F','1996-01-01',2014),(265,4,'西安交通大学',4,'电气学院',3,'电气工程',20151019,'顾辰宇','M','1997-01-01',2015),(266,4,'西安交通大学',4,'电气学院',3,'电气工程',20161020,'魏雨欣','F','1998-01-01',2016),(267,4,'西安交通大学',4,'电气学院',3,'电气工程',20171021,'韩晓东','M','1999-01-01',2017),(268,4,'西安交通大学',4,'电气学院',3,'电气工程',20181022,'宋婉婷','F','2000-01-01',2018),(269,4,'西安交通大学',4,'电气学院',3,'电气工程',20191023,'冯子龙','M','2001-01-01',2019),(270,4,'西安交通大学',4,'电气学院',3,'电气工程',20201024,'徐梦琳','F','2002-01-01',2020),(271,4,'西安交通大学',4,'电气学院',3,'电气工程',20011025,'郝皓轩','M','1983-01-01',2001),(272,4,'西安交通大学',4,'电气学院',3,'电气工程',20021026,'杜语柔','F','1984-01-01',2002),(273,4,'西安交通大学',4,'电气学院',3,'电气工程',20031027,'严子龙','M','1985-01-01',2003),(274,4,'西安交通大学',4,'电气学院',3,'电气工程',20041028,'花雪灵','F','1986-01-01',2004),(275,4,'西安交通大学',4,'电气学院',3,'电气工程',20051029,'赵俊杰','M','1987-01-01',2005),(276,4,'西安交通大学',4,'电气学院',3,'电气工程',20061030,'汤婉婷','F','1988-01-01',2006),(277,4,'西安交通大学',4,'电气学院',3,'电气工程',20071031,'段嘉豪','M','1989-01-01',2007),(278,4,'西安交通大学',4,'电气学院',3,'电气工程',20081032,'林子涵','F','1990-01-01',2008),(279,4,'西安交通大学',4,'电气学院',3,'电气工程',20091033,'岳成鑫','M','1991-01-01',2009),(280,4,'西安交通大学',4,'电气学院',3,'电气工程',20101034,'付静怡','F','1992-01-01',2010),(281,4,'西安交通大学',4,'电气学院',3,'电气工程',20111035,'荣嘉楠','M','1993-01-01',2011),(282,4,'西安交通大学',4,'电气学院',3,'电气工程',20121036,'毕诗涵','F','1994-01-01',2012),(283,4,'西安交通大学',4,'电气学院',3,'电气工程',20131037,'陶俊杰','M','1995-01-01',2013),(284,4,'西安交通大学',4,'电气学院',3,'电气工程',20141038,'郝雨薇','F','1996-01-01',2014),(285,4,'西安交通大学',4,'电气学院',3,'电气工程',20151039,'柯俊杰','M','1997-01-01',2015),(286,4,'西安交通大学',4,'电气学院',3,'电气工程',20161040,'余雪芬','F','1998-01-01',2016),(287,4,'西安交通大学',4,'电气学院',3,'电气工程',20171041,'龙天宇','M','1999-01-01',2017),(288,4,'西安交通大学',4,'电气学院',3,'电气工程',20181042,'姚梦雪','F','2000-01-01',2018),(289,4,'西安交通大学',4,'电气学院',3,'电气工程',20191043,'滕伟','M','2001-01-01',2019),(290,4,'西安交通大学',4,'电气学院',3,'电气工程',20201044,'尤雨馨','F','2002-01-01',2020),(291,4,'西安交通大学',4,'软件学院',3,'电气工程',20201045,'语馨','F','2002-01-01',1997),(461,4,'西安交通大学',4,'电气学院',3,'电气工程',19981145,'语是个馨','F','2002-01-01',1998),(631,4,'北京大学',5,'工程学院',3,'电气工程',199700011,'李华东','M','1979-01-01',1997),(632,4,'北京大学',5,'工程学院',3,'电气工程',199700021,'王建国','M','1978-12-15',1997),(633,4,'北京大学',5,'工程学院',3,'电气工程',199700031,'陈晓峰','M','1978-11-12',1997),(634,4,'北京大学',5,'工程学院',3,'电气工程',199800011,'丁文轩','M','1980-03-02',1998),(635,4,'北京大学',5,'工程学院',3,'电气工程',199800021,'陈静怡','F','1979-12-25',1998),(636,4,'北京大学',5,'工程学院',3,'电气工程',199800031,'杨国强','M','1979-11-12',1998),(637,4,'北京大学',5,'工程学院',3,'电气工程',199900011,'郑小龙','M','1981-03-01',1999),(638,4,'北京大学',5,'工程学院',3,'电气工程',199900021,'何文静','F','1980-12-21',1999),(639,4,'北京大学',5,'工程学院',3,'电气工程',199900031,'孙志辉','M','1980-11-02',1999),(640,4,'北京大学',5,'工程学院',3,'电气工程',200000011,'高志鹏','M','1982-03-05',2000),(641,4,'北京大学',5,'工程学院',3,'电气工程',200000021,'李慧敏','F','1981-12-28',2000),(642,4,'北京大学',5,'工程学院',3,'电气工程',200000031,'周晓峰','M','1981-11-15',2000),(643,4,'北京大学',5,'工程学院',3,'电气工程',200100011,'丁志成','M','1983-03-11',2001),(644,4,'北京大学',5,'工程学院',3,'电气工程',200100021,'陈静怡','F','1982-12-22',2001),(645,4,'北京大学',5,'工程学院',3,'电气工程',200100031,'杨国华','M','1982-11-10',2001),(646,4,'北京大学',5,'工程学院',3,'电气工程',200200011,'郑小龙','M','1984-03-14',2002),(647,4,'北京大学',5,'工程学院',3,'电气工程',200200021,'何文静','F','1983-12-25',2002),(648,4,'北京大学',5,'工程学院',3,'电气工程',200200031,'孙志辉','M','1983-11-13',2002),(649,4,'北京大学',5,'工程学院',3,'电气工程',200300011,'李志鹏','M','1985-03-02',2003),(650,4,'北京大学',5,'工程学院',3,'电气工程',200300021,'王慧敏','F','1984-12-15',2003),(651,4,'北京大学',5,'工程学院',3,'电气工程',200300031,'周晓华','M','1984-11-20',2003),(652,4,'北京大学',5,'工程学院',3,'电气工程',200400011,'丁志成','M','1986-03-11',2004),(653,4,'北京大学',5,'工程学院',3,'电气工程',200400021,'陈静怡','F','1985-12-28',2004),(654,4,'北京大学',5,'工程学院',3,'电气工程',200400031,'杨国华','M','1985-11-15',2004),(655,4,'北京大学',5,'工程学院',3,'电气工程',200500011,'郑小龙','M','1987-03-14',2005),(656,4,'北京大学',5,'工程学院',3,'电气工程',200500021,'何文静','F','1986-12-25',2005),(657,4,'北京大学',5,'工程学院',3,'电气工程',200500031,'孙志辉','M','1986-11-13',2005),(658,4,'北京大学',5,'工程学院',3,'电气工程',200600011,'李华东','M','1988-01-01',2006),(659,4,'北京大学',5,'工程学院',3,'电气工程',200600021,'王建国','M','1987-12-15',2006),(660,4,'北京大学',5,'工程学院',3,'电气工程',200600031,'陈晓峰','M','1987-11-12',2006),(661,4,'北京大学',5,'工程学院',3,'电气工程',200700011,'丁文轩','M','1989-03-02',2007),(662,4,'北京大学',5,'工程学院',3,'电气工程',200700021,'陈静怡','F','1988-12-25',2007),(663,4,'北京大学',5,'工程学院',3,'电气工程',200700031,'杨国强','M','1988-11-12',2007),(664,4,'北京大学',5,'工程学院',3,'电气工程',200800011,'郑小龙','M','1990-03-01',2008),(665,4,'北京大学',5,'工程学院',3,'电气工程',200800021,'何文静','F','1989-12-21',2008),(666,4,'北京大学',5,'工程学院',3,'电气工程',200800031,'孙志辉','M','1989-11-02',2008),(667,4,'北京大学',5,'工程学院',3,'电气工程',200900011,'高志鹏','M','1991-03-05',2009),(668,4,'北京大学',5,'工程学院',3,'电气工程',200900021,'李慧敏','F','1990-12-28',2009),(669,4,'北京大学',5,'工程学院',3,'电气工程',200900031,'周晓峰','M','1990-11-15',2009),(670,4,'北京大学',5,'工程学院',3,'电气工程',201000011,'丁志成','M','1992-03-11',2010),(671,4,'北京大学',5,'工程学院',3,'电气工程',201000021,'陈静怡','F','1991-12-22',2010),(672,4,'北京大学',5,'工程学院',3,'电气工程',201000031,'杨国华','M','1991-11-10',2010),(673,4,'北京大学',5,'工程学院',3,'电气工程',201100011,'郑小龙','M','1993-03-14',2011),(674,4,'北京大学',5,'工程学院',3,'电气工程',201100021,'何文静','F','1992-12-25',2011),(675,4,'北京大学',5,'工程学院',3,'电气工程',201100031,'孙志辉','M','1992-11-13',2011),(676,4,'北京大学',5,'工程学院',3,'电气工程',201200011,'李志鹏','M','1994-03-02',2012),(677,4,'北京大学',5,'工程学院',3,'电气工程',201200021,'王慧敏','F','1993-12-15',2012),(678,4,'北京大学',5,'工程学院',3,'电气工程',201200031,'周晓华','M','1993-11-20',2012),(679,4,'北京大学',5,'工程学院',3,'电气工程',201300011,'丁志成','M','1995-03-11',2013),(680,4,'北京大学',5,'工程学院',3,'电气工程',201300021,'陈静怡','F','1994-12-28',2013),(681,4,'北京大学',5,'工程学院',3,'电气工程',201300031,'杨国华','M','1994-11-15',2013),(682,4,'北京大学',5,'工程学院',3,'电气工程',201400011,'郑小龙','M','1996-03-14',2014),(683,4,'北京大学',5,'工程学院',3,'电气工程',201400021,'何文静','F','1995-12-25',2014),(684,4,'北京大学',5,'工程学院',3,'电气工程',201400031,'孙志辉','M','1995-11-13',2014),(685,4,'北京大学',5,'工程学院',3,'电气工程',201500011,'李华东','M','1997-01-01',2015),(686,4,'北京大学',5,'工程学院',3,'电气工程',201500021,'王建国','M','1996-12-15',2015),(687,4,'北京大学',5,'工程学院',3,'电气工程',201500031,'陈晓峰','M','1996-11-12',2015),(688,4,'北京大学',5,'工程学院',3,'电气工程',201600011,'丁文轩','M','1998-03-02',2016),(689,4,'北京大学',5,'工程学院',3,'电气工程',201600021,'陈静怡','F','1997-12-25',2016),(690,4,'北京大学',5,'工程学院',3,'电气工程',201600031,'杨国强','M','1997-11-12',2016),(691,4,'北京大学',5,'工程学院',3,'电气工程',201700011,'郑小龙','M','1999-03-01',2017),(692,4,'北京大学',5,'工程学院',3,'电气工程',201700021,'何文静','F','1998-12-21',2017),(693,4,'北京大学',5,'工程学院',3,'电气工程',201700031,'孙志辉','M','1998-11-02',2017),(694,4,'北京大学',5,'工程学院',3,'电气工程',201800011,'高志鹏','M','2000-03-05',2018),(695,4,'北京大学',5,'工程学院',3,'电气工程',201800021,'李慧敏','F','1999-12-28',2018),(696,4,'北京大学',5,'工程学院',3,'电气工程',201800031,'周晓峰','M','1999-11-15',2018),(697,4,'北京大学',5,'工程学院',3,'电气工程',201900011,'丁志成','M','2002-03-11',2019),(698,4,'北京大学',5,'工程学院',3,'电气工程',201900021,'陈静怡','F','2001-12-22',2019),(699,4,'北京大学',5,'工程学院',3,'电气工程',201900031,'杨国华','M','2001-11-10',2019),(700,4,'北京大学',5,'工程学院',3,'电气工程',202000011,'郑小龙','M','2003-03-14',2020),(701,4,'北京大学',5,'工程学院',3,'电气工程',202000021,'何文静','F','2002-12-25',2020),(702,4,'北京大学',5,'工程学院',3,'电气工程',202000031,'孙志辉','M','2002-11-13',2020),(703,4,'北京大学',5,'工程学院',3,'电气工程',202100011,'李志鹏','M','2004-03-02',2021),(704,4,'北京大学',5,'工程学院',3,'电气工程',202100021,'王慧敏','F','2003-12-15',2021),(705,4,'北京大学',5,'工程学院',3,'电气工程',202100031,'周晓华','M','2003-11-20',2021),(897,6,'浙江大学',1,'工程学院',1,'计算机科学与技术',1997000100,'顾文杰','M','1979-01-01',1997),(898,6,'浙江大学',1,'工程学院',1,'计算机科学与技术',1998000200,'夏梦瑶','F','1980-02-02',1998),(899,6,'浙江大学',1,'工程学院',1,'计算机科学与技术',1999000300,'韩文涛','M','1981-03-03',1999),(900,6,'浙江大学',1,'工程学院',1,'计算机科学与技术',2000000400,'宋依琳','F','1982-04-04',2000),(901,6,'浙江大学',1,'工程学院',1,'计算机科学与技术',2001000500,'杜昊天','M','1983-05-05',2001),(902,6,'浙江大学',1,'工程学院',1,'计算机科学与技术',2002000600,'程晓菲','F','1984-06-06',2002),(903,6,'浙江大学',1,'工程学院',1,'计算机科学与技术',2003000700,'卢文浩','M','1985-07-07',2003),(904,6,'浙江大学',1,'工程学院',1,'计算机科学与技术',2004000800,'朱若琳','F','1986-08-08',2004),(905,6,'浙江大学',1,'工程学院',1,'计算机科学与技术',2005000900,'邓宇飞','M','1987-09-09',2005),(906,6,'浙江大学',1,'工程学院',1,'计算机科学与技术',2006001000,'洪欣雨','F','1988-10-10',2006),(907,6,'浙江大学',1,'工程学院',1,'计算机科学与技术',2007001100,'顾志鹏','M','1989-11-11',2007),(908,6,'浙江大学',1,'工程学院',1,'计算机科学与技术',2008001200,'赵梦涵','F','1990-12-12',2008),(909,6,'浙江大学',1,'工程学院',1,'计算机科学与技术',2009001300,'沈浩天','M','1991-01-01',2009),(910,6,'浙江大学',1,'工程学院',1,'计算机科学与技术',2010001400,'杨晓菲','F','1992-02-02',2010),(911,6,'浙江大学',1,'工程学院',1,'计算机科学与技术',2011001500,'胡杰','M','1993-03-03',2011),(912,6,'浙江大学',1,'工程学院',1,'计算机科学与技术',2012001600,'林梦瑶','F','1994-04-04',2012),(913,6,'浙江大学',1,'工程学院',1,'计算机科学与技术',2013001700,'何文杰','M','1995-05-05',2013),(914,6,'浙江大学',1,'工程学院',1,'计算机科学与技术',2014001800,'彭晓菲','F','1996-06-06',2014),(915,6,'浙江大学',1,'工程学院',1,'计算机科学与技术',2015001900,'钱昊天','M','1997-07-07',2015),(916,6,'浙江大学',1,'工程学院',1,'计算机科学与技术',2016002000,'吴欣雨','F','1998-08-08',2016),(917,6,'浙江大学',1,'工程学院',1,'计算机科学与技术',2017002100,'蒋宇飞','M','1999-09-09',2017),(918,6,'浙江大学',1,'工程学院',1,'计算机科学与技术',2018002200,'蔡梦涵','F','2000-10-10',2018),(919,6,'浙江大学',1,'工程学院',1,'计算机科学与技术',2019002300,'顾志鹏','M','2001-11-11',2019),(920,6,'浙江大学',1,'工程学院',1,'电气工程及其自动化',1997002400,'唐文杰','M','1979-01-01',1997),(921,6,'浙江大学',1,'工程学院',1,'电气工程及其自动化',1998002500,'余梦瑶','F','1980-02-02',1998),(922,6,'浙江大学',1,'工程学院',1,'电气工程及其自动化',1999002600,'崔文涛','M','1981-03-03',1999),(923,6,'浙江大学',1,'工程学院',1,'电气工程及其自动化',2000002700,'冯依琳','F','1982-04-04',2000),(924,6,'浙江大学',1,'工程学院',1,'电气工程及其自动化',2001002800,'严昊天','M','1983-05-05',2001),(925,6,'浙江大学',1,'工程学院',1,'电气工程及其自动化',2002002900,'丁晓菲','F','1984-06-06',2002),(926,6,'浙江大学',1,'工程学院',1,'电气工程及其自动化',2003003000,'袁文浩','M','1985-07-07',2003),(927,6,'浙江大学',1,'工程学院',1,'电气工程及其自动化',2004003100,'谢若琳','F','1986-08-08',2004),(928,6,'浙江大学',1,'工程学院',1,'电气工程及其自动化',2005003200,'蔡宇飞','M','1987-09-09',2005),(929,6,'浙江大学',1,'工程学院',1,'电气工程及其自动化',2006003300,'潘欣雨','F','1988-10-10',2006),(930,6,'浙江大学',1,'工程学院',1,'软件工程',1997003400,'史文杰','M','1979-01-01',1997),(931,6,'浙江大学',1,'工程学院',1,'软件工程',1998003500,'孔梦瑶','F','1980-02-02',1998),(932,6,'浙江大学',1,'工程学院',1,'软件工程',1999003600,'康文涛','M','1981-03-03',1999),(933,6,'浙江大学',1,'工程学院',1,'软件工程',2000003700,'石依琳','F','1982-04-04',2000),(934,6,'浙江大学',1,'工程学院',1,'软件工程',2001003800,'廖昊天','M','1983-05-05',2001),(935,6,'浙江大学',1,'工程学院',1,'软件工程',2002003900,'高晓菲','F','1984-06-06',2002),(936,6,'浙江大学',1,'工程学院',1,'软件工程',2003004000,'左文浩','M','1985-07-07',2003),(937,6,'浙江大学',1,'工程学院',1,'软件工程',2004004100,'徐若琳','F','1986-08-08',2004),(938,6,'浙江大学',1,'工程学院',1,'机械工程',1997004200,'朱宇飞','M','1979-01-01',1997),(939,6,'浙江大学',1,'工程学院',1,'机械工程',1998004300,'任欣雨','F','1980-02-02',1998),(940,6,'浙江大学',1,'工程学院',1,'机械工程',1999004400,'苏文杰','M','1981-03-03',1999),(941,6,'浙江大学',1,'工程学院',1,'机械工程',2000004500,'洪梦瑶','F','1982-04-04',2000),(942,6,'浙江大学',1,'工程学院',1,'机械工程',2001004600,'杨文涛','M','1983-05-05',2001),(943,6,'浙江大学',1,'工程学院',1,'机械工程',2002004700,'石依琳','F','1984-06-06',2002),(944,6,'浙江大学',1,'工程学院',1,'通信工程',1997004800,'廖昊天','M','1979-01-01',1997),(945,6,'浙江大学',1,'工程学院',1,'通信工程',1998004900,'左晓菲','F','1980-02-02',1998),(946,6,'浙江大学',1,'工程学院',1,'通信工程',1999005000,'徐文浩','M','1981-03-03',1999),(947,6,'浙江大学',1,'工程学院',1,'通信工程',2000005100,'朱若琳','F','1982-04-04',2000),(948,6,'浙江大学',1,'工程学院',1,'电子信息',1997005200,'任宇飞','M','1979-01-01',1997),(949,6,'浙江大学',1,'工程学院',1,'电子信息',1998005300,'苏欣雨','F','1980-02-02',1998),(950,6,'浙江大学',1,'工程学院',1,'电子信息',1999005400,'韩文杰','M','1981-03-03',1999),(951,6,'浙江大学',1,'工程学院',1,'电子信息',2000005500,'顾梦瑶','F','1982-04-04',2000),(952,6,'浙江大学',1,'工程学院',1,'土木工程',1997005600,'宋文涛','M','1979-01-01',1997),(953,6,'浙江大学',1,'工程学院',1,'土木工程',1998005700,'程依琳','F','1980-02-02',1998),(954,6,'浙江大学',1,'工程学院',1,'土木工程',1999005800,'卢昊天','M','1981-03-03',1999),(955,6,'浙江大学',1,'工程学院',1,'土木工程',2000005900,'朱晓菲','F','1982-04-04',2000),(956,6,'浙江大学',1,'工程学院',1,'临床医学',1997006000,'邓文浩','M','1979-01-01',1997),(957,6,'浙江大学',1,'工程学院',1,'临床医学',2020006000,'邓文浩','M','1979-01-01',2020),(958,6,'浙江大学',1,'工程学院',1,'临床医学',2021006000,'邓文浩','M','1979-01-01',2021),(1168,1,'上海交通大学',9,'工程学院',1,'计算机科学与技术',199700010000,'李浩然','M','1979-01-01',1997),(1169,2,'上海交通大学',9,'工程学院',2,'电气工程及其自动化',199700020000,'周子涵','F','1978-01-01',1997),(1170,3,'上海交通大学',9,'工程学院',3,'软件工程',199700030000,'陈奕迅','M','1978-01-01',1997),(1171,4,'上海交通大学',9,'工程学院',4,'机械工程',199800010000,'王婉婷','F','1980-01-01',1998),(1172,5,'上海交通大学',9,'工程学院',5,'通信工程',199800020000,'林嘉豪','M','1979-01-01',1998),(1173,6,'上海交通大学',9,'工程学院',6,'电子信息',199800030000,'杨文昊','M','1978-01-01',1998),(1174,7,'上海交通大学',9,'工程学院',7,'土木工程',199900010000,'高静雅','F','1981-01-01',1999),(1175,8,'上海交通大学',9,'工程学院',8,'临床医学',199900020000,'孙宇航','M','1981-01-01',1999),(1176,9,'上海交通大学',9,'工程学院',9,'汉语言文学',199900030000,'蔡佳宁','F','1980-01-01',1999),(1177,10,'上海交通大学',9,'工程学院',10,'师范',200000010000,'李晨曦','F','1982-01-01',2000),(1178,11,'上海交通大学',9,'工程学院',1,'计算机科学与技术',200000020000,'方宇轩','M','1982-01-01',2000),(1179,12,'上海交通大学',9,'工程学院',2,'电气工程及其自动化',200000030000,'陆雨萱','F','1981-01-01',2000),(1180,13,'上海交通大学',9,'工程学院',3,'软件工程',200100010000,'韩泽宇','M','1983-01-01',2001),(1181,14,'上海交通大学',9,'工程学院',4,'机械工程',200100020000,'周若曦','F','1982-01-01',2001),(1182,15,'上海交通大学',9,'工程学院',5,'通信工程',200100030000,'杜思远','M','1983-01-01',2001),(1183,16,'上海交通大学',9,'工程学院',6,'电子信息',200200010000,'吴嘉豪','M','1984-01-01',2002),(1184,17,'上海交通大学',9,'工程学院',7,'土木工程',200200020000,'杨舒雅','F','1983-01-01',2002),(1185,18,'上海交通大学',9,'工程学院',8,'临床医学',200200030000,'张志远','M','1984-01-01',2002),(1186,19,'上海交通大学',9,'工程学院',9,'汉语言文学',200200040000,'程子涵','F','1983-01-01',2002),(1187,20,'上海交通大学',9,'工程学院',10,'师范',200300010000,'林晨曦','F','1985-01-01',2003),(1188,21,'上海交通大学',9,'工程学院',1,'计算机科学与技术',200300020000,'陈俊豪','M','1985-01-01',2003),(1189,22,'上海交通大学',9,'工程学院',2,'电气工程及其自动化',200300030000,'李欣怡','F','1984-01-01',2003),(1190,23,'上海交通大学',9,'工程学院',3,'软件工程',200400010000,'张子涵','M','1986-01-01',2004),(1191,24,'上海交通大学',9,'工程学院',4,'机械工程',200400020000,'陈诗雅','F','1985-01-01',2004),(1192,25,'上海交通大学',9,'工程学院',5,'通信工程',200400030000,'杜若轩','M','1986-01-01',2004),(1193,26,'上海交通大学',9,'工程学院',6,'电子信息',200500010000,'刘宇轩','M','1987-01-01',2005),(1194,27,'上海交通大学',9,'工程学院',7,'土木工程',200500020000,'杨佳怡','F','1986-01-01',2005),(1195,28,'上海交通大学',9,'工程学院',8,'临床医学',200500030000,'王子浩','M','1987-01-01',2005),(1196,29,'上海交通大学',9,'工程学院',9,'汉语言文学',200600010000,'郑嘉怡','F','1988-01-01',2006),(1197,30,'上海交通大学',9,'工程学院',10,'师范',200600020000,'刘晨曦','F','1987-01-01',2006),(1198,31,'上海交通大学',9,'工程学院',1,'计算机科学与技术',200600030000,'王浩然','M','1988-01-01',2006),(1199,32,'上海交通大学',9,'工程学院',2,'电气工程及其自动化',200700010000,'张子涵','F','1989-01-01',2007),(1200,33,'上海交通大学',9,'工程学院',3,'软件工程',200700020000,'李俊豪','M','1989-01-01',2007),(1201,34,'上海交通大学',9,'工程学院',4,'机械工程',200700030000,'陈若曦','F','1988-01-01',2007),(1202,35,'上海交通大学',9,'工程学院',5,'通信工程',200800010000,'杜宇轩','M','1990-01-01',2008),(1203,36,'上海交通大学',9,'工程学院',6,'电子信息',200800020000,'杨俊豪','M','1989-01-01',2008),(1204,37,'上海交通大学',9,'工程学院',7,'土木工程',200800030000,'刘静雅','F','1990-01-01',2008),(1205,38,'上海交通大学',9,'工程学院',8,'临床医学',200900010000,'王文昊','M','1991-01-01',2009),(1206,39,'上海交通大学',9,'工程学院',9,'汉语言文学',200900020000,'蔡若曦','F','1990-01-01',2009),(1207,40,'上海交通大学',9,'工程学院',10,'师范',200900030000,'郑晨曦','F','1990-01-01',2009),(1208,41,'上海交通大学',9,'工程学院',1,'计算机科学与技术',201000010000,'陈浩然','M','1992-01-01',2010),(1209,42,'上海交通大学',9,'工程学院',2,'电气工程及其自动化',201000020000,'王欣怡','F','1991-01-01',2010),(1210,43,'上海交通大学',9,'工程学院',3,'软件工程',201000030000,'张俊豪','M','1991-01-01',2010),(1211,44,'上海交通大学',9,'工程学院',4,'机械工程',201100010000,'李若曦','F','1993-01-01',2011),(1212,45,'上海交通大学',9,'工程学院',5,'通信工程',201100020000,'杜宇轩','M','1992-01-01',2011),(1213,46,'上海交通大学',9,'工程学院',6,'电子信息',201100030000,'杨俊豪','M','1992-01-01',2011),(1214,47,'上海交通大学',9,'工程学院',7,'土木工程',201200010000,'刘静雅','F','1994-01-01',2012),(1215,48,'上海交通大学',9,'工程学院',8,'临床医学',201200020000,'王文昊','M','1994-01-01',2012),(1216,49,'上海交通大学',9,'工程学院',9,'汉语言文学',201200030000,'蔡若曦','F','1993-01-01',2012),(1217,50,'上海交通大学',9,'工程学院',10,'师范',201300010000,'郑晨曦','F','1994-01-01',2013),(1218,51,'上海交通大学',9,'工程学院',1,'计算机科学与技术',201300020000,'陈浩然','M','1995-01-01',2013),(1219,52,'上海交通大学',9,'工程学院',2,'电气工程及其自动化',201300030000,'王欣怡','F','1994-01-01',2013),(1220,53,'上海交通大学',9,'工程学院',3,'软件工程',201400010000,'张俊豪','M','1995-01-01',2014),(1221,54,'上海交通大学',9,'工程学院',4,'机械工程',201400020000,'李若曦','F','1995-01-01',2014),(1222,55,'上海交通大学',9,'工程学院',5,'通信工程',201400030000,'杜宇轩','M','1996-01-01',2014),(1223,56,'上海交通大学',9,'工程学院',6,'电子信息',201500010000,'杨俊豪','M','1997-01-01',2015),(1224,57,'上海交通大学',9,'工程学院',7,'土木工程',201500020000,'刘静雅','F','1996-01-01',2015),(1225,58,'上海交通大学',9,'工程学院',8,'临床医学',201500030000,'王文昊','M','1997-01-01',2015),(1226,59,'上海交通大学',9,'工程学院',9,'汉语言文学',201600010000,'蔡若曦','F','1998-01-01',2016),(1227,60,'上海交通大学',9,'工程学院',10,'师范',201600020000,'郑晨曦','F','1997-01-01',2016),(1228,61,'上海交通大学',9,'工程学院',1,'计算机科学与技术',201600030000,'陈浩然','M','1998-01-01',2016),(1229,62,'上海交通大学',9,'工程学院',2,'电气工程及其自动化',201700010000,'王欣怡','F','1999-01-01',2017),(1230,63,'上海交通大学',9,'工程学院',3,'软件工程',201700020000,'张俊豪','M','1999-01-01',2017),(1231,64,'上海交通大学',9,'工程学院',4,'机械工程',201700030000,'李若曦','F','1998-01-01',2017),(1232,65,'上海交通大学',9,'工程学院',5,'通信工程',201800010000,'杜宇轩','M','2000-01-01',2018),(1233,66,'上海交通大学',9,'工程学院',6,'电子信息',201800020000,'杨俊豪','M','1999-01-01',2018),(1234,67,'上海交通大学',9,'工程学院',7,'土木工程',201800030000,'刘静雅','F','2000-01-01',2018),(1235,68,'上海交通大学',9,'工程学院',8,'临床医学',201900010000,'王文昊','M','2001-01-01',2019),(1236,69,'上海交通大学',9,'工程学院',9,'汉语言文学',201900020000,'蔡若曦','F','2000-01-01',2019),(1237,70,'上海交通大学',9,'工程学院',10,'师范',201900030000,'郑晨曦','F','2000-01-01',2019),(1238,71,'上海交通大学',9,'工程学院',1,'计算机科学与技术',202000010000,'陈浩然','M','2002-01-01',2020),(1239,72,'上海交通大学',9,'工程学院',2,'电气工程及其自动化',202000020000,'王欣怡','F','2001-01-01',2020),(1240,73,'上海交通大学',9,'工程学院',3,'软件工程',202000030000,'张俊豪','M','2001-01-01',2020),(1241,74,'上海交通大学',9,'工程学院',4,'机械工程',202100010000,'李若曦','F','2003-01-01',2021),(1242,75,'上海交通大学',9,'工程学院',5,'通信工程',202100020000,'杜宇轩','M','2002-01-01',2021),(1243,76,'上海交通大学',9,'工程学院',6,'电子信息',202100030000,'杨俊豪','M','2002-01-01',2021),(1253,1,'长安大学',1,'信息工程学院',1,'软件工程',19970001,'王生安','M','1979-01-01',1997),(1254,1,'长安大学',1,'信息工程学院',1,'软件工程',19980001,'李鑫灏','M','1980-01-01',1998),(1255,1,'长安大学',1,'信息工程学院',1,'软件工程',19990001,'薛佛世','M','1981-01-01',1999),(1256,1,'长安大学',1,'信息工程学院',1,'软件工程',20000001,'蔡壮保','M','1982-01-01',2000),(1257,1,'长安大学',1,'信息工程学院',1,'软件工程',20010001,'钱勤堃','M','1983-01-01',2001),(1258,1,'长安大学',1,'信息工程学院',1,'软件工程',20020001,'潘恩依','M','1984-01-01',2002),(1259,1,'长安大学',1,'信息工程学院',1,'软件工程',20030001,'陈国柏','M','1985-01-01',2003),(1260,1,'长安大学',1,'信息工程学院',1,'软件工程',20040001,'魏皑虎','M','1986-01-01',2004),(1261,1,'长安大学',1,'信息工程学院',1,'软件工程',20050001,'周卓浩','M','1987-01-01',2005),(1262,1,'长安大学',1,'信息工程学院',1,'软件工程',20060001,'汤辟邦','M','1988-01-01',2006),(1263,1,'长安大学',1,'信息工程学院',1,'软件工程',20070001,'张顺谷','M','1989-01-01',2007),(1264,1,'长安大学',1,'信息工程学院',1,'软件工程',20080001,'张悌斯','M','1990-01-01',2008),(1265,1,'长安大学',1,'信息工程学院',1,'软件工程',20090001,'张灶冲','M','1991-01-01',2009),(1266,1,'长安大学',1,'信息工程学院',1,'软件工程',20100001,'易江维','M','1992-01-01',2010),(1267,1,'长安大学',1,'信息工程学院',1,'软件工程',20110001,'孙来笙','M','1993-01-01',2011),(1268,1,'长安大学',1,'信息工程学院',1,'软件工程',20120001,'饶展林','M','1994-01-01',2012),(1269,1,'长安大学',1,'信息工程学院',1,'软件工程',20130001,'岳列洋','M','1995-01-01',2013),(1270,1,'长安大学',1,'信息工程学院',1,'软件工程',20140001,'时党舒','M','1996-01-01',2014),(1271,1,'长安大学',1,'信息工程学院',1,'软件工程',20150001,'周迟蒲','M','1997-01-01',2015),(1272,1,'长安大学',1,'信息工程学院',1,'软件工程',20160001,'廉梦容','M','1998-01-01',2016),(1273,1,'长安大学',1,'信息工程学院',1,'软件工程',20170001,'张淮森','M','1999-01-01',2017),(1274,1,'长安大学',1,'信息工程学院',1,'软件工程',20180001,'夏劲釜','M','2000-01-01',2018),(1275,1,'长安大学',1,'信息工程学院',1,'软件工程',20190001,'王好隐','M','2001-01-01',2019),(1276,1,'长安大学',1,'信息工程学院',1,'软件工程',20200001,'刘昼星','M','2002-01-01',2020),(1277,1,'长安大学',1,'信息工程学院',1,'软件工程',20210001,'池荣弈','M','2003-01-01',2021),(1328,2,'清华大学',1,'信息工程学院',1,'软件工程',19972222,'王安石','M','1979-01-01',1997),(1329,2,'清华大学',1,'信息工程学院',1,'软件工程',19980002,'李鑫灏','M','1980-01-01',1998),(1330,2,'清华大学',1,'信息工程学院',1,'软件工程',19990002,'薛佛世','M','1981-01-01',1999),(1331,2,'清华大学',1,'信息工程学院',1,'软件工程',20000002,'蔡壮保','M','1982-01-01',2000),(1332,2,'清华大学',1,'信息工程学院',1,'软件工程',20010002,'钱勤堃','M','1983-01-01',2001),(1333,2,'清华大学',1,'信息工程学院',1,'软件工程',20020002,'潘恩依','M','1984-01-01',2002),(1334,2,'清华大学',1,'信息工程学院',1,'软件工程',20030002,'陈国柏','M','1985-01-01',2003),(1335,2,'清华大学',1,'信息工程学院',1,'软件工程',20040002,'魏皑虎','M','1986-01-01',2004),(1336,2,'清华大学',1,'信息工程学院',1,'软件工程',20050002,'周卓浩','M','1987-01-01',2005),(1337,2,'清华大学',1,'信息工程学院',1,'软件工程',20060002,'汤辟邦','M','1988-01-01',2006),(1338,2,'清华大学',1,'信息工程学院',1,'软件工程',20070002,'张顺谷','M','1989-01-01',2007),(1339,2,'清华大学',1,'信息工程学院',1,'软件工程',20080002,'张悌斯','M','1990-01-01',2008),(1340,2,'清华大学',1,'信息工程学院',1,'软件工程',20090002,'张灶冲','M','1991-01-01',2009),(1341,2,'清华大学',1,'信息工程学院',1,'软件工程',20100002,'易江维','M','1992-01-01',2010),(1342,2,'清华大学',1,'信息工程学院',1,'软件工程',20110002,'孙来笙','M','1993-01-01',2011),(1343,2,'清华大学',1,'信息工程学院',1,'软件工程',20120002,'饶展林','M','1994-01-01',2012),(1344,2,'清华大学',1,'信息工程学院',1,'软件工程',20130002,'岳列洋','M','1995-01-01',2013),(1345,2,'清华大学',1,'信息工程学院',1,'软件工程',20140002,'时党舒','M','1996-01-01',2014),(1346,2,'清华大学',1,'信息工程学院',1,'软件工程',20150002,'周迟蒲','M','1997-01-01',2015),(1347,2,'清华大学',1,'信息工程学院',1,'软件工程',20160002,'廉梦容','M','1998-01-01',2016),(1348,2,'清华大学',1,'信息工程学院',1,'软件工程',20170002,'张淮森','M','1999-01-01',2017),(1349,2,'清华大学',1,'信息工程学院',1,'软件工程',20180002,'夏劲釜','M','2000-01-01',2018),(1350,2,'清华大学',1,'信息工程学院',1,'软件工程',20190002,'王好隐','M','2001-01-01',2019),(1351,2,'清华大学',1,'信息工程学院',1,'软件工程',20200002,'刘昼星','M','2002-01-01',2020),(1352,2,'清华大学',1,'信息工程学院',1,'软件工程',20210002,'池荣弈','M','2003-01-01',2021);
/*!40000 ALTER TABLE `departments_students` ENABLE KEYS */;
UNLOCK TABLES;
/*!50003 SET @saved_cs_client      = @@character_set_client */ ;
/*!50003 SET @saved_cs_results     = @@character_set_results */ ;
/*!50003 SET @saved_col_connection = @@collation_connection */ ;
/*!50003 SET character_set_client  = utf8mb4 */ ;
/*!50003 SET character_set_results = utf8mb4 */ ;
/*!50003 SET collation_connection  = utf8mb4_0900_ai_ci */ ;
/*!50003 SET @saved_sql_mode       = @@sql_mode */ ;
/*!50003 SET sql_mode              = 'ONLY_FULL_GROUP_BY,STRICT_TRANS_TABLES,NO_ZERO_IN_DATE,NO_ZERO_DATE,ERROR_FOR_DIVISION_BY_ZERO,NO_ENGINE_SUBSTITUTION' */ ;
DELIMITER ;;
/*!50003 CREATE*/ /*!50017 DEFINER=`root`@`localhost`*/ /*!50003 TRIGGER `update_employment_analysis` AFTER UPDATE ON `departments_students` FOR EACH ROW BEGIN
    IF OLD.college_name <> NEW.college_name THEN
        UPDATE employment_analysis SET college_name = NEW.college_name WHERE student_id = OLD.student_id;
    END IF;

    IF OLD.department_name <> NEW.department_name THEN
        UPDATE employment_analysis SET department_name = NEW.department_name WHERE student_id = OLD.student_id;
    END IF;

    IF OLD.major_name <> NEW.major_name THEN
        UPDATE employment_analysis SET major_name = NEW.major_name WHERE student_id = OLD.student_id;
    END IF;

    IF OLD.gender <> NEW.gender THEN
        UPDATE employment_analysis SET gender = NEW.gender WHERE student_id = OLD.student_id;
    END IF;

    IF OLD.date_of_birth <> NEW.date_of_birth THEN
        UPDATE employment_analysis SET date_of_birth = NEW.date_of_birth WHERE student_id = OLD.student_id;
    END IF;

    IF OLD.enrollment_year <> NEW.enrollment_year THEN
        UPDATE employment_analysis SET enrollment_year = NEW.enrollment_year WHERE student_id = OLD.student_id;
    END IF;
END */;;
DELIMITER ;
/*!50003 SET sql_mode              = @saved_sql_mode */ ;
/*!50003 SET character_set_client  = @saved_cs_client */ ;
/*!50003 SET character_set_results = @saved_cs_results */ ;
/*!50003 SET collation_connection  = @saved_col_connection */ ;

--
-- Table structure for table `employment_analysis`
--

DROP TABLE IF EXISTS `employment_analysis`;
/*!40101 SET @saved_cs_client     = @@character_set_client */;
/*!50503 SET character_set_client = utf8mb4 */;
CREATE TABLE `employment_analysis` (
  `analysis_id` bigint unsigned NOT NULL AUTO_INCREMENT COMMENT '分析ID',
  `student_id` bigint NOT NULL COMMENT '学生ID',
  `college_name` varchar(255) CHARACTER SET utf8mb4 COLLATE utf8mb4_general_ci NOT NULL COMMENT '高校名称',
  `department_name` varchar(255) CHARACTER SET utf8mb4 COLLATE utf8mb4_general_ci NOT NULL COMMENT '院系名称',
  `major_name` varchar(255) CHARACTER SET utf8mb4 COLLATE utf8mb4_general_ci NOT NULL COMMENT '专业名称',
  `gender` char(1) CHARACTER SET utf8mb4 COLLATE utf8mb4_general_ci DEFAULT NULL COMMENT '性别',
  `employment_date` date DEFAULT NULL COMMENT '就业日期',
  `salary` decimal(12,2) DEFAULT NULL COMMENT '薪资',
  `location` varchar(255) CHARACTER SET utf8mb4 COLLATE utf8mb4_general_ci DEFAULT NULL COMMENT '工作地点',
  `employment_id` bigint unsigned NOT NULL COMMENT '就业信息ID',
  PRIMARY KEY (`analysis_id`) USING BTREE,
  KEY `fk_employment_analysis_employment_id` (`employment_id`),
  CONSTRAINT `fk_employment_analysis_employment_id` FOREIGN KEY (`employment_id`) REFERENCES `employment_info` (`employment_id`) ON DELETE CASCADE ON UPDATE CASCADE
) ENGINE=InnoDB AUTO_INCREMENT=2058 DEFAULT CHARSET=utf8mb4 COLLATE=utf8mb4_general_ci ROW_FORMAT=DYNAMIC COMMENT='就业分析表';
/*!40101 SET character_set_client = @saved_cs_client */;

--
-- Dumping data for table `employment_analysis`
--

LOCK TABLES `employment_analysis` WRITE;
/*!40000 ALTER TABLE `employment_analysis` DISABLE KEYS */;
INSERT INTO `employment_analysis` VALUES (1097,20201045,'西安交通大学','软件学院','电气工程','F','2000-07-25',8910.00,'广东',1423),(1098,20011005,'西安交通大学','电气学院','电气工程','M','2005-10-25',10876.54,'北京',1424),(1099,20021006,'西安交通大学','电气学院','电气工程','F','2006-11-30',10234.56,'北京',1425),(1100,20031007,'西安交通大学','电气学院','电气工程','M','2007-12-01',11234.78,'北京',1426),(1101,20041008,'西安交通大学','电气学院','电气工程','F','2008-01-15',11567.89,'浙江',1427),(1102,20051009,'西安交通大学','电气学院','电气工程','M','2009-02-10',10987.65,'北京',1428),(1103,20061010,'西安交通大学','电气学院','电气工程','F','2010-03-05',10123.45,'北京',1429),(1104,20071011,'西安交通大学','电气学院','电气工程','M','2011-04-20',10789.12,'北京',1430),(1105,20081012,'西安交通大学','电气学院','电气工程','F','2012-05-30',10654.32,'北京',1431),(1106,20091013,'西安交通大学','电气学院','电气工程','M','2013-06-18',10890.12,'上海',1432),(1107,20101014,'西安交通大学','电气学院','电气工程','F','2014-07-25',11123.45,'北京',1433),(1108,20111015,'西安交通大学','电气学院','电气工程','M','2015-08-10',11098.76,'北京',1434),(1109,20121016,'西安交通大学','电气学院','电气工程','F','2016-09-01',10876.54,'北京',1435),(1110,20131017,'西安交通大学','电气学院','电气工程','M','2017-10-15',10987.65,'浙江',1436),(1111,20141018,'西安交通大学','电气学院','电气工程','F','2018-11-20',11023.45,'北京',1437),(1112,20151019,'西安交通大学','电气学院','电气工程','M','2019-12-05',10456.78,'北京',1438),(1113,20161020,'西安交通大学','电气学院','电气工程','F','2020-01-12',10789.12,'北京',1439),(1114,20171021,'西安交通大学','电气学院','电气工程','M','2021-02-28',10654.32,'北京',1440),(1115,20181022,'西安交通大学','电气学院','电气工程','F','2022-03-18',10890.12,'上海',1441),(1116,20191023,'西安交通大学','电气学院','电气工程','M','2023-04-25',11123.45,'北京',1442),(1117,20201024,'西安交通大学','电气学院','电气工程','F','2024-05-10',11098.76,'北京',1443),(1118,20011025,'西安交通大学','电气学院','电气工程','M','2002-07-15',9823.10,'广东',1444),(1119,20021026,'西安交通大学','电气学院','电气工程','F','2003-08-01',8560.75,'浙江',1445),(1120,20031027,'西安交通大学','电气学院','电气工程','M','2004-09-10',9387.60,'北京',1446),(1121,20041028,'西安交通大学','电气学院','电气工程','F','2005-10-05',10456.80,'北京',1447),(1122,20051029,'西安交通大学','电气学院','电气工程','M','2006-11-12',8900.55,'北京',1448),(1123,20061030,'西安交通大学','电气学院','电气工程','F','2007-12-01',9720.30,'北京',1449),(1124,20071031,'西安交通大学','电气学院','电气工程','M','2008-01-20',10400.00,'浙江',1450),(1125,20081032,'西安交通大学','电气学院','电气工程','F','2009-02-15',11500.25,'北京',1451),(1126,20091033,'西安交通大学','电气学院','电气工程','M','2010-03-05',9450.75,'北京',1452),(1127,20101034,'西安交通大学','电气学院','电气工程','F','2011-04-12',11000.50,'北京',1453),(1128,20111035,'西安交通大学','电气学院','电气工程','M','2012-05-30',10000.20,'北京',1454),(1129,20121036,'西安交通大学','电气学院','电气工程','F','2013-06-18',9400.40,'上海',1455),(1130,20131037,'西安交通大学','电气学院','电气工程','M','2014-07-25',10320.70,'北京',1456),(1131,20141038,'西安交通大学','电气学院','电气工程','F','2015-08-10',8900.55,'北京',1457),(1132,20151039,'西安交通大学','电气学院','电气工程','M','2016-09-01',9720.30,'北京',1458),(1133,20161040,'西安交通大学','电气学院','电气工程','F','2017-10-20',10400.00,'浙江',1459),(1134,20171041,'西安交通大学','电气学院','电气工程','M','2020-02-20',10500.00,'浙江',1460),(1135,20181042,'西安交通大学','电气学院','电气工程','F','2021-05-15',10800.50,'广东',1461),(1136,20191043,'西安交通大学','电气学院','电气工程','M','2022-06-10',10200.75,'北京',1462),(1137,19981145,'西安交通大学','电气学院','电气工程','F','2001-06-10',10200.75,'北京',1463),(1316,19970101,'西北大学','软件学院','物联网','M','2000-06-01',10234.45,'广东',1558),(1317,19980102,'西北大学','信息学院','物联网','F','2002-07-15',9823.10,'广东',1559),(1318,19990103,'西北大学','软件学院','物联网','M','2003-08-01',8560.75,'浙江',1560),(1319,20000104,'西北大学','信息学院','物联网','F','2004-09-10',9387.60,'北京',1561),(1320,20010105,'西北大学','软件学院','物联网','M','2005-10-05',10456.80,'北京',1562),(1321,20020106,'西北大学','信息学院','物联网','F','2006-11-12',8900.55,'北京',1563),(1322,20030107,'西北大学','软件学院','物联网','M','2007-12-01',9720.30,'北京',1564),(1323,20040108,'西北大学','信息学院','物联网','F','2008-01-20',10400.00,'浙江',1565),(1324,20050109,'西北大学','软件学院','物联网','M','2009-02-15',11500.25,'北京',1566),(1325,20060110,'西北大学','信息学院','物联网','F','2010-03-05',9450.75,'北京',1567),(1326,20070111,'西北大学','软件学院','物联网','M','2011-04-12',11000.50,'北京',1568),(1327,20080112,'西北大学','信息学院','物联网','F','2012-05-30',10000.20,'北京',1569),(1328,20090113,'西北大学','软件学院','物联网','M','2013-06-18',9400.40,'上海',1570),(1329,20100114,'西北大学','信息学院','物联网','F','2014-07-25',10320.70,'北京',1571),(1330,20110115,'西北大学','软件学院','物联网','M','2015-08-10',8900.55,'北京',1572),(1331,20120116,'西北大学','信息学院','物联网','F','2016-09-01',9720.30,'北京',1573),(1332,20130117,'西北大学','软件学院','物联网','M','2017-10-20',10400.00,'浙江',1574),(1333,20140118,'西北大学','信息学院','物联网','F','2018-11-15',11500.25,'北京',1575),(1334,20150119,'西北大学','软件学院','物联网','M','2019-12-05',9450.75,'北京',1576),(1335,20160120,'西北大学','信息学院','物联网','F','2020-01-12',11000.50,'北京',1577),(1336,20170121,'西北大学','软件学院','物联网','M','2021-02-28',10000.20,'北京',1578),(1337,20180122,'西北大学','信息学院','物联网','F','2022-03-18',9400.40,'上海',1579),(1338,20190123,'西北大学','软件学院','物联网','M','2023-04-25',10320.70,'北京',1580),(1339,20200124,'西北大学','信息学院','物联网','F','2024-05-10',8900.55,'北京',1581),(1340,20010125,'西北大学','软件学院','物联网','M','2002-07-15',9823.10,'广东',1582),(1341,20020126,'西北大学','信息学院','物联网','F','2003-08-01',8560.75,'浙江',1583),(1342,20030127,'西北大学','软件学院','物联网','M','2004-09-10',9387.60,'北京',1584),(1343,20040128,'西北大学','信息学院','物联网','F','2005-10-05',10456.80,'北京',1585),(1344,20050129,'西北大学','软件学院','物联网','M','2006-11-12',8900.55,'北京',1586),(1345,20060130,'西北大学','信息学院','物联网','F','2007-12-01',9720.30,'北京',1587),(1346,20070131,'西北大学','软件学院','物联网','M','2008-01-20',10400.00,'浙江',1588),(1347,20080132,'西北大学','信息学院','物联网','F','2009-02-15',11500.25,'北京',1589),(1348,20090133,'西北大学','软件学院','物联网','M','2010-03-05',9450.75,'北京',1590),(1349,20100134,'西北大学','信息学院','物联网','F','2011-04-12',11000.50,'北京',1591),(1350,20110135,'西北大学','软件学院','物联网','M','2012-05-30',10000.20,'北京',1592),(1351,20120136,'西北大学','信息学院','物联网','F','2013-06-18',9400.40,'上海',1593),(1352,20130137,'西北大学','软件学院','物联网','M','2014-07-25',10320.70,'北京',1594),(1353,20140138,'西北大学','信息学院','物联网','F','2015-08-10',8900.55,'北京',1595),(1354,20150139,'西北大学','软件学院','物联网','M','2016-09-01',9720.30,'北京',1596),(1355,20160140,'西北大学','信息学院','物联网','F','2017-10-20',10400.00,'浙江',1597),(1356,199700011,'北京大学','工程学院','电气工程','M','2000-06-01',21500.50,'北京',1598),(1357,199700031,'北京大学','工程学院','电气工程','M','2000-08-01',22500.60,'深圳',1600),(1358,199800011,'北京大学','工程学院','电气工程','M','2001-06-01',22000.50,'广州',1601),(1359,199800031,'北京大学','工程学院','电气工程','M','2001-08-01',22700.60,'北京',1603),(1360,199900011,'北京大学','工程学院','电气工程','M','2002-06-01',22800.50,'北京',1604),(1361,199900031,'北京大学','工程学院','电气工程','M','2002-08-01',22700.60,'北京',1606),(1362,200000011,'北京大学','工程学院','电气工程','M','2003-06-01',22000.50,'北京',1607),(1363,200000031,'北京大学','工程学院','电气工程','M','2003-08-01',22200.60,'深圳',1609),(1364,200100011,'北京大学','工程学院','电气工程','M','2004-06-01',22500.50,'广州',1610),(1365,200100031,'北京大学','工程学院','电气工程','M','2004-08-01',22700.60,'北京',1612),(1366,200200011,'北京大学','工程学院','电气工程','M','2005-06-01',22900.50,'北京',1613),(1367,200200021,'北京大学','工程学院','电气工程','F','2005-07-01',23400.75,'佛山',1614),(1368,200200031,'北京大学','工程学院','电气工程','M','2005-08-01',22700.60,'北京',1615),(1369,200300011,'北京大学','工程学院','电气工程','M','2006-06-01',22000.50,'北京',1616),(1370,200300021,'北京大学','工程学院','电气工程','F','2006-07-01',22500.75,'杭州',1617),(1371,200300031,'北京大学','工程学院','电气工程','M','2006-08-01',22200.60,'深圳',1618),(1372,200400011,'北京大学','工程学院','电气工程','M','2007-06-01',22500.50,'广州',1619),(1373,200400021,'北京大学','工程学院','电气工程','F','2007-07-01',23200.75,'北京',1620),(1374,200500011,'北京大学','工程学院','电气工程','M','2008-06-01',22900.50,'北京',1622),(1375,200500021,'北京大学','工程学院','电气工程','F','2008-07-01',23400.75,'佛山',1623),(1376,200500031,'北京大学','工程学院','电气工程','M','2008-08-01',22700.60,'北京',1624),(1377,200600011,'北京大学','工程学院','电气工程','M','2009-06-01',22000.50,'北京',1625),(1378,200600021,'北京大学','工程学院','电气工程','M','2009-07-01',22500.75,'杭州',1626),(1379,200600031,'北京大学','工程学院','电气工程','M','2009-08-01',22200.60,'深圳',1627),(1380,200700011,'北京大学','工程学院','电气工程','M','2010-06-01',22500.50,'广州',1628),(1381,200700021,'北京大学','工程学院','电气工程','F','2010-07-01',23200.75,'北京',1629),(1382,200800011,'北京大学','工程学院','电气工程','M','2011-06-01',22900.50,'北京',1631),(1383,200800021,'北京大学','工程学院','电气工程','F','2011-07-01',23400.75,'佛山',1632),(1384,200800031,'北京大学','工程学院','电气工程','M','2011-08-01',22700.60,'北京',1633),(1385,200900011,'北京大学','工程学院','电气工程','M','2012-06-01',22000.50,'北京',1634),(1386,200900021,'北京大学','工程学院','电气工程','F','2012-07-01',22500.75,'杭州',1635),(1387,201000011,'北京大学','工程学院','电气工程','M','2013-06-01',22500.50,'广州',1637),(1388,201000021,'北京大学','工程学院','电气工程','F','2013-07-01',23200.75,'北京',1638),(1389,201100011,'北京大学','工程学院','电气工程','M','2014-06-01',22900.50,'北京',1640),(1390,201100021,'北京大学','工程学院','电气工程','F','2014-07-01',23400.75,'佛山',1641),(1391,201200011,'北京大学','工程学院','电气工程','M','2015-06-01',22000.50,'北京',1643),(1392,201200021,'北京大学','工程学院','电气工程','F','2015-07-01',22500.75,'杭州',1644),(1393,201200031,'北京大学','工程学院','电气工程','M','2015-08-01',22200.60,'深圳',1645),(1394,201300021,'北京大学','工程学院','电气工程','F','2016-07-01',23200.75,'北京',1647),(1395,201300031,'北京大学','工程学院','电气工程','M','2016-08-01',22700.60,'北京',1648),(1396,201400021,'北京大学','工程学院','电气工程','F','2017-07-01',23400.75,'佛山',1650),(1397,201400031,'北京大学','工程学院','电气工程','M','2017-08-01',22700.60,'北京',1651),(1398,201500021,'北京大学','工程学院','电气工程','M','2018-07-01',22500.75,'杭州',1653),(1399,201500031,'北京大学','工程学院','电气工程','M','2018-08-01',22200.60,'深圳',1654),(1400,201600021,'北京大学','工程学院','电气工程','F','2019-07-01',23200.75,'北京',1656),(1401,201600031,'北京大学','工程学院','电气工程','M','2019-08-01',22700.60,'北京',1657),(1402,201700021,'北京大学','工程学院','电气工程','F','2020-07-01',23400.75,'佛山',1659),(1403,201700031,'北京大学','工程学院','电气工程','M','2020-08-01',22700.60,'北京',1660),(1404,201800021,'北京大学','工程学院','电气工程','F','2021-07-01',22500.75,'杭州',1662),(1405,201800031,'北京大学','工程学院','电气工程','M','2021-08-01',22200.60,'深圳',1663),(1406,201900011,'北京大学','工程学院','电气工程','M','2022-06-01',22500.50,'广州',1664),(1407,201900031,'北京大学','工程学院','电气工程','M','2022-08-01',22700.60,'北京',1666),(1408,202000011,'北京大学','工程学院','电气工程','M','2023-06-01',22900.50,'北京',1667),(1409,202000021,'北京大学','工程学院','电气工程','F','2023-07-01',23400.75,'佛山',1668),(1410,202100011,'北京大学','工程学院','电气工程','M','2024-06-01',22000.50,'北京',1670),(1411,202100031,'北京大学','工程学院','电气工程','M','2024-08-01',22200.60,'深圳',1672),(1600,1997000100,'浙江大学','工程学院','计算机科学与技术','M','2000-06-01',17123.45,'陕西',1862),(1601,1998000200,'浙江大学','工程学院','计算机科学与技术','F','2001-07-01',18500.75,'新疆',1863),(1602,1999000300,'浙江大学','工程学院','计算机科学与技术','M','2002-08-01',19500.55,'甘肃',1864),(1603,2000000400,'浙江大学','工程学院','计算机科学与技术','F','2003-09-01',19800.85,'青海',1865),(1604,2001000500,'浙江大学','工程学院','计算机科学与技术','M','2004-10-01',17200.45,'宁夏',1866),(1605,2002000600,'浙江大学','工程学院','计算机科学与技术','F','2005-11-01',18600.35,'陕西',1867),(1606,2003000700,'浙江大学','工程学院','计算机科学与技术','M','2006-12-01',19300.65,'新疆',1868),(1607,2004000800,'浙江大学','工程学院','计算机科学与技术','F','2007-01-01',18800.75,'甘肃',1869),(1608,2005000900,'浙江大学','工程学院','计算机科学与技术','M','2008-02-01',19000.55,'青海',1870),(1609,2006001000,'浙江大学','工程学院','计算机科学与技术','F','2009-03-01',17200.85,'宁夏',1871),(1610,2007001100,'浙江大学','工程学院','计算机科学与技术','M','2010-04-01',17800.35,'陕西',1872),(1611,2008001200,'浙江大学','工程学院','计算机科学与技术','F','2011-05-01',19500.65,'新疆',1873),(1612,2009001300,'浙江大学','工程学院','计算机科学与技术','M','2012-06-01',18700.75,'甘肃',1874),(1613,2010001400,'浙江大学','工程学院','计算机科学与技术','F','2013-07-01',18200.45,'青海',1875),(1614,2011001500,'浙江大学','工程学院','计算机科学与技术','M','2014-08-01',18800.55,'宁夏',1876),(1615,2012001600,'浙江大学','工程学院','计算机科学与技术','F','2015-09-01',19000.75,'陕西',1877),(1616,2013001700,'浙江大学','工程学院','计算机科学与技术','M','2016-10-01',19700.45,'新疆',1878),(1617,2014001800,'浙江大学','工程学院','计算机科学与技术','F','2017-11-01',19500.35,'甘肃',1879),(1618,2015001900,'浙江大学','工程学院','计算机科学与技术','M','2018-12-01',19300.85,'青海',1880),(1619,2016002000,'浙江大学','工程学院','计算机科学与技术','F','2019-01-01',10500.45,'宁夏',1881),(1620,2017002100,'浙江大学','工程学院','计算机科学与技术','M','2020-02-01',19800.35,'陕西',1882),(1621,2018002200,'浙江大学','工程学院','计算机科学与技术','F','2021-03-01',11500.75,'新疆',1883),(1622,2019002300,'浙江大学','工程学院','计算机科学与技术','M','2022-04-01',11800.45,'甘肃',1884),(1623,1997002400,'浙江大学','工程学院','电气工程及其自动化','M','2000-06-01',19800.55,'青海',1885),(1624,1998002500,'浙江大学','工程学院','电气工程及其自动化','F','2001-07-01',18500.75,'宁夏',1886),(1625,1999002600,'浙江大学','工程学院','电气工程及其自动化','M','2002-08-01',18700.45,'陕西',1887),(1626,2000002700,'浙江大学','工程学院','电气工程及其自动化','F','2003-09-01',18100.35,'新疆',1888),(1627,2001002800,'浙江大学','工程学院','电气工程及其自动化','M','2004-10-01',19000.55,'甘肃',1889),(1628,2002002900,'浙江大学','工程学院','电气工程及其自动化','F','2005-11-01',19500.75,'青海',1890),(1629,2003003000,'浙江大学','工程学院','电气工程及其自动化','M','2006-12-01',17900.85,'宁夏',1891),(1630,2004003100,'浙江大学','工程学院','电气工程及其自动化','F','2007-01-01',18200.45,'陕西',1892),(1631,2005003200,'浙江大学','工程学院','电气工程及其自动化','M','2008-02-01',8800.35,'新疆',1893),(1632,2006003300,'浙江大学','工程学院','电气工程及其自动化','F','2009-03-01',19100.55,'甘肃',1894),(1633,1997003400,'浙江大学','工程学院','软件工程','M','2000-06-01',17123.45,'陕西',1895),(1634,1998003500,'浙江大学','工程学院','软件工程','F','2001-07-01',8500.75,'新疆',1896),(1635,1999003600,'浙江大学','工程学院','软件工程','M','2002-08-01',9500.55,'甘肃',1897),(1636,2000003700,'浙江大学','工程学院','软件工程','F','2003-09-01',9800.85,'青海',1898),(1637,2001003800,'浙江大学','工程学院','软件工程','M','2004-10-01',17200.45,'宁夏',1899),(1638,2002003900,'浙江大学','工程学院','软件工程','F','2005-11-01',8600.35,'陕西',1900),(1639,2003004000,'浙江大学','工程学院','软件工程','M','2006-12-01',9300.65,'新疆',1901),(1640,2004004100,'浙江大学','工程学院','软件工程','F','2007-01-01',18800.75,'甘肃',1902),(1641,1997004200,'浙江大学','工程学院','机械工程','M','2008-02-01',19000.55,'青海',1903),(1642,1998004300,'浙江大学','工程学院','机械工程','F','2009-03-01',17200.85,'宁夏',1904),(1643,1999004400,'浙江大学','工程学院','机械工程','M','2010-04-01',17800.35,'陕西',1905),(1644,2000004500,'浙江大学','工程学院','机械工程','F','2011-05-01',19500.65,'新疆',1906),(1645,2001004600,'浙江大学','工程学院','机械工程','M','2012-06-01',18700.75,'甘肃',1907),(1646,2002004700,'浙江大学','工程学院','机械工程','F','2013-07-01',18200.45,'青海',1908),(1647,1997004800,'浙江大学','工程学院','通信工程','M','2014-08-01',18800.55,'宁夏',1909),(1648,1998004900,'浙江大学','工程学院','通信工程','F','2015-09-01',19000.75,'陕西',1910),(1649,1999005000,'浙江大学','工程学院','通信工程','M','2016-10-01',19700.45,'新疆',1911),(1650,2000005100,'浙江大学','工程学院','通信工程','F','2017-11-01',18500.35,'甘肃',1912),(1651,1997005200,'浙江大学','工程学院','电子信息','M','2018-12-01',19300.85,'青海',1913),(1652,1998005300,'浙江大学','工程学院','电子信息','F','2019-01-01',25500.45,'宁夏',1914),(1653,1999005400,'浙江大学','工程学院','电子信息','M','2020-02-01',19800.35,'陕西',1915),(1654,2000005500,'浙江大学','工程学院','电子信息','F','2021-03-01',18500.75,'新疆',1916),(1655,1997005600,'浙江大学','工程学院','土木工程','M','2022-04-01',19800.45,'甘肃',1917),(1656,1998005700,'浙江大学','工程学院','土木工程','F','2000-06-01',19800.55,'青海',1918),(1657,1999005800,'浙江大学','工程学院','土木工程','M','2001-07-01',18500.75,'宁夏',1919),(1658,2000005900,'浙江大学','工程学院','土木工程','F','2002-08-01',18700.45,'陕西',1920),(1659,1997006000,'浙江大学','工程学院','临床医学','M','2003-09-01',18100.35,'新疆',1921),(1660,2020006000,'浙江大学','工程学院','临床医学','M','2023-09-01',18100.35,'新疆',1922),(1661,2021006000,'浙江大学','工程学院','临床医学','M','2024-09-01',18100.35,'新疆',1923),(1886,199700010000,'上海交通大学','工程学院','计算机科学与技术','M','2000-06-01',8650.45,'四川',2132),(1887,199700020000,'上海交通大学','工程学院','电气工程及其自动化','F','2001-07-01',9254.60,'云南',2133),(1888,199700030000,'上海交通大学','工程学院','软件工程','M','2000-06-01',10345.25,'贵州',2134),(1889,199800010000,'上海交通大学','工程学院','机械工程','F','2001-09-01',7543.33,'广西',2135),(1890,199800020000,'上海交通大学','工程学院','通信工程','M','2000-05-01',8532.75,'重庆',2136),(1891,199800030000,'上海交通大学','工程学院','电子信息','M','2001-07-01',7842.00,'湖南',2137),(1892,199900010000,'上海交通大学','工程学院','土木工程','F','2001-08-01',6432.45,'湖北',2138),(1893,199900020000,'上海交通大学','工程学院','临床医学','M','2000-06-01',9745.55,'四川',2139),(1894,199900030000,'上海交通大学','工程学院','汉语言文学','F','2001-10-01',12354.12,'云南',2140),(1895,200000010000,'上海交通大学','工程学院','师范','F','2002-06-01',11234.22,'贵州',2141),(1896,200000020000,'上海交通大学','工程学院','计算机科学与技术','M','2002-07-01',9876.45,'广西',2142),(1897,200000030000,'上海交通大学','工程学院','电气工程及其自动化','F','2002-08-01',7453.78,'重庆',2143),(1898,200100010000,'上海交通大学','工程学院','软件工程','M','2002-09-01',8254.99,'湖南',2144),(1899,200100020000,'上海交通大学','工程学院','机械工程','F','2003-06-01',9210.45,'湖北',2145),(1900,200100030000,'上海交通大学','工程学院','通信工程','M','2003-07-01',10456.32,'四川',2146),(1901,200200010000,'上海交通大学','工程学院','电子信息','M','2003-08-01',8723.44,'云南',2147),(1902,200200020000,'上海交通大学','工程学院','土木工程','F','2004-06-01',7932.21,'贵州',2148),(1903,200200030000,'上海交通大学','工程学院','临床医学','M','2004-07-01',8254.88,'广西',2149),(1904,200300010000,'上海交通大学','工程学院','师范','F','2004-08-01',11322.99,'重庆',2150),(1905,200300020000,'上海交通大学','工程学院','计算机科学与技术','M','2005-06-01',7654.12,'湖南',2151),(1906,200300030000,'上海交通大学','工程学院','电气工程及其自动化','F','2005-07-01',8345.65,'湖北',2152),(1907,200400010000,'上海交通大学','工程学院','软件工程','M','2005-08-01',9123.78,'四川',2153),(1908,200400020000,'上海交通大学','工程学院','机械工程','F','2006-06-01',8421.33,'云南',2154),(1909,200400030000,'上海交通大学','工程学院','通信工程','M','2006-07-01',9543.76,'贵州',2155),(1910,200500010000,'上海交通大学','工程学院','电子信息','M','2006-08-01',9999.99,'广西',2156),(1911,200500020000,'上海交通大学','工程学院','土木工程','F','2007-06-01',6543.21,'重庆',2157),(1912,200500030000,'上海交通大学','工程学院','临床医学','M','2007-07-01',7543.44,'湖南',2158),(1913,200600010000,'上海交通大学','工程学院','汉语言文学','F','2007-08-01',10234.89,'湖北',2159),(1914,200600020000,'上海交通大学','工程学院','师范','F','2008-06-01',9234.12,'四川',2160),(1915,200600030000,'上海交通大学','工程学院','计算机科学与技术','M','2008-07-01',8345.21,'云南',2161),(1916,200700010000,'上海交通大学','工程学院','电气工程及其自动化','F','2008-08-01',9567.44,'贵州',2162),(1917,200700020000,'上海交通大学','工程学院','软件工程','M','2009-06-01',8321.67,'广西',2163),(1918,200700030000,'上海交通大学','工程学院','机械工程','F','2009-07-01',8765.43,'重庆',2164),(1919,200800010000,'上海交通大学','工程学院','通信工程','M','2009-08-01',9987.32,'湖南',2165),(1920,200800020000,'上海交通大学','工程学院','电子信息','M','2010-06-01',9432.88,'湖北',2166),(1921,200800030000,'上海交通大学','工程学院','土木工程','F','2010-07-01',7654.22,'四川',2167),(1922,200900010000,'上海交通大学','工程学院','临床医学','M','2010-08-01',10321.45,'云南',2168),(1923,200900020000,'上海交通大学','工程学院','汉语言文学','F','2011-06-01',8321.99,'贵州',2169),(1924,200900030000,'上海交通大学','工程学院','师范','F','2011-07-01',7234.55,'广西',2170),(1925,201000010000,'上海交通大学','工程学院','计算机科学与技术','M','2011-08-01',9456.12,'重庆',2171),(1926,201000020000,'上海交通大学','工程学院','电气工程及其自动化','F','2012-06-01',8734.67,'湖南',2172),(1927,201000030000,'上海交通大学','工程学院','软件工程','M','2012-07-01',8765.43,'湖北',2173),(1928,201100010000,'上海交通大学','工程学院','机械工程','F','2012-08-01',7654.32,'四川',2174),(1929,201100020000,'上海交通大学','工程学院','通信工程','M','2013-06-01',8543.67,'云南',2175),(1930,201100030000,'上海交通大学','工程学院','电子信息','M','2013-07-01',9234.99,'贵州',2176),(1931,201200010000,'上海交通大学','工程学院','土木工程','F','2013-08-01',9999.99,'广西',2177),(1932,201200020000,'上海交通大学','工程学院','临床医学','M','2014-06-01',9234.12,'重庆',2178),(1933,201200030000,'上海交通大学','工程学院','汉语言文学','F','2014-07-01',8234.11,'湖南',2179),(1934,201300010000,'上海交通大学','工程学院','师范','F','2014-08-01',9456.43,'湖北',2180),(1935,201300020000,'上海交通大学','工程学院','计算机科学与技术','M','2015-06-01',8321.54,'四川',2181),(1936,201300030000,'上海交通大学','工程学院','电气工程及其自动化','F','2015-07-01',9234.65,'云南',2182),(1937,201400010000,'上海交通大学','工程学院','软件工程','M','2015-08-01',8345.33,'贵州',2183),(1938,201400020000,'上海交通大学','工程学院','机械工程','F','2016-06-01',7564.43,'广西',2184),(1939,201400030000,'上海交通大学','工程学院','通信工程','M','2016-07-01',9345.44,'重庆',2185),(1940,201500010000,'上海交通大学','工程学院','电子信息','M','2016-08-01',9432.76,'湖南',2186),(1941,201500020000,'上海交通大学','工程学院','土木工程','F','2017-06-01',8345.55,'湖北',2187),(1942,201500030000,'上海交通大学','工程学院','临床医学','M','2017-07-01',9432.11,'四川',2188),(1943,201600010000,'上海交通大学','工程学院','汉语言文学','F','2017-08-01',7543.88,'云南',2189),(1944,201600020000,'上海交通大学','工程学院','师范','F','2018-06-01',8321.32,'贵州',2190),(1945,201600030000,'上海交通大学','工程学院','计算机科学与技术','M','2018-07-01',9234.22,'广西',2191),(1946,201700010000,'上海交通大学','工程学院','电气工程及其自动化','F','2018-08-01',7432.77,'重庆',2192),(1947,201700020000,'上海交通大学','工程学院','软件工程','M','2019-06-01',9456.33,'湖南',2193),(1948,201700030000,'上海交通大学','工程学院','机械工程','F','2019-07-01',8543.88,'湖北',2194),(1949,201800010000,'上海交通大学','工程学院','通信工程','M','2019-08-01',9234.45,'四川',2195),(1950,201800020000,'上海交通大学','工程学院','电子信息','M','2020-06-01',8432.55,'云南',2196),(1951,201800030000,'上海交通大学','工程学院','土木工程','F','2020-07-01',7543.67,'贵州',2197),(1952,201900010000,'上海交通大学','工程学院','临床医学','M','2020-08-01',9234.77,'广西',2198),(1953,201900020000,'上海交通大学','工程学院','汉语言文学','F','2021-06-01',8432.98,'重庆',2199),(1954,201900030000,'上海交通大学','工程学院','师范','F','2021-07-01',9345.11,'湖南',2200),(1955,202000010000,'上海交通大学','工程学院','计算机科学与技术','M','2021-08-01',8543.54,'湖北',2201),(1956,202000020000,'上海交通大学','工程学院','电气工程及其自动化','F','2022-06-01',9234.99,'四川',2202),(1957,202000030000,'上海交通大学','工程学院','软件工程','M','2022-07-01',8345.32,'云南',2203),(1958,202100010000,'上海交通大学','工程学院','机械工程','F','2022-08-01',7432.22,'贵州',2204),(1959,202100020000,'上海交通大学','工程学院','通信工程','M','2023-06-01',8321.77,'广西',2205),(1960,202100030000,'上海交通大学','工程学院','电子信息','M','2023-07-01',9432.33,'重庆',2206),(1970,19970001,'长安大学','信息工程学院','软件工程','M','2000-06-01',5123.45,'广东',2216),(1971,19980001,'长安大学','信息工程学院','软件工程','M','2001-06-01',6178.67,'北京',2217),(1972,19990001,'长安大学','信息工程学院','软件工程','M','2002-06-01',7021.34,'浙江',2218),(1973,20000001,'长安大学','信息工程学院','软件工程','M','2003-06-01',8075.89,'北京',2219),(1974,20010001,'长安大学','信息工程学院','软件工程','M','2004-06-01',9134.56,'广东',2220),(1975,20020001,'长安大学','信息工程学院','软件工程','M','2005-06-01',10289.78,'北京',2221),(1976,20030001,'长安大学','信息工程学院','软件工程','M','2006-06-01',11345.23,'北京',2222),(1977,20040001,'长安大学','信息工程学院','软件工程','M','2007-06-01',12489.45,'北京',2223),(1978,20050001,'长安大学','信息工程学院','软件工程','M','2008-06-01',13214.67,'北京',2224),(1979,20060001,'长安大学','信息工程学院','软件工程','M','2009-06-01',14567.89,'北京',2225),(1980,20070001,'长安大学','信息工程学院','软件工程','M','2010-06-01',15234.56,'广东',2226),(1981,20080001,'长安大学','信息工程学院','软件工程','M','2011-06-01',16890.23,'安徽',2227),(1982,20090001,'长安大学','信息工程学院','软件工程','M','2012-06-01',17234.45,'北京',2228),(1983,20100001,'长安大学','信息工程学院','软件工程','M','2013-06-01',18567.89,'北京',2229),(1984,20110001,'长安大学','信息工程学院','软件工程','M','2014-06-01',19234.56,'北京',2230),(1985,20120001,'长安大学','信息工程学院','软件工程','M','2015-06-01',20489.78,'北京',2231),(1986,20130001,'长安大学','信息工程学院','软件工程','M','2016-06-01',21345.23,'广东',2232),(1987,20140001,'长安大学','信息工程学院','软件工程','M','2017-06-01',22134.56,'北京',2233),(1988,20150001,'长安大学','信息工程学院','软件工程','M','2018-06-01',23456.78,'浙江',2234),(1989,20160001,'长安大学','信息工程学院','软件工程','M','2019-06-01',24345.89,'北京',2235),(1990,20170001,'长安大学','信息工程学院','软件工程','M','2020-06-01',25123.45,'广东',2236),(1991,20180001,'长安大学','信息工程学院','软件工程','M','2021-06-01',24567.89,'北京',2237),(1992,20190001,'长安大学','信息工程学院','软件工程','M','2022-06-01',23456.78,'北京',2238),(1993,20200001,'长安大学','信息工程学院','软件工程','M','2023-06-01',22567.89,'北京',2239),(1994,20210001,'长安大学','信息工程学院','软件工程','M','2024-06-01',21456.78,'北京',2240),(2033,19972222,'清华大学','信息工程学院','软件工程','M','2000-06-01',15789.12,'广东',2316),(2034,19980002,'清华大学','信息工程学院','软件工程','M','2001-06-01',19034.23,'北京',2317),(2035,19990002,'清华大学','信息工程学院','软件工程','M','2002-06-01',22345.34,'浙江',2318),(2036,20000002,'清华大学','信息工程学院','软件工程','M','2003-06-01',18002.45,'北京',2319),(2037,20010002,'清华大学','信息工程学院','软件工程','M','2004-06-01',21045.56,'广东',2320),(2038,20020002,'清华大学','信息工程学院','软件工程','M','2005-06-01',24467.67,'北京',2321),(2039,20030002,'清华大学','信息工程学院','软件工程','M','2006-06-01',19890.78,'北京',2322),(2040,20040002,'清华大学','信息工程学院','软件工程','M','2007-06-01',23412.89,'北京',2323),(2041,20050002,'清华大学','信息工程学院','软件工程','M','2008-06-01',18934.12,'北京',2324),(2042,20060002,'清华大学','信息工程学院','软件工程','M','2009-06-01',24856.23,'北京',2325),(2043,20070002,'清华大学','信息工程学院','软件工程','M','2010-06-01',21789.34,'广东',2326),(2044,20080002,'清华大学','信息工程学院','软件工程','M','2011-06-01',25678.45,'安徽',2327),(2045,20090002,'清华大学','信息工程学院','软件工程','M','2012-06-01',22789.56,'北京',2328),(2046,20100002,'清华大学','信息工程学院','软件工程','M','2013-06-01',26789.67,'北京',2329),(2047,20110002,'清华大学','信息工程学院','软件工程','M','2014-06-01',23789.78,'北京',2330),(2048,20120002,'清华大学','信息工程学院','软件工程','M','2015-06-01',27890.89,'北京',2331),(2049,20130002,'清华大学','信息工程学院','软件工程','M','2016-06-01',24789.12,'广东',2332),(2050,20140002,'清华大学','信息工程学院','软件工程','M','2017-06-01',28912.23,'北京',2333),(2051,20150002,'清华大学','信息工程学院','软件工程','M','2018-06-01',25978.34,'浙江',2334),(2052,20160002,'清华大学','信息工程学院','软件工程','M','2019-06-01',29012.45,'北京',2335),(2053,20170002,'清华大学','信息工程学院','软件工程','M','2020-06-01',27067.56,'广东',2336),(2054,20180002,'清华大学','信息工程学院','软件工程','M','2021-06-01',30567.67,'北京',2337),(2055,20190002,'清华大学','信息工程学院','软件工程','M','2022-06-01',28567.78,'北京',2338),(2056,20200002,'清华大学','信息工程学院','软件工程','M','2023-06-01',31012.89,'北京',2339),(2057,20210002,'清华大学','信息工程学院','软件工程','M','2024-06-01',29567.12,'北京',2340);
/*!40000 ALTER TABLE `employment_analysis` ENABLE KEYS */;
UNLOCK TABLES;
/*!50003 SET @saved_cs_client      = @@character_set_client */ ;
/*!50003 SET @saved_cs_results     = @@character_set_results */ ;
/*!50003 SET @saved_col_connection = @@collation_connection */ ;
/*!50003 SET character_set_client  = utf8mb4 */ ;
/*!50003 SET character_set_results = utf8mb4 */ ;
/*!50003 SET collation_connection  = utf8mb4_0900_ai_ci */ ;
/*!50003 SET @saved_sql_mode       = @@sql_mode */ ;
/*!50003 SET sql_mode              = 'ONLY_FULL_GROUP_BY,STRICT_TRANS_TABLES,NO_ZERO_IN_DATE,NO_ZERO_DATE,ERROR_FOR_DIVISION_BY_ZERO,NO_ENGINE_SUBSTITUTION' */ ;
DELIMITER ;;
/*!50003 CREATE*/ /*!50017 DEFINER=`root`@`localhost`*/ /*!50003 TRIGGER `after_employment_analysis_insert` AFTER INSERT ON `employment_analysis` FOR EACH ROW BEGIN
    -- 插入新行到 employment_data 表，包括 analysis_id 字段
    INSERT INTO employment_data (college_name, year, salary, analysis_id)
    VALUES (NEW.college_name, YEAR(NEW.employment_date), NEW.salary, NEW.analysis_id);
END */;;
DELIMITER ;
/*!50003 SET sql_mode              = @saved_sql_mode */ ;
/*!50003 SET character_set_client  = @saved_cs_client */ ;
/*!50003 SET character_set_results = @saved_cs_results */ ;
/*!50003 SET collation_connection  = @saved_col_connection */ ;
/*!50003 SET @saved_cs_client      = @@character_set_client */ ;
/*!50003 SET @saved_cs_results     = @@character_set_results */ ;
/*!50003 SET @saved_col_connection = @@collation_connection */ ;
/*!50003 SET character_set_client  = utf8mb4 */ ;
/*!50003 SET character_set_results = utf8mb4 */ ;
/*!50003 SET collation_connection  = utf8mb4_0900_ai_ci */ ;
/*!50003 SET @saved_sql_mode       = @@sql_mode */ ;
/*!50003 SET sql_mode              = 'ONLY_FULL_GROUP_BY,STRICT_TRANS_TABLES,NO_ZERO_IN_DATE,NO_ZERO_DATE,ERROR_FOR_DIVISION_BY_ZERO,NO_ENGINE_SUBSTITUTION' */ ;
DELIMITER ;;
/*!50003 CREATE*/ /*!50017 DEFINER=`root`@`localhost`*/ /*!50003 TRIGGER `after_employment_analysis_insert_sort` AFTER INSERT ON `employment_analysis` FOR EACH ROW BEGIN
    INSERT INTO employment_sort (analysis_id, major_name, salary)
    VALUES (NEW.analysis_id, NEW.major_name, NEW.salary);
END */;;
DELIMITER ;
/*!50003 SET sql_mode              = @saved_sql_mode */ ;
/*!50003 SET character_set_client  = @saved_cs_client */ ;
/*!50003 SET character_set_results = @saved_cs_results */ ;
/*!50003 SET collation_connection  = @saved_col_connection */ ;
/*!50003 SET @saved_cs_client      = @@character_set_client */ ;
/*!50003 SET @saved_cs_results     = @@character_set_results */ ;
/*!50003 SET @saved_col_connection = @@collation_connection */ ;
/*!50003 SET character_set_client  = utf8mb4 */ ;
/*!50003 SET character_set_results = utf8mb4 */ ;
/*!50003 SET collation_connection  = utf8mb4_0900_ai_ci */ ;
/*!50003 SET @saved_sql_mode       = @@sql_mode */ ;
/*!50003 SET sql_mode              = 'ONLY_FULL_GROUP_BY,STRICT_TRANS_TABLES,NO_ZERO_IN_DATE,NO_ZERO_DATE,ERROR_FOR_DIVISION_BY_ZERO,NO_ENGINE_SUBSTITUTION' */ ;
DELIMITER ;;
/*!50003 CREATE*/ /*!50017 DEFINER=`root`@`localhost`*/ /*!50003 TRIGGER `after_employment_analysis_update` AFTER UPDATE ON `employment_analysis` FOR EACH ROW BEGIN
    -- 更新 employment_data 表中与 analysis_id 匹配的记录
    UPDATE employment_data
    SET college_name = NEW.college_name,
        -- 假设 year 字段从 employment_date 中提取年份
        year = YEAR(NEW.employment_date),
        salary = NEW.salary
    WHERE analysis_id = NEW.analysis_id;
END */;;
DELIMITER ;
/*!50003 SET sql_mode              = @saved_sql_mode */ ;
/*!50003 SET character_set_client  = @saved_cs_client */ ;
/*!50003 SET character_set_results = @saved_cs_results */ ;
/*!50003 SET collation_connection  = @saved_col_connection */ ;

--
-- Table structure for table `employment_data`
--

DROP TABLE IF EXISTS `employment_data`;
/*!40101 SET @saved_cs_client     = @@character_set_client */;
/*!50503 SET character_set_client = utf8mb4 */;
CREATE TABLE `employment_data` (
  `id` int NOT NULL AUTO_INCREMENT,
  `college_name` varchar(255) NOT NULL,
  `year` int NOT NULL,
  `salary` decimal(10,2) NOT NULL,
  `analysis_id` bigint unsigned NOT NULL COMMENT '分析ID',
  PRIMARY KEY (`id`),
  KEY `fk_employment_data_analysis_id` (`analysis_id`),
  CONSTRAINT `fk_employment_data_analysis_id` FOREIGN KEY (`analysis_id`) REFERENCES `employment_analysis` (`analysis_id`) ON DELETE CASCADE ON UPDATE CASCADE
) ENGINE=InnoDB AUTO_INCREMENT=1865 DEFAULT CHARSET=utf8mb4 COLLATE=utf8mb4_0900_ai_ci;
/*!40101 SET character_set_client = @saved_cs_client */;

--
-- Dumping data for table `employment_data`
--

LOCK TABLES `employment_data` WRITE;
/*!40000 ALTER TABLE `employment_data` DISABLE KEYS */;
INSERT INTO `employment_data` VALUES (995,'西安交通大学',2000,8910.00,1097),(996,'西安交通大学',2005,10876.54,1098),(997,'西安交通大学',2006,10234.56,1099),(998,'西安交通大学',2007,11234.78,1100),(999,'西安交通大学',2008,11567.89,1101),(1000,'西安交通大学',2009,10987.65,1102),(1001,'西安交通大学',2010,10123.45,1103),(1002,'西安交通大学',2011,10789.12,1104),(1003,'西安交通大学',2012,10654.32,1105),(1004,'西安交通大学',2013,10890.12,1106),(1005,'西安交通大学',2014,11123.45,1107),(1006,'西安交通大学',2015,11098.76,1108),(1007,'西安交通大学',2016,10876.54,1109),(1008,'西安交通大学',2017,10987.65,1110),(1009,'西安交通大学',2018,11023.45,1111),(1010,'西安交通大学',2019,10456.78,1112),(1011,'西安交通大学',2020,10789.12,1113),(1012,'西安交通大学',2021,10654.32,1114),(1013,'西安交通大学',2022,10890.12,1115),(1014,'西安交通大学',2023,11123.45,1116),(1015,'西安交通大学',2024,11098.76,1117),(1016,'西安交通大学',2002,9823.10,1118),(1017,'西安交通大学',2003,8560.75,1119),(1018,'西安交通大学',2004,9387.60,1120),(1019,'西安交通大学',2005,10456.80,1121),(1020,'西安交通大学',2006,8900.55,1122),(1021,'西安交通大学',2007,9720.30,1123),(1022,'西安交通大学',2008,10400.00,1124),(1023,'西安交通大学',2009,11500.25,1125),(1024,'西安交通大学',2010,9450.75,1126),(1025,'西安交通大学',2011,11000.50,1127),(1026,'西安交通大学',2012,10000.20,1128),(1027,'西安交通大学',2013,9400.40,1129),(1028,'西安交通大学',2014,10320.70,1130),(1029,'西安交通大学',2015,8900.55,1131),(1030,'西安交通大学',2016,9720.30,1132),(1031,'西安交通大学',2017,10400.00,1133),(1032,'西安交通大学',2020,10500.00,1134),(1033,'西安交通大学',2021,10800.50,1135),(1034,'西安交通大学',2022,10200.75,1136),(1035,'西安交通大学',2001,10200.75,1137),(1172,'西北大学',2000,10234.45,1316),(1173,'西北大学',2002,9823.10,1317),(1174,'西北大学',2003,8560.75,1318),(1175,'西北大学',2004,9387.60,1319),(1176,'西北大学',2005,10456.80,1320),(1177,'西北大学',2006,8900.55,1321),(1178,'西北大学',2007,9720.30,1322),(1179,'西北大学',2008,10400.00,1323),(1180,'西北大学',2009,11500.25,1324),(1181,'西北大学',2010,9450.75,1325),(1182,'西北大学',2011,11000.50,1326),(1183,'西北大学',2012,10000.20,1327),(1184,'西北大学',2013,9400.40,1328),(1185,'西北大学',2014,10320.70,1329),(1186,'西北大学',2015,8900.55,1330),(1187,'西北大学',2016,9720.30,1331),(1188,'西北大学',2017,10400.00,1332),(1189,'西北大学',2018,11500.25,1333),(1190,'西北大学',2019,9450.75,1334),(1191,'西北大学',2020,11000.50,1335),(1192,'西北大学',2021,10000.20,1336),(1193,'西北大学',2022,9400.40,1337),(1194,'西北大学',2023,10320.70,1338),(1195,'西北大学',2024,8900.55,1339),(1196,'西北大学',2002,9823.10,1340),(1197,'西北大学',2003,8560.75,1341),(1198,'西北大学',2004,9387.60,1342),(1199,'西北大学',2005,10456.80,1343),(1200,'西北大学',2006,8900.55,1344),(1201,'西北大学',2007,9720.30,1345),(1202,'西北大学',2008,10400.00,1346),(1203,'西北大学',2009,11500.25,1347),(1204,'西北大学',2010,9450.75,1348),(1205,'西北大学',2011,11000.50,1349),(1206,'西北大学',2012,10000.20,1350),(1207,'西北大学',2013,9400.40,1351),(1208,'西北大学',2014,10320.70,1352),(1209,'西北大学',2015,8900.55,1353),(1210,'西北大学',2016,9720.30,1354),(1211,'西北大学',2017,10400.00,1355),(1212,'北京大学',2000,21500.50,1356),(1213,'北京大学',2000,22500.60,1357),(1214,'北京大学',2001,22000.50,1358),(1215,'北京大学',2001,22700.60,1359),(1216,'北京大学',2002,22800.50,1360),(1217,'北京大学',2002,22700.60,1361),(1218,'北京大学',2003,22000.50,1362),(1219,'北京大学',2003,22200.60,1363),(1220,'北京大学',2004,22500.50,1364),(1221,'北京大学',2004,22700.60,1365),(1222,'北京大学',2005,22900.50,1366),(1223,'北京大学',2005,23400.75,1367),(1224,'北京大学',2005,22700.60,1368),(1225,'北京大学',2006,22000.50,1369),(1226,'北京大学',2006,22500.75,1370),(1227,'北京大学',2006,22200.60,1371),(1228,'北京大学',2007,22500.50,1372),(1229,'北京大学',2007,23200.75,1373),(1230,'北京大学',2008,22900.50,1374),(1231,'北京大学',2008,23400.75,1375),(1232,'北京大学',2008,22700.60,1376),(1233,'北京大学',2009,22000.50,1377),(1234,'北京大学',2009,22500.75,1378),(1235,'北京大学',2009,22200.60,1379),(1236,'北京大学',2010,22500.50,1380),(1237,'北京大学',2010,23200.75,1381),(1238,'北京大学',2011,22900.50,1382),(1239,'北京大学',2011,23400.75,1383),(1240,'北京大学',2011,22700.60,1384),(1241,'北京大学',2012,22000.50,1385),(1242,'北京大学',2012,22500.75,1386),(1243,'北京大学',2013,22500.50,1387),(1244,'北京大学',2013,23200.75,1388),(1245,'北京大学',2014,22900.50,1389),(1246,'北京大学',2014,23400.75,1390),(1247,'北京大学',2015,22000.50,1391),(1248,'北京大学',2015,22500.75,1392),(1249,'北京大学',2015,22200.60,1393),(1250,'北京大学',2016,23200.75,1394),(1251,'北京大学',2016,22700.60,1395),(1252,'北京大学',2017,23400.75,1396),(1253,'北京大学',2017,22700.60,1397),(1254,'北京大学',2018,22500.75,1398),(1255,'北京大学',2018,22200.60,1399),(1256,'北京大学',2019,23200.75,1400),(1257,'北京大学',2019,22700.60,1401),(1258,'北京大学',2020,23400.75,1402),(1259,'北京大学',2020,22700.60,1403),(1260,'北京大学',2021,22500.75,1404),(1261,'北京大学',2021,22200.60,1405),(1262,'北京大学',2022,22500.50,1406),(1263,'北京大学',2022,22700.60,1407),(1264,'北京大学',2023,22900.50,1408),(1265,'北京大学',2023,23400.75,1409),(1266,'北京大学',2024,22000.50,1410),(1267,'北京大学',2024,22200.60,1411),(1456,'浙江大学',2000,17123.45,1600),(1457,'浙江大学',2001,18500.75,1601),(1458,'浙江大学',2002,19500.55,1602),(1459,'浙江大学',2003,19800.85,1603),(1460,'浙江大学',2004,17200.45,1604),(1461,'浙江大学',2005,18600.35,1605),(1462,'浙江大学',2006,19300.65,1606),(1463,'浙江大学',2007,18800.75,1607),(1464,'浙江大学',2008,19000.55,1608),(1465,'浙江大学',2009,17200.85,1609),(1466,'浙江大学',2010,17800.35,1610),(1467,'浙江大学',2011,19500.65,1611),(1468,'浙江大学',2012,18700.75,1612),(1469,'浙江大学',2013,18200.45,1613),(1470,'浙江大学',2014,18800.55,1614),(1471,'浙江大学',2015,19000.75,1615),(1472,'浙江大学',2016,19700.45,1616),(1473,'浙江大学',2017,19500.35,1617),(1474,'浙江大学',2018,19300.85,1618),(1475,'浙江大学',2019,10500.45,1619),(1476,'浙江大学',2020,19800.35,1620),(1477,'浙江大学',2021,11500.75,1621),(1478,'浙江大学',2022,11800.45,1622),(1479,'浙江大学',2000,19800.55,1623),(1480,'浙江大学',2001,18500.75,1624),(1481,'浙江大学',2002,18700.45,1625),(1482,'浙江大学',2003,18100.35,1626),(1483,'浙江大学',2004,19000.55,1627),(1484,'浙江大学',2005,19500.75,1628),(1485,'浙江大学',2006,17900.85,1629),(1486,'浙江大学',2007,18200.45,1630),(1487,'浙江大学',2008,8800.35,1631),(1488,'浙江大学',2009,19100.55,1632),(1489,'浙江大学',2000,17123.45,1633),(1490,'浙江大学',2001,8500.75,1634),(1491,'浙江大学',2002,9500.55,1635),(1492,'浙江大学',2003,9800.85,1636),(1493,'浙江大学',2004,17200.45,1637),(1494,'浙江大学',2005,8600.35,1638),(1495,'浙江大学',2006,9300.65,1639),(1496,'浙江大学',2007,18800.75,1640),(1497,'浙江大学',2008,19000.55,1641),(1498,'浙江大学',2009,17200.85,1642),(1499,'浙江大学',2010,17800.35,1643),(1500,'浙江大学',2011,19500.65,1644),(1501,'浙江大学',2012,18700.75,1645),(1502,'浙江大学',2013,18200.45,1646),(1503,'浙江大学',2014,18800.55,1647),(1504,'浙江大学',2015,19000.75,1648),(1505,'浙江大学',2016,19700.45,1649),(1506,'浙江大学',2017,18500.35,1650),(1507,'浙江大学',2018,19300.85,1651),(1508,'浙江大学',2019,25500.45,1652),(1509,'浙江大学',2020,19800.35,1653),(1510,'浙江大学',2021,18500.75,1654),(1511,'浙江大学',2022,19800.45,1655),(1512,'浙江大学',2000,19800.55,1656),(1513,'浙江大学',2001,18500.75,1657),(1514,'浙江大学',2002,18700.45,1658),(1515,'浙江大学',2003,18100.35,1659),(1516,'浙江大学',2023,18100.35,1660),(1517,'浙江大学',2024,18100.35,1661),(1693,'上海交通大学',2000,8650.45,1886),(1694,'上海交通大学',2001,9254.60,1887),(1695,'上海交通大学',2000,10345.25,1888),(1696,'上海交通大学',2001,7543.33,1889),(1697,'上海交通大学',2000,8532.75,1890),(1698,'上海交通大学',2001,7842.00,1891),(1699,'上海交通大学',2001,6432.45,1892),(1700,'上海交通大学',2000,9745.55,1893),(1701,'上海交通大学',2001,12354.12,1894),(1702,'上海交通大学',2002,11234.22,1895),(1703,'上海交通大学',2002,9876.45,1896),(1704,'上海交通大学',2002,7453.78,1897),(1705,'上海交通大学',2002,8254.99,1898),(1706,'上海交通大学',2003,9210.45,1899),(1707,'上海交通大学',2003,10456.32,1900),(1708,'上海交通大学',2003,8723.44,1901),(1709,'上海交通大学',2004,7932.21,1902),(1710,'上海交通大学',2004,8254.88,1903),(1711,'上海交通大学',2004,11322.99,1904),(1712,'上海交通大学',2005,7654.12,1905),(1713,'上海交通大学',2005,8345.65,1906),(1714,'上海交通大学',2005,9123.78,1907),(1715,'上海交通大学',2006,8421.33,1908),(1716,'上海交通大学',2006,9543.76,1909),(1717,'上海交通大学',2006,9999.99,1910),(1718,'上海交通大学',2007,6543.21,1911),(1719,'上海交通大学',2007,7543.44,1912),(1720,'上海交通大学',2007,10234.89,1913),(1721,'上海交通大学',2008,9234.12,1914),(1722,'上海交通大学',2008,8345.21,1915),(1723,'上海交通大学',2008,9567.44,1916),(1724,'上海交通大学',2009,8321.67,1917),(1725,'上海交通大学',2009,8765.43,1918),(1726,'上海交通大学',2009,9987.32,1919),(1727,'上海交通大学',2010,9432.88,1920),(1728,'上海交通大学',2010,7654.22,1921),(1729,'上海交通大学',2010,10321.45,1922),(1730,'上海交通大学',2011,8321.99,1923),(1731,'上海交通大学',2011,7234.55,1924),(1732,'上海交通大学',2011,9456.12,1925),(1733,'上海交通大学',2012,8734.67,1926),(1734,'上海交通大学',2012,8765.43,1927),(1735,'上海交通大学',2012,7654.32,1928),(1736,'上海交通大学',2013,8543.67,1929),(1737,'上海交通大学',2013,9234.99,1930),(1738,'上海交通大学',2013,9999.99,1931),(1739,'上海交通大学',2014,9234.12,1932),(1740,'上海交通大学',2014,8234.11,1933),(1741,'上海交通大学',2014,9456.43,1934),(1742,'上海交通大学',2015,8321.54,1935),(1743,'上海交通大学',2015,9234.65,1936),(1744,'上海交通大学',2015,8345.33,1937),(1745,'上海交通大学',2016,7564.43,1938),(1746,'上海交通大学',2016,9345.44,1939),(1747,'上海交通大学',2016,9432.76,1940),(1748,'上海交通大学',2017,8345.55,1941),(1749,'上海交通大学',2017,9432.11,1942),(1750,'上海交通大学',2017,7543.88,1943),(1751,'上海交通大学',2018,8321.32,1944),(1752,'上海交通大学',2018,9234.22,1945),(1753,'上海交通大学',2018,7432.77,1946),(1754,'上海交通大学',2019,9456.33,1947),(1755,'上海交通大学',2019,8543.88,1948),(1756,'上海交通大学',2019,9234.45,1949),(1757,'上海交通大学',2020,8432.55,1950),(1758,'上海交通大学',2020,7543.67,1951),(1759,'上海交通大学',2020,9234.77,1952),(1760,'上海交通大学',2021,8432.98,1953),(1761,'上海交通大学',2021,9345.11,1954),(1762,'上海交通大学',2021,8543.54,1955),(1763,'上海交通大学',2022,9234.99,1956),(1764,'上海交通大学',2022,8345.32,1957),(1765,'上海交通大学',2022,7432.22,1958),(1766,'上海交通大学',2023,8321.77,1959),(1767,'上海交通大学',2023,9432.33,1960),(1777,'长安大学',2000,5123.45,1970),(1778,'长安大学',2001,6178.67,1971),(1779,'长安大学',2002,7021.34,1972),(1780,'长安大学',2003,8075.89,1973),(1781,'长安大学',2004,9134.56,1974),(1782,'长安大学',2005,10289.78,1975),(1783,'长安大学',2006,11345.23,1976),(1784,'长安大学',2007,12489.45,1977),(1785,'长安大学',2008,13214.67,1978),(1786,'长安大学',2009,14567.89,1979),(1787,'长安大学',2010,15234.56,1980),(1788,'长安大学',2011,16890.23,1981),(1789,'长安大学',2012,17234.45,1982),(1790,'长安大学',2013,18567.89,1983),(1791,'长安大学',2014,19234.56,1984),(1792,'长安大学',2015,20489.78,1985),(1793,'长安大学',2016,21345.23,1986),(1794,'长安大学',2017,22134.56,1987),(1795,'长安大学',2018,23456.78,1988),(1796,'长安大学',2019,24345.89,1989),(1797,'长安大学',2020,25123.45,1990),(1798,'长安大学',2021,24567.89,1991),(1799,'长安大学',2022,23456.78,1992),(1800,'长安大学',2023,22567.89,1993),(1801,'长安大学',2024,21456.78,1994),(1840,'清华大学',2000,15789.12,2033),(1841,'清华大学',2001,19034.23,2034),(1842,'清华大学',2002,22345.34,2035),(1843,'清华大学',2003,18002.45,2036),(1844,'清华大学',2004,21045.56,2037),(1845,'清华大学',2005,24467.67,2038),(1846,'清华大学',2006,19890.78,2039),(1847,'清华大学',2007,23412.89,2040),(1848,'清华大学',2008,18934.12,2041),(1849,'清华大学',2009,24856.23,2042),(1850,'清华大学',2010,21789.34,2043),(1851,'清华大学',2011,25678.45,2044),(1852,'清华大学',2012,22789.56,2045),(1853,'清华大学',2013,26789.67,2046),(1854,'清华大学',2014,23789.78,2047),(1855,'清华大学',2015,27890.89,2048),(1856,'清华大学',2016,24789.12,2049),(1857,'清华大学',2017,28912.23,2050),(1858,'清华大学',2018,25978.34,2051),(1859,'清华大学',2019,29012.45,2052),(1860,'清华大学',2020,27067.56,2053),(1861,'清华大学',2021,30567.67,2054),(1862,'清华大学',2022,28567.78,2055),(1863,'清华大学',2023,31012.89,2056),(1864,'清华大学',2024,29567.12,2057);
/*!40000 ALTER TABLE `employment_data` ENABLE KEYS */;
UNLOCK TABLES;

--
-- Table structure for table `employment_info`
--

DROP TABLE IF EXISTS `employment_info`;
/*!40101 SET @saved_cs_client     = @@character_set_client */;
/*!50503 SET character_set_client = utf8mb4 */;
CREATE TABLE `employment_info` (
  `employment_id` bigint unsigned NOT NULL AUTO_INCREMENT COMMENT '就业信息ID',
  `student_id` bigint NOT NULL COMMENT '学生ID',
  `company_name` varchar(255) CHARACTER SET utf8mb4 COLLATE utf8mb4_general_ci DEFAULT NULL COMMENT '公司名称',
  `position` varchar(255) CHARACTER SET utf8mb4 COLLATE utf8mb4_general_ci DEFAULT NULL COMMENT '职位',
  `salary` decimal(10,2) DEFAULT NULL COMMENT '薪资',
  `employment_date` date DEFAULT NULL COMMENT '就业日期',
  `location` varchar(255) CHARACTER SET utf8mb4 COLLATE utf8mb4_general_ci DEFAULT NULL COMMENT '工作地点',
  `status` varchar(50) CHARACTER SET utf8mb4 COLLATE utf8mb4_general_ci DEFAULT NULL COMMENT '就业状态',
  PRIMARY KEY (`employment_id`) USING BTREE,
  KEY `employment_info_ibfk_1` (`student_id`),
  CONSTRAINT `employment_info_ibfk_1` FOREIGN KEY (`student_id`) REFERENCES `departments_students` (`student_id`) ON DELETE CASCADE ON UPDATE CASCADE
) ENGINE=InnoDB AUTO_INCREMENT=2341 DEFAULT CHARSET=utf8mb4 COLLATE=utf8mb4_general_ci ROW_FORMAT=DYNAMIC COMMENT='学生就业信息表';
/*!40101 SET character_set_client = @saved_cs_client */;

--
-- Dumping data for table `employment_info`
--

LOCK TABLES `employment_info` WRITE;
/*!40000 ALTER TABLE `employment_info` DISABLE KEYS */;
INSERT INTO `employment_info` VALUES (1423,20201045,'京东商城','研发工程师',8910.00,'2000-07-25','广东','0'),(1424,20011005,'京东商城','产品经理',10876.54,'2005-10-25','广东','0'),(1425,20021006,'美团点评','系统工程师',10234.56,'2006-11-30','广东','0'),(1426,20031007,'字节跳动','数据工程师',11234.78,'2007-12-01','北京','0'),(1427,20041008,'网易公司','架构师',11567.89,'2008-01-15','浙江','0'),(1428,20051009,'滴滴出行','运维工程师',10987.65,'2009-02-10','北京','0'),(1429,20061010,'小米科技','研发工程师',10123.45,'2010-03-05','北京','0'),(1430,20071011,'爱奇艺','网络工程师',10789.12,'2011-04-20','北京','0'),(1431,20081012,'搜狐公司','安全工程师',10654.32,'2012-05-30','北京','0'),(1432,20091013,'携程旅行网','数据库管理员',10890.12,'2013-06-18','上海','0'),(1433,20101014,'去哪儿网','大数据工程师',11123.45,'2014-07-25','北京','0'),(1434,20111015,'美团点评','系统工程师',11098.76,'2015-08-10','北京','0'),(1435,20121016,'字节跳动','数据工程师',10876.54,'2016-09-01','北京','0'),(1436,20131017,'网易公司','架构师',10987.65,'2017-10-15','浙江','0'),(1437,20141018,'滴滴出行','运维工程师',11023.45,'2018-11-20','北京','0'),(1438,20151019,'小米科技','研发工程师',10456.78,'2019-12-05','北京','0'),(1439,20161020,'爱奇艺','网络工程师',10789.12,'2020-01-12','北京','0'),(1440,20171021,'搜狐公司','安全工程师',10654.32,'2021-02-28','北京','0'),(1441,20181022,'携程旅行网','数据库管理员',10890.12,'2022-03-18','上海','0'),(1442,20191023,'去哪儿网','大数据工程师',11123.45,'2023-04-25','北京','0'),(1443,20201024,'美团点评','系统工程师',11098.76,'2024-05-10','北京','0'),(1444,20011025,'腾讯科技有限公司','数据分析师',9823.10,'2002-07-15','广东','0'),(1445,20021026,'阿里巴巴集团','前端开发',8560.75,'2003-08-01','浙江','0'),(1446,20031027,'百度在线网络技术有限公司','后端开发',9387.60,'2004-09-10','北京','0'),(1447,20041028,'京东商城','数据工程师',10456.80,'2005-10-05','北京','0'),(1448,20051029,'美团点评','系统管理员',8900.55,'2006-11-12','北京','0'),(1449,20061030,'字节跳动','软件测试',9720.30,'2007-12-01','北京','0'),(1450,20071031,'网易公司','全栈工程师',10400.00,'2008-01-20','浙江','0'),(1451,20081032,'滴滴出行','数据库管理员',11500.25,'2009-02-15','北京','0'),(1452,20091033,'小米科技','技术支持',9450.75,'2010-03-05','北京','0'),(1453,20101034,'爱奇艺','网络工程师',11000.50,'2011-04-12','北京','0'),(1454,20111035,'搜狐公司','系统架构师',10000.20,'2012-05-30','北京','0'),(1455,20121036,'携程旅行网','安全工程师',9400.40,'2013-06-18','上海','0'),(1456,20131037,'去哪儿网','大数据工程师',10320.70,'2014-07-25','北京','0'),(1457,20141038,'美团点评','系统管理员',8900.55,'2015-08-10','北京','0'),(1458,20151039,'字节跳动','软件测试',9720.30,'2016-09-01','北京','0'),(1459,20161040,'网易公司','全栈工程师',10400.00,'2017-10-20','浙江','0'),(1460,20171041,'阿里巴巴集团','安全工程师',10500.00,'2020-02-20','浙江','0'),(1461,20181042,'腾讯科技有限公司','产品经理',10800.50,'2021-05-15','广东','0'),(1462,20191043,'百度在线网络技术有限公司','数据分析师',10200.75,'2022-06-10','北京','0'),(1463,19981145,'百度在线网络技术有限公司','数据分析师',10200.75,'2001-06-10','北京','0'),(1558,19970101,'华为技术有限公司','程序员',10234.45,'2000-06-01','广东','0'),(1559,19980102,'腾讯科技（深圳）有限公司','数据分析师',9823.10,'2002-07-15','广东','0'),(1560,19990103,'阿里巴巴集团','前端开发',8560.75,'2003-08-01','浙江','0'),(1561,20000104,'百度在线网络技术（北京）有限公司','后端开发',9387.60,'2004-09-10','北京','0'),(1562,20010105,'京东商城','数据工程师',10456.80,'2005-10-05','北京','0'),(1563,20020106,'美团点评','系统管理员',8900.55,'2006-11-12','北京','0'),(1564,20030107,'字节跳动','软件测试',9720.30,'2007-12-01','北京','0'),(1565,20040108,'网易公司','全栈工程师',10400.00,'2008-01-20','浙江','0'),(1566,20050109,'滴滴出行','数据库管理员',11500.25,'2009-02-15','北京','0'),(1567,20060110,'小米科技有限责任公司','技术支持',9450.75,'2010-03-05','北京','0'),(1568,20070111,'爱奇艺','网络工程师',11000.50,'2011-04-12','北京','0'),(1569,20080112,'搜狐公司','系统架构师',10000.20,'2012-05-30','北京','0'),(1570,20090113,'携程旅行网','安全工程师',9400.40,'2013-06-18','上海','0'),(1571,20100114,'去哪儿网','大数据工程师',10320.70,'2014-07-25','北京','0'),(1572,20110115,'美团点评','系统管理员',8900.55,'2015-08-10','北京','0'),(1573,20120116,'字节跳动','软件测试',9720.30,'2016-09-01','北京','0'),(1574,20130117,'网易公司','全栈工程师',10400.00,'2017-10-20','浙江','0'),(1575,20140118,'滴滴出行','数据库管理员',11500.25,'2018-11-15','北京','0'),(1576,20150119,'小米科技有限责任公司','技术支持',9450.75,'2019-12-05','北京','0'),(1577,20160120,'爱奇艺','网络工程师',11000.50,'2020-01-12','北京','0'),(1578,20170121,'搜狐公司','系统架构师',10000.20,'2021-02-28','北京','0'),(1579,20180122,'携程旅行网','安全工程师',9400.40,'2022-03-18','上海','0'),(1580,20190123,'去哪儿网','大数据工程师',10320.70,'2023-04-25','北京','0'),(1581,20200124,'美团点评','系统管理员',8900.55,'2024-05-10','北京','0'),(1582,20010125,'腾讯科技（深圳）有限公司','数据分析师',9823.10,'2002-07-15','广东','0'),(1583,20020126,'阿里巴巴集团','前端开发',8560.75,'2003-08-01','浙江','0'),(1584,20030127,'百度在线网络技术（北京）有限公司','后端开发',9387.60,'2004-09-10','北京','0'),(1585,20040128,'京东商城','数据工程师',10456.80,'2005-10-05','北京','0'),(1586,20050129,'美团点评','系统管理员',8900.55,'2006-11-12','北京','0'),(1587,20060130,'字节跳动','软件测试',9720.30,'2007-12-01','北京','0'),(1588,20070131,'网易公司','全栈工程师',10400.00,'2008-01-20','浙江','0'),(1589,20080132,'滴滴出行','数据库管理员',11500.25,'2009-02-15','北京','0'),(1590,20090133,'小米科技有限责任公司','技术支持',9450.75,'2010-03-05','北京','0'),(1591,20100134,'爱奇艺','网络工程师',11000.50,'2011-04-12','北京','0'),(1592,20110135,'搜狐公司','系统架构师',10000.20,'2012-05-30','北京','0'),(1593,20120136,'携程旅行网','安全工程师',9400.40,'2013-06-18','上海','0'),(1594,20130137,'去哪儿网','大数据工程师',10320.70,'2014-07-25','北京','0'),(1595,20140138,'美团点评','系统管理员',8900.55,'2015-08-10','北京','0'),(1596,20150139,'字节跳动','软件测试',9720.30,'2016-09-01','北京','0'),(1597,20160140,'网易公司','全栈工程师',10400.00,'2017-10-20','浙江','0'),(1598,199700011,'百度公司','软件工程师',21500.50,'2000-06-01','北京','0'),(1599,199700021,'阿里巴巴集团','电气工程师',23000.75,'2000-07-01','杭州','1'),(1600,199700031,'腾讯公司','软件开发',22500.60,'2000-08-01','深圳','0'),(1601,199800011,'网易公司','软件工程师',22000.50,'2001-06-01','广州','0'),(1602,199800021,'小米科技','电气工程师',23300.75,'2001-07-01','北京','1'),(1603,199800031,'搜狐公司','软件开发',22700.60,'2001-08-01','北京','0'),(1604,199900011,'京东方','软件工程师',22800.50,'2002-06-01','北京','0'),(1605,199900021,'美的集团','电气工程师',23400.75,'2002-07-01','佛山','1'),(1606,199900031,'用友软件','软件开发',22700.60,'2002-08-01','北京','0'),(1607,200000011,'百度公司','软件工程师',22000.50,'2003-06-01','北京','0'),(1608,200000021,'阿里巴巴集团','电气工程师',22500.75,'2003-07-01','杭州','1'),(1609,200000031,'腾讯公司','软件开发',22200.60,'2003-08-01','深圳','0'),(1610,200100011,'网易公司','软件工程师',22500.50,'2004-06-01','广州','0'),(1611,200100021,'小米科技','电气工程师',23200.75,'2004-07-01','北京','1'),(1612,200100031,'搜狐公司','软件开发',22700.60,'2004-08-01','北京','0'),(1613,200200011,'京东方','软件工程师',22900.50,'2005-06-01','北京','0'),(1614,200200021,'美的集团','电气工程师',23400.75,'2005-07-01','佛山','0'),(1615,200200031,'用友软件','软件开发',22700.60,'2005-08-01','北京','0'),(1616,200300011,'百度公司','软件工程师',22000.50,'2006-06-01','北京','0'),(1617,200300021,'阿里巴巴集团','电气工程师',22500.75,'2006-07-01','杭州','0'),(1618,200300031,'腾讯公司','软件开发',22200.60,'2006-08-01','深圳','0'),(1619,200400011,'网易公司','软件工程师',22500.50,'2007-06-01','广州','0'),(1620,200400021,'小米科技','电气工程师',23200.75,'2007-07-01','北京','0'),(1621,200400031,'搜狐公司','软件开发',22700.60,'2007-08-01','北京','1'),(1622,200500011,'京东方','软件工程师',22900.50,'2008-06-01','北京','0'),(1623,200500021,'美的集团','电气工程师',23400.75,'2008-07-01','佛山','0'),(1624,200500031,'用友软件','软件开发',22700.60,'2008-08-01','北京','0'),(1625,200600011,'百度公司','软件工程师',22000.50,'2009-06-01','北京','0'),(1626,200600021,'阿里巴巴集团','电气工程师',22500.75,'2009-07-01','杭州','0'),(1627,200600031,'腾讯公司','软件开发',22200.60,'2009-08-01','深圳','0'),(1628,200700011,'网易公司','软件工程师',22500.50,'2010-06-01','广州','0'),(1629,200700021,'小米科技','电气工程师',23200.75,'2010-07-01','北京','0'),(1630,200700031,'搜狐公司','软件开发',22700.60,'2010-08-01','北京','1'),(1631,200800011,'京东方','软件工程师',22900.50,'2011-06-01','北京','0'),(1632,200800021,'美的集团','电气工程师',23400.75,'2011-07-01','佛山','0'),(1633,200800031,'用友软件','软件开发',22700.60,'2011-08-01','北京','0'),(1634,200900011,'百度公司','软件工程师',22000.50,'2012-06-01','北京','0'),(1635,200900021,'阿里巴巴集团','电气工程师',22500.75,'2012-07-01','杭州','0'),(1636,200900031,'腾讯公司','软件开发',22200.60,'2012-08-01','深圳','1'),(1637,201000011,'网易公司','软件工程师',22500.50,'2013-06-01','广州','0'),(1638,201000021,'小米科技','电气工程师',23200.75,'2013-07-01','北京','0'),(1639,201000031,'搜狐公司','软件开发',22700.60,'2013-08-01','北京','1'),(1640,201100011,'京东方','软件工程师',22900.50,'2014-06-01','北京','0'),(1641,201100021,'美的集团','电气工程师',23400.75,'2014-07-01','佛山','0'),(1642,201100031,'用友软件','软件开发',22700.60,'2014-08-01','北京','1'),(1643,201200011,'百度公司','软件工程师',22000.50,'2015-06-01','北京','0'),(1644,201200021,'阿里巴巴集团','电气工程师',22500.75,'2015-07-01','杭州','0'),(1645,201200031,'腾讯公司','软件开发',22200.60,'2015-08-01','深圳','0'),(1646,201300011,'网易公司','软件工程师',22500.50,'2016-06-01','广州','1'),(1647,201300021,'小米科技','电气工程师',23200.75,'2016-07-01','北京','0'),(1648,201300031,'搜狐公司','软件开发',22700.60,'2016-08-01','北京','0'),(1649,201400011,'京东方','软件工程师',22900.50,'2017-06-01','北京','1'),(1650,201400021,'美的集团','电气工程师',23400.75,'2017-07-01','佛山','0'),(1651,201400031,'用友软件','软件开发',22700.60,'2017-08-01','北京','0'),(1652,201500011,'百度公司','软件工程师',22000.50,'2018-06-01','北京','1'),(1653,201500021,'阿里巴巴集团','电气工程师',22500.75,'2018-07-01','杭州','0'),(1654,201500031,'腾讯公司','软件开发',22200.60,'2018-08-01','深圳','0'),(1655,201600011,'网易公司','软件工程师',22500.50,'2019-06-01','广州','1'),(1656,201600021,'小米科技','电气工程师',23200.75,'2019-07-01','北京','0'),(1657,201600031,'搜狐公司','软件开发',22700.60,'2019-08-01','北京','0'),(1658,201700011,'京东方','软件工程师',22900.50,'2020-06-01','北京','1'),(1659,201700021,'美的集团','电气工程师',23400.75,'2020-07-01','佛山','0'),(1660,201700031,'用友软件','软件开发',22700.60,'2020-08-01','北京','0'),(1661,201800011,'百度公司','软件工程师',22000.50,'2021-06-01','北京','1'),(1662,201800021,'阿里巴巴集团','电气工程师',22500.75,'2021-07-01','杭州','0'),(1663,201800031,'腾讯公司','软件开发',22200.60,'2021-08-01','深圳','0'),(1664,201900011,'网易公司','软件工程师',22500.50,'2022-06-01','广州','0'),(1665,201900021,'小米科技','电气工程师',23200.75,'2022-07-01','北京','1'),(1666,201900031,'搜狐公司','软件开发',22700.60,'2022-08-01','北京','0'),(1667,202000011,'京东方','软件工程师',22900.50,'2023-06-01','北京','0'),(1668,202000021,'美的集团','电气工程师',23400.75,'2023-07-01','佛山','0'),(1669,202000031,'用友软件','软件开发',22700.60,'2023-08-01','北京','1'),(1670,202100011,'百度公司','软件工程师',22000.50,'2024-06-01','北京','0'),(1671,202100021,'阿里巴巴集团','电气工程师',22500.75,'2024-07-01','杭州','1'),(1672,202100031,'腾讯公司','软件开发',22200.60,'2024-08-01','深圳','0'),(1862,1997000100,'华为技术有限公司','程序员',17123.45,'2000-06-01','陕西','0'),(1863,1998000200,'腾讯科技','产品经理',18500.75,'2001-07-01','新疆','0'),(1864,1999000300,'阿里巴巴','数据分析师',19500.55,'2002-08-01','甘肃','0'),(1865,2000000400,'百度公司','系统架构师',19800.85,'2003-09-01','青海','0'),(1866,2001000500,'京东','前端开发',17200.45,'2004-10-01','宁夏','0'),(1867,2002000600,'美团点评','运维工程师',18600.35,'2005-11-01','陕西','0'),(1868,2003000700,'字节跳动','算法工程师',19300.65,'2006-12-01','新疆','0'),(1869,2004000800,'网易公司','测试工程师',18800.75,'2007-01-01','甘肃','0'),(1870,2005000900,'小米科技','全栈开发',19000.55,'2008-02-01','青海','0'),(1871,2006001000,'滴滴出行','数据工程师',17200.85,'2009-03-01','宁夏','0'),(1872,2007001100,'京东物流','网络工程师',17800.35,'2010-04-01','陕西','0'),(1873,2008001200,'拼多多','系统工程师',19500.65,'2011-05-01','新疆','0'),(1874,2009001300,'知乎','云计算工程师',18700.75,'2012-06-01','甘肃','0'),(1875,2010001400,'58同城','大数据工程师',18200.45,'2013-07-01','青海','0'),(1876,2011001500,'斗鱼直播','人工智能工程师',18800.55,'2014-08-01','宁夏','0'),(1877,2012001600,'喜马拉雅','机器学习工程师',19000.75,'2015-09-01','陕西','0'),(1878,2013001700,'快手','数据科学家',19700.45,'2016-10-01','新疆','0'),(1879,2014001800,'知乎','项目经理',19500.35,'2017-11-01','甘肃','0'),(1880,2015001900,'美团点评','网络工程师',19300.85,'2018-12-01','青海','0'),(1881,2016002000,'京东物流','系统架构师',10500.45,'2019-01-01','宁夏','0'),(1882,2017002100,'字节跳动','全栈开发',19800.35,'2020-02-01','陕西','0'),(1883,2018002200,'美团点评','后端开发',11500.75,'2021-03-01','新疆','0'),(1884,2019002300,'腾讯科技','数据分析师',11800.45,'2022-04-01','甘肃','0'),(1885,1997002400,'网易公司','前端开发',19800.55,'2000-06-01','青海','0'),(1886,1998002500,'滴滴出行','系统工程师',18500.75,'2001-07-01','宁夏','0'),(1887,1999002600,'拼多多','云计算工程师',18700.45,'2002-08-01','陕西','0'),(1888,2000002700,'知乎','数据科学家',18100.35,'2003-09-01','新疆','0'),(1889,2001002800,'58同城','项目经理',19000.55,'2004-10-01','甘肃','0'),(1890,2002002900,'斗鱼直播','全栈开发',19500.75,'2005-11-01','青海','0'),(1891,2003003000,'喜马拉雅','数据工程师',17900.85,'2006-12-01','宁夏','0'),(1892,2004003100,'快手','大数据工程师',18200.45,'2007-01-01','陕西','0'),(1893,2005003200,'美团点评','算法工程师',8800.35,'2008-02-01','新疆','0'),(1894,2006003300,'京东物流','运维工程师',19100.55,'2009-03-01','甘肃','0'),(1895,1997003400,'华为技术有限公司','产品经理',17123.45,'2000-06-01','陕西','0'),(1896,1998003500,'腾讯科技','产品经理',8500.75,'2001-07-01','新疆','0'),(1897,1999003600,'阿里巴巴','数据分析师',9500.55,'2002-08-01','甘肃','0'),(1898,2000003700,'百度公司','系统架构师',9800.85,'2003-09-01','青海','0'),(1899,2001003800,'京东','前端开发',17200.45,'2004-10-01','宁夏','0'),(1900,2002003900,'美团点评','运维工程师',8600.35,'2005-11-01','陕西','0'),(1901,2003004000,'字节跳动','算法工程师',9300.65,'2006-12-01','新疆','0'),(1902,2004004100,'网易公司','测试工程师',18800.75,'2007-01-01','甘肃','0'),(1903,1997004200,'小米科技','全栈开发',19000.55,'2008-02-01','青海','0'),(1904,1998004300,'滴滴出行','数据工程师',17200.85,'2009-03-01','宁夏','0'),(1905,1999004400,'京东物流','网络工程师',17800.35,'2010-04-01','陕西','0'),(1906,2000004500,'拼多多','系统工程师',19500.65,'2011-05-01','新疆','0'),(1907,2001004600,'知乎','云计算工程师',18700.75,'2012-06-01','甘肃','0'),(1908,2002004700,'58同城','大数据工程师',18200.45,'2013-07-01','青海','0'),(1909,1997004800,'斗鱼直播','人工智能工程师',18800.55,'2014-08-01','宁夏','0'),(1910,1998004900,'喜马拉雅','机器学习工程师',19000.75,'2015-09-01','陕西','0'),(1911,1999005000,'快手','数据科学家',19700.45,'2016-10-01','新疆','0'),(1912,2000005100,'知乎','项目经理',18500.35,'2017-11-01','甘肃','0'),(1913,1997005200,'美团点评','网络工程师',19300.85,'2018-12-01','青海','0'),(1914,1998005300,'京东物流','系统架构师',25500.45,'2019-01-01','宁夏','0'),(1915,1999005400,'字节跳动','全栈开发',19800.35,'2020-02-01','陕西','0'),(1916,2000005500,'美团点评','后端开发',18500.75,'2021-03-01','新疆','0'),(1917,1997005600,'腾讯科技','数据分析师',19800.45,'2022-04-01','甘肃','0'),(1918,1998005700,'网易公司','前端开发',19800.55,'2000-06-01','青海','0'),(1919,1999005800,'滴滴出行','系统工程师',18500.75,'2001-07-01','宁夏','0'),(1920,2000005900,'拼多多','云计算工程师',18700.45,'2002-08-01','陕西','0'),(1921,1997006000,'知乎','数据科学家',18100.35,'2003-09-01','新疆','0'),(1922,2020006000,'知乎','数据科学家',18100.35,'2023-09-01','新疆','0'),(1923,2021006000,'知乎','数据科学家',18100.35,'2024-09-01','新疆','0'),(2132,199700010000,'华为技术有限公司','程序员',8650.45,'2000-06-01','四川','0'),(2133,199700020000,'阿里巴巴集团','工程师',9254.60,'2001-07-01','云南','0'),(2134,199700030000,'腾讯科技有限公司','开发工程师',10345.25,'2000-06-01','贵州','0'),(2135,199800010000,'百度公司','系统工程师',7543.33,'2001-09-01','广西','0'),(2136,199800020000,'京东集团','数据分析师',8532.75,'2000-05-01','重庆','0'),(2137,199800030000,'小米科技有限责任公司','前端开发',7842.00,'2001-07-01','湖南','0'),(2138,199900010000,'美团点评','后端开发',6432.45,'2001-08-01','湖北','0'),(2139,199900020000,'滴滴出行','项目经理',9745.55,'2000-06-01','四川','0'),(2140,199900030000,'字节跳动','产品经理',12354.12,'2001-10-01','云南','0'),(2141,200000010000,'拼多多','算法工程师',11234.22,'2002-06-01','贵州','0'),(2142,200000020000,'蚂蚁金服','运维工程师',9876.45,'2002-07-01','广西','0'),(2143,200000030000,'网易','测试工程师',7453.78,'2002-08-01','重庆','0'),(2144,200100010000,'新浪','架构师',8254.99,'2002-09-01','湖南','0'),(2145,200100020000,'搜狐','系统分析师',9210.45,'2003-06-01','湖北','0'),(2146,200100030000,'奇虎360','安全工程师',10456.32,'2003-07-01','四川','0'),(2147,200200010000,'爱奇艺','软件测试',8723.44,'2003-08-01','云南','0'),(2148,200200020000,'酷狗音乐','产品运营',7932.21,'2004-06-01','贵州','0'),(2149,200200030000,'美图秀秀','UI设计师',8254.88,'2004-07-01','广西','0'),(2150,200300010000,'猎豹移动','数据挖掘',11322.99,'2004-08-01','重庆','0'),(2151,200300020000,'UC浏览器','大数据工程师',7654.12,'2005-06-01','湖南','0'),(2152,200300030000,'YY直播','音视频开发',8345.65,'2005-07-01','湖北','0'),(2153,200400010000,'喜马拉雅FM','技术支持',9123.78,'2005-08-01','四川','0'),(2154,200400020000,'快手','研发工程师',8421.33,'2006-06-01','云南','0'),(2155,200400030000,'今日头条','机器学习工程师',9543.76,'2006-07-01','贵州','0'),(2156,200500010000,'微博','软件开发',9999.99,'2006-08-01','广西','0'),(2157,200500020000,'懂车帝','测试工程师',6543.21,'2007-06-01','重庆','0'),(2158,200500030000,'雪球财经','数据分析师',7543.44,'2007-07-01','湖南','0'),(2159,200600010000,'知乎','算法工程师',10234.89,'2007-08-01','湖北','0'),(2160,200600020000,'小红书','内容运营',9234.12,'2008-06-01','四川','0'),(2161,200600030000,'淘宝','前端开发',8345.21,'2008-07-01','云南','0'),(2162,200700010000,'天猫','后端开发',9567.44,'2008-08-01','贵州','0'),(2163,200700020000,'饿了么','运维工程师',8321.67,'2009-06-01','广西','0'),(2164,200700030000,'携程','大数据工程师',8765.43,'2009-07-01','重庆','0'),(2165,200800010000,'去哪儿','系统分析师',9987.32,'2009-08-01','湖南','0'),(2166,200800020000,'途牛','产品经理',9432.88,'2010-06-01','湖北','0'),(2167,200800030000,'驴妈妈','市场推广',7654.22,'2010-07-01','四川','0'),(2168,200900010000,'马蜂窝','项目经理',10321.45,'2010-08-01','云南','0'),(2169,200900020000,'途家','UI设计师',8321.99,'2011-06-01','贵州','0'),(2170,200900030000,'猪八戒网','技术支持',7234.55,'2011-07-01','广西','0'),(2171,201000010000,'百合网','产品运营',9456.12,'2011-08-01','重庆','0'),(2172,201000020000,'世纪佳缘','系统工程师',8734.67,'2012-06-01','湖南','0'),(2173,201000030000,'珍爱网','开发工程师',8765.43,'2012-07-01','湖北','0'),(2174,201100010000,'网易云音乐','数据挖掘',7654.32,'2012-08-01','四川','0'),(2175,201100020000,'QQ音乐','大数据工程师',8543.67,'2013-06-01','云南','0'),(2176,201100030000,'酷我音乐','软件测试',9234.99,'2013-07-01','贵州','0'),(2177,201200010000,'蜻蜓FM','音视频开发',9999.99,'2013-08-01','广西','0'),(2178,201200020000,'豆瓣FM','技术支持',9234.12,'2014-06-01','重庆','0'),(2179,201200030000,'阿里巴巴','机器学习工程师',8234.11,'2014-07-01','湖南','0'),(2180,201300010000,'腾讯','研发工程师',9456.43,'2014-08-01','湖北','0'),(2181,201300020000,'百度','前端开发',8321.54,'2015-06-01','四川','0'),(2182,201300030000,'京东','后端开发',9234.65,'2015-07-01','云南','0'),(2183,201400010000,'小米','系统分析师',8345.33,'2015-08-01','贵州','0'),(2184,201400020000,'美团','运维工程师',7564.43,'2016-06-01','广西','0'),(2185,201400030000,'拼多多','数据挖掘',9345.44,'2016-07-01','重庆','0'),(2186,201500010000,'字节跳动','产品经理',9432.76,'2016-08-01','湖南','0'),(2187,201500020000,'滴滴出行','系统工程师',8345.55,'2017-06-01','湖北','0'),(2188,201500030000,'快手','开发工程师',9432.11,'2017-07-01','四川','0'),(2189,201600010000,'知乎','前端开发',7543.88,'2017-08-01','云南','0'),(2190,201600020000,'B站','后端开发',8321.32,'2018-06-01','贵州','0'),(2191,201600030000,'饿了么','数据挖掘',9234.22,'2018-07-01','广西','0'),(2192,201700010000,'淘宝','系统分析师',7432.77,'2018-08-01','重庆','0'),(2193,201700020000,'天猫','运维工程师',9456.33,'2019-06-01','湖南','0'),(2194,201700030000,'京东','研发工程师',8543.88,'2019-07-01','湖北','0'),(2195,201800010000,'腾讯','产品经理',9234.45,'2019-08-01','四川','0'),(2196,201800020000,'百度','技术支持',8432.55,'2020-06-01','云南','0'),(2197,201800030000,'网易','机器学习工程师',7543.67,'2020-07-01','贵州','0'),(2198,201900010000,'阿里巴巴','大数据工程师',9234.77,'2020-08-01','广西','0'),(2199,201900020000,'美团','软件测试',8432.98,'2021-06-01','重庆','0'),(2200,201900030000,'拼多多','系统工程师',9345.11,'2021-07-01','湖南','0'),(2201,202000010000,'字节跳动','前端开发',8543.54,'2021-08-01','湖北','0'),(2202,202000020000,'快手','后端开发',9234.99,'2022-06-01','四川','0'),(2203,202000030000,'知乎','数据挖掘',8345.32,'2022-07-01','云南','0'),(2204,202100010000,'B站','产品经理',7432.22,'2022-08-01','贵州','0'),(2205,202100020000,'饿了么','系统分析师',8321.77,'2023-06-01','广西','0'),(2206,202100030000,'淘宝','运维工程师',9432.33,'2023-07-01','重庆','0'),(2216,19970001,'华为技术有限公司','程序员',5123.45,'2000-06-01','广东','0'),(2217,19980001,'百度公司','程序员',6178.67,'2001-06-01','北京','0'),(2218,19990001,'阿里巴巴公司','程序员',7021.34,'2002-06-01','浙江','0'),(2219,20000001,'京东公司','程序员',8075.89,'2003-06-01','北京','0'),(2220,20010001,'网易公司','程序员',9134.56,'2004-06-01','广东','0'),(2221,20020001,'字节跳动公司','程序员',10289.78,'2005-06-01','北京','0'),(2222,20030001,'美团公司','程序员',11345.23,'2006-06-01','北京','0'),(2223,20040001,'滴滴出行公司','程序员',12489.45,'2007-06-01','北京','0'),(2224,20050001,'小米公司','程序员',13214.67,'2008-06-01','北京','0'),(2225,20060001,'京东方公司','程序员',14567.89,'2009-06-01','北京','0'),(2226,20070001,'中兴通讯公司','程序员',15234.56,'2010-06-01','广东','0'),(2227,20080001,'科大讯飞公司','程序员',16890.23,'2011-06-01','安徽','0'),(2228,20090001,'搜狐公司','程序员',17234.45,'2012-06-01','北京','0'),(2229,20100001,'京东公司','程序员',18567.89,'2013-06-01','北京','0'),(2230,20110001,'快手公司','程序员',19234.56,'2014-06-01','北京','0'),(2231,20120001,'联想公司','程序员',20489.78,'2015-06-01','北京','0'),(2232,20130001,'华为技术有限公司','程序员',21345.23,'2016-06-01','广东','0'),(2233,20140001,'百度公司','程序员',22134.56,'2017-06-01','北京','0'),(2234,20150001,'阿里巴巴公司','程序员',23456.78,'2018-06-01','浙江','0'),(2235,20160001,'京东公司','程序员',24345.89,'2019-06-01','北京','0'),(2236,20170001,'网易公司','程序员',25123.45,'2020-06-01','广东','0'),(2237,20180001,'字节跳动公司','程序员',24567.89,'2021-06-01','北京','0'),(2238,20190001,'美团公司','程序员',23456.78,'2022-06-01','北京','0'),(2239,20200001,'滴滴出行公司','程序员',22567.89,'2023-06-01','北京','0'),(2240,20210001,'小米公司','程序员',21456.78,'2024-06-01','北京','0'),(2316,19972222,'华为技术有限公司','程序员',15789.12,'2000-06-01','广东','0'),(2317,19980002,'百度公司','程序员',19034.23,'2001-06-01','北京','0'),(2318,19990002,'阿里巴巴公司','程序员',22345.34,'2002-06-01','浙江','0'),(2319,20000002,'京东公司','程序员',18002.45,'2003-06-01','北京','0'),(2320,20010002,'网易公司','程序员',21045.56,'2004-06-01','广东','0'),(2321,20020002,'字节跳动公司','程序员',24467.67,'2005-06-01','北京','0'),(2322,20030002,'美团公司','程序员',19890.78,'2006-06-01','北京','0'),(2323,20040002,'滴滴出行公司','程序员',23412.89,'2007-06-01','北京','0'),(2324,20050002,'小米公司','程序员',18934.12,'2008-06-01','北京','0'),(2325,20060002,'京东方公司','程序员',24856.23,'2009-06-01','北京','0'),(2326,20070002,'中兴通讯公司','程序员',21789.34,'2010-06-01','广东','0'),(2327,20080002,'科大讯飞公司','程序员',25678.45,'2011-06-01','安徽','0'),(2328,20090002,'搜狐公司','程序员',22789.56,'2012-06-01','北京','0'),(2329,20100002,'京东公司','程序员',26789.67,'2013-06-01','北京','0'),(2330,20110002,'快手公司','程序员',23789.78,'2014-06-01','北京','0'),(2331,20120002,'联想公司','程序员',27890.89,'2015-06-01','北京','0'),(2332,20130002,'华为技术有限公司','程序员',24789.12,'2016-06-01','广东','0'),(2333,20140002,'百度公司','程序员',28912.23,'2017-06-01','北京','0'),(2334,20150002,'阿里巴巴公司','程序员',25978.34,'2018-06-01','浙江','0'),(2335,20160002,'京东公司','程序员',29012.45,'2019-06-01','北京','0'),(2336,20170002,'网易公司','程序员',27067.56,'2020-06-01','广东','0'),(2337,20180002,'字节跳动公司','程序员',30567.67,'2021-06-01','北京','0'),(2338,20190002,'美团公司','程序员',28567.78,'2022-06-01','北京','0'),(2339,20200002,'滴滴出行公司','程序员',31012.89,'2023-06-01','北京','0'),(2340,20210002,'小米公司','程序员',29567.12,'2024-06-01','北京','0');
/*!40000 ALTER TABLE `employment_info` ENABLE KEYS */;
UNLOCK TABLES;
/*!50003 SET @saved_cs_client      = @@character_set_client */ ;
/*!50003 SET @saved_cs_results     = @@character_set_results */ ;
/*!50003 SET @saved_col_connection = @@collation_connection */ ;
/*!50003 SET character_set_client  = utf8mb4 */ ;
/*!50003 SET character_set_results = utf8mb4 */ ;
/*!50003 SET collation_connection  = utf8mb4_0900_ai_ci */ ;
/*!50003 SET @saved_sql_mode       = @@sql_mode */ ;
/*!50003 SET sql_mode              = 'ONLY_FULL_GROUP_BY,STRICT_TRANS_TABLES,NO_ZERO_IN_DATE,NO_ZERO_DATE,ERROR_FOR_DIVISION_BY_ZERO,NO_ENGINE_SUBSTITUTION' */ ;
DELIMITER ;;
/*!50003 CREATE*/ /*!50017 DEFINER=`root`@`localhost`*/ /*!50003 TRIGGER `after_employment_info_insert` AFTER INSERT ON `employment_info` FOR EACH ROW BEGIN
    -- 插入新行到 employment_analysis 表，包括 employment_id 字段
    INSERT INTO employment_analysis (student_id, college_name, department_name, major_name, gender, employment_date, salary, location, employment_id)
    SELECT ds.student_id, ds.college_name, ds.department_name, ds.major_name, ds.gender, NEW.employment_date, NEW.salary, NEW.location, NEW.employment_id
    FROM departments_students ds
    WHERE ds.student_id = NEW.student_id AND NEW.status = '0';
END */;;
DELIMITER ;
/*!50003 SET sql_mode              = @saved_sql_mode */ ;
/*!50003 SET character_set_client  = @saved_cs_client */ ;
/*!50003 SET character_set_results = @saved_cs_results */ ;
/*!50003 SET collation_connection  = @saved_col_connection */ ;
/*!50003 SET @saved_cs_client      = @@character_set_client */ ;
/*!50003 SET @saved_cs_results     = @@character_set_results */ ;
/*!50003 SET @saved_col_connection = @@collation_connection */ ;
/*!50003 SET character_set_client  = utf8mb4 */ ;
/*!50003 SET character_set_results = utf8mb4 */ ;
/*!50003 SET collation_connection  = utf8mb4_0900_ai_ci */ ;
/*!50003 SET @saved_sql_mode       = @@sql_mode */ ;
/*!50003 SET sql_mode              = 'ONLY_FULL_GROUP_BY,STRICT_TRANS_TABLES,NO_ZERO_IN_DATE,NO_ZERO_DATE,ERROR_FOR_DIVISION_BY_ZERO,NO_ENGINE_SUBSTITUTION' */ ;
DELIMITER ;;
/*!50003 CREATE*/ /*!50017 DEFINER=`root`@`localhost`*/ /*!50003 TRIGGER `update_employment_analysis_after_info_update` AFTER UPDATE ON `employment_info` FOR EACH ROW BEGIN

    -- 检查并更新 employment_date 字段
    IF OLD.employment_date <> NEW.employment_date THEN
        UPDATE employment_analysis
        SET employment_date = NEW.employment_date
        WHERE employment_id = OLD.employment_id;
    END IF;

    -- 检查并更新 salary 字段
    IF OLD.salary <> NEW.salary THEN
        UPDATE employment_analysis
        SET salary = NEW.salary
        WHERE employment_id = OLD.employment_id;
    END IF;

    -- 检查并更新 location 字段
    IF OLD.location <> NEW.location THEN
        UPDATE employment_analysis
        SET location = NEW.location
        WHERE employment_id = OLD.employment_id;
    END IF;

    -- 检查并更新 employment_id 字段
    IF OLD.employment_id <> NEW.employment_id THEN
        UPDATE employment_analysis
        SET employment_id = NEW.employment_id
        WHERE employment_id = OLD.employment_id;
    END IF;

    -- 检查并更新 student_id 字段
    IF OLD.student_id <> NEW.student_id THEN
        UPDATE employment_analysis
        SET student_id = NEW.student_id
        WHERE employment_id = OLD.employment_id;
    END IF;

    -- 检查 status 字段的变化

    IF  OLD.status = '1' AND NEW.status = '0' THEN
        -- 如果 status 从 1 变为 0，则删除 employment_analysis 表中的相应记录
        DELETE FROM employment_analysis
        WHERE employment_id = OLD.employment_id;
    END IF;

END */;;
DELIMITER ;
/*!50003 SET sql_mode              = @saved_sql_mode */ ;
/*!50003 SET character_set_client  = @saved_cs_client */ ;
/*!50003 SET character_set_results = @saved_cs_results */ ;
/*!50003 SET collation_connection  = @saved_col_connection */ ;

--
-- Table structure for table `employment_sort`
--

DROP TABLE IF EXISTS `employment_sort`;
/*!40101 SET @saved_cs_client     = @@character_set_client */;
/*!50503 SET character_set_client = utf8mb4 */;
CREATE TABLE `employment_sort` (
  `id` bigint unsigned NOT NULL AUTO_INCREMENT COMMENT '主键ID',
  `analysis_id` bigint unsigned NOT NULL COMMENT '分析ID',
  `major_name` varchar(255) CHARACTER SET utf8mb4 COLLATE utf8mb4_general_ci NOT NULL COMMENT '专业名称',
  `salary` decimal(12,2) DEFAULT NULL COMMENT '薪资',
  PRIMARY KEY (`id`),
  KEY `employment_sort_ibfk_1` (`analysis_id`),
  CONSTRAINT `employment_sort_ibfk_1` FOREIGN KEY (`analysis_id`) REFERENCES `employment_analysis` (`analysis_id`) ON DELETE CASCADE ON UPDATE CASCADE
) ENGINE=InnoDB AUTO_INCREMENT=1765 DEFAULT CHARSET=utf8mb4 COLLATE=utf8mb4_general_ci COMMENT='就业排序表';
/*!40101 SET character_set_client = @saved_cs_client */;

--
-- Dumping data for table `employment_sort`
--

LOCK TABLES `employment_sort` WRITE;
/*!40000 ALTER TABLE `employment_sort` DISABLE KEYS */;
INSERT INTO `employment_sort` VALUES (895,1097,'电气工程',8900.60),(896,1098,'电气工程',10876.54),(897,1099,'电气工程',10234.56),(898,1100,'电气工程',11234.78),(899,1101,'电气工程',11567.89),(900,1102,'电气工程',10987.65),(901,1103,'电气工程',10123.45),(902,1104,'电气工程',10789.12),(903,1105,'电气工程',10654.32),(904,1106,'电气工程',10890.12),(905,1107,'电气工程',11123.45),(906,1108,'电气工程',11098.76),(907,1109,'电气工程',10876.54),(908,1110,'电气工程',10987.65),(909,1111,'电气工程',11023.45),(910,1112,'电气工程',10456.78),(911,1113,'电气工程',10789.12),(912,1114,'电气工程',10654.32),(913,1115,'电气工程',10890.12),(914,1116,'电气工程',11123.45),(915,1117,'电气工程',11098.76),(916,1118,'电气工程',9823.10),(917,1119,'电气工程',8560.75),(918,1120,'电气工程',9387.60),(919,1121,'电气工程',10456.80),(920,1122,'电气工程',8900.55),(921,1123,'电气工程',9720.30),(922,1124,'电气工程',10400.00),(923,1125,'电气工程',11500.25),(924,1126,'电气工程',9450.75),(925,1127,'电气工程',11000.50),(926,1128,'电气工程',10000.20),(927,1129,'电气工程',9400.40),(928,1130,'电气工程',10320.70),(929,1131,'电气工程',8900.55),(930,1132,'电气工程',9720.30),(931,1133,'电气工程',10400.00),(932,1134,'电气工程',10500.00),(933,1135,'电气工程',10800.50),(934,1136,'电气工程',10200.75),(935,1137,'电气工程',10200.75),(1072,1316,'物联网',10234.45),(1073,1317,'物联网',9823.10),(1074,1318,'物联网',8560.75),(1075,1319,'物联网',9387.60),(1076,1320,'物联网',10456.80),(1077,1321,'物联网',8900.55),(1078,1322,'物联网',9720.30),(1079,1323,'物联网',10400.00),(1080,1324,'物联网',11500.25),(1081,1325,'物联网',9450.75),(1082,1326,'物联网',11000.50),(1083,1327,'物联网',10000.20),(1084,1328,'物联网',9400.40),(1085,1329,'物联网',10320.70),(1086,1330,'物联网',8900.55),(1087,1331,'物联网',9720.30),(1088,1332,'物联网',10400.00),(1089,1333,'物联网',11500.25),(1090,1334,'物联网',9450.75),(1091,1335,'物联网',11000.50),(1092,1336,'物联网',10000.20),(1093,1337,'物联网',9400.40),(1094,1338,'物联网',10320.70),(1095,1339,'物联网',8900.55),(1096,1340,'物联网',9823.10),(1097,1341,'物联网',8560.75),(1098,1342,'物联网',9387.60),(1099,1343,'物联网',10456.80),(1100,1344,'物联网',8900.55),(1101,1345,'物联网',9720.30),(1102,1346,'物联网',10400.00),(1103,1347,'物联网',11500.25),(1104,1348,'物联网',9450.75),(1105,1349,'物联网',11000.50),(1106,1350,'物联网',10000.20),(1107,1351,'物联网',9400.40),(1108,1352,'物联网',10320.70),(1109,1353,'物联网',8900.55),(1110,1354,'物联网',9720.30),(1111,1355,'物联网',10400.00),(1112,1356,'电气工程',21500.50),(1113,1357,'电气工程',22500.60),(1114,1358,'电气工程',22000.50),(1115,1359,'电气工程',22700.60),(1116,1360,'电气工程',22800.50),(1117,1361,'电气工程',22700.60),(1118,1362,'电气工程',22000.50),(1119,1363,'电气工程',22200.60),(1120,1364,'电气工程',22500.50),(1121,1365,'电气工程',22700.60),(1122,1366,'电气工程',22900.50),(1123,1367,'电气工程',23400.75),(1124,1368,'电气工程',22700.60),(1125,1369,'电气工程',22000.50),(1126,1370,'电气工程',22500.75),(1127,1371,'电气工程',22200.60),(1128,1372,'电气工程',22500.50),(1129,1373,'电气工程',23200.75),(1130,1374,'电气工程',22900.50),(1131,1375,'电气工程',23400.75),(1132,1376,'电气工程',22700.60),(1133,1377,'电气工程',22000.50),(1134,1378,'电气工程',22500.75),(1135,1379,'电气工程',22200.60),(1136,1380,'电气工程',22500.50),(1137,1381,'电气工程',23200.75),(1138,1382,'电气工程',22900.50),(1139,1383,'电气工程',23400.75),(1140,1384,'电气工程',22700.60),(1141,1385,'电气工程',22000.50),(1142,1386,'电气工程',22500.75),(1143,1387,'电气工程',22500.50),(1144,1388,'电气工程',23200.75),(1145,1389,'电气工程',22900.50),(1146,1390,'电气工程',23400.75),(1147,1391,'电气工程',22000.50),(1148,1392,'电气工程',22500.75),(1149,1393,'电气工程',22200.60),(1150,1394,'电气工程',23200.75),(1151,1395,'电气工程',22700.60),(1152,1396,'电气工程',23400.75),(1153,1397,'电气工程',22700.60),(1154,1398,'电气工程',22500.75),(1155,1399,'电气工程',22200.60),(1156,1400,'电气工程',23200.75),(1157,1401,'电气工程',22700.60),(1158,1402,'电气工程',23400.75),(1159,1403,'电气工程',22700.60),(1160,1404,'电气工程',22500.75),(1161,1405,'电气工程',22200.60),(1162,1406,'电气工程',22500.50),(1163,1407,'电气工程',22700.60),(1164,1408,'电气工程',22900.50),(1165,1409,'电气工程',23400.75),(1166,1410,'电气工程',22000.50),(1167,1411,'电气工程',22200.60),(1356,1600,'计算机科学与技术',17123.45),(1357,1601,'计算机科学与技术',18500.75),(1358,1602,'计算机科学与技术',19500.55),(1359,1603,'计算机科学与技术',19800.85),(1360,1604,'计算机科学与技术',17200.45),(1361,1605,'计算机科学与技术',18600.35),(1362,1606,'计算机科学与技术',19300.65),(1363,1607,'计算机科学与技术',18800.75),(1364,1608,'计算机科学与技术',19000.55),(1365,1609,'计算机科学与技术',17200.85),(1366,1610,'计算机科学与技术',17800.35),(1367,1611,'计算机科学与技术',19500.65),(1368,1612,'计算机科学与技术',18700.75),(1369,1613,'计算机科学与技术',18200.45),(1370,1614,'计算机科学与技术',18800.55),(1371,1615,'计算机科学与技术',19000.75),(1372,1616,'计算机科学与技术',19700.45),(1373,1617,'计算机科学与技术',19500.35),(1374,1618,'计算机科学与技术',19300.85),(1375,1619,'计算机科学与技术',10500.45),(1376,1620,'计算机科学与技术',19800.35),(1377,1621,'计算机科学与技术',11500.75),(1378,1622,'计算机科学与技术',11800.45),(1379,1623,'电气工程及其自动化',19800.55),(1380,1624,'电气工程及其自动化',18500.75),(1381,1625,'电气工程及其自动化',18700.45),(1382,1626,'电气工程及其自动化',18100.35),(1383,1627,'电气工程及其自动化',19000.55),(1384,1628,'电气工程及其自动化',19500.75),(1385,1629,'电气工程及其自动化',17900.85),(1386,1630,'电气工程及其自动化',18200.45),(1387,1631,'电气工程及其自动化',8800.35),(1388,1632,'电气工程及其自动化',19100.55),(1389,1633,'软件工程',17123.45),(1390,1634,'软件工程',8500.75),(1391,1635,'软件工程',9500.55),(1392,1636,'软件工程',9800.85),(1393,1637,'软件工程',17200.45),(1394,1638,'软件工程',8600.35),(1395,1639,'软件工程',9300.65),(1396,1640,'软件工程',18800.75),(1397,1641,'机械工程',19000.55),(1398,1642,'机械工程',17200.85),(1399,1643,'机械工程',17800.35),(1400,1644,'机械工程',19500.65),(1401,1645,'机械工程',18700.75),(1402,1646,'机械工程',18200.45),(1403,1647,'通信工程',18800.55),(1404,1648,'通信工程',19000.75),(1405,1649,'通信工程',19700.45),(1406,1650,'通信工程',18500.35),(1407,1651,'电子信息',19300.85),(1408,1652,'电子信息',25500.45),(1409,1653,'电子信息',19800.35),(1410,1654,'电子信息',18500.75),(1411,1655,'土木工程',19800.45),(1412,1656,'土木工程',19800.55),(1413,1657,'土木工程',18500.75),(1414,1658,'土木工程',18700.45),(1415,1659,'临床医学',18100.35),(1416,1660,'临床医学',18100.35),(1417,1661,'临床医学',18100.35),(1593,1886,'计算机科学与技术',8650.45),(1594,1887,'电气工程及其自动化',9254.60),(1595,1888,'软件工程',10345.25),(1596,1889,'机械工程',7543.33),(1597,1890,'通信工程',8532.75),(1598,1891,'电子信息',7842.00),(1599,1892,'土木工程',6432.45),(1600,1893,'临床医学',9745.55),(1601,1894,'汉语言文学',12354.12),(1602,1895,'师范',11234.22),(1603,1896,'计算机科学与技术',9876.45),(1604,1897,'电气工程及其自动化',7453.78),(1605,1898,'软件工程',8254.99),(1606,1899,'机械工程',9210.45),(1607,1900,'通信工程',10456.32),(1608,1901,'电子信息',8723.44),(1609,1902,'土木工程',7932.21),(1610,1903,'临床医学',8254.88),(1611,1904,'师范',11322.99),(1612,1905,'计算机科学与技术',7654.12),(1613,1906,'电气工程及其自动化',8345.65),(1614,1907,'软件工程',9123.78),(1615,1908,'机械工程',8421.33),(1616,1909,'通信工程',9543.76),(1617,1910,'电子信息',9999.99),(1618,1911,'土木工程',6543.21),(1619,1912,'临床医学',7543.44),(1620,1913,'汉语言文学',10234.89),(1621,1914,'师范',9234.12),(1622,1915,'计算机科学与技术',8345.21),(1623,1916,'电气工程及其自动化',9567.44),(1624,1917,'软件工程',8321.67),(1625,1918,'机械工程',8765.43),(1626,1919,'通信工程',9987.32),(1627,1920,'电子信息',9432.88),(1628,1921,'土木工程',7654.22),(1629,1922,'临床医学',10321.45),(1630,1923,'汉语言文学',8321.99),(1631,1924,'师范',7234.55),(1632,1925,'计算机科学与技术',9456.12),(1633,1926,'电气工程及其自动化',8734.67),(1634,1927,'软件工程',8765.43),(1635,1928,'机械工程',7654.32),(1636,1929,'通信工程',8543.67),(1637,1930,'电子信息',9234.99),(1638,1931,'土木工程',9999.99),(1639,1932,'临床医学',9234.12),(1640,1933,'汉语言文学',8234.11),(1641,1934,'师范',9456.43),(1642,1935,'计算机科学与技术',8321.54),(1643,1936,'电气工程及其自动化',9234.65),(1644,1937,'软件工程',8345.33),(1645,1938,'机械工程',7564.43),(1646,1939,'通信工程',9345.44),(1647,1940,'电子信息',9432.76),(1648,1941,'土木工程',8345.55),(1649,1942,'临床医学',9432.11),(1650,1943,'汉语言文学',7543.88),(1651,1944,'师范',8321.32),(1652,1945,'计算机科学与技术',9234.22),(1653,1946,'电气工程及其自动化',7432.77),(1654,1947,'软件工程',9456.33),(1655,1948,'机械工程',8543.88),(1656,1949,'通信工程',9234.45),(1657,1950,'电子信息',8432.55),(1658,1951,'土木工程',7543.67),(1659,1952,'临床医学',9234.77),(1660,1953,'汉语言文学',8432.98),(1661,1954,'师范',9345.11),(1662,1955,'计算机科学与技术',8543.54),(1663,1956,'电气工程及其自动化',9234.99),(1664,1957,'软件工程',8345.32),(1665,1958,'机械工程',7432.22),(1666,1959,'通信工程',8321.77),(1667,1960,'电子信息',9432.33),(1677,1970,'软件工程',5123.45),(1678,1971,'软件工程',6178.67),(1679,1972,'软件工程',7021.34),(1680,1973,'软件工程',8075.89),(1681,1974,'软件工程',9134.56),(1682,1975,'软件工程',10289.78),(1683,1976,'软件工程',11345.23),(1684,1977,'软件工程',12489.45),(1685,1978,'软件工程',13214.67),(1686,1979,'软件工程',14567.89),(1687,1980,'软件工程',15234.56),(1688,1981,'软件工程',16890.23),(1689,1982,'软件工程',17234.45),(1690,1983,'软件工程',18567.89),(1691,1984,'软件工程',19234.56),(1692,1985,'软件工程',20489.78),(1693,1986,'软件工程',21345.23),(1694,1987,'软件工程',22134.56),(1695,1988,'软件工程',23456.78),(1696,1989,'软件工程',24345.89),(1697,1990,'软件工程',25123.45),(1698,1991,'软件工程',24567.89),(1699,1992,'软件工程',23456.78),(1700,1993,'软件工程',22567.89),(1701,1994,'软件工程',21456.78),(1740,2033,'软件工程',15789.12),(1741,2034,'软件工程',19034.23),(1742,2035,'软件工程',22345.34),(1743,2036,'软件工程',18002.45),(1744,2037,'软件工程',21045.56),(1745,2038,'软件工程',24467.67),(1746,2039,'软件工程',19890.78),(1747,2040,'软件工程',23412.89),(1748,2041,'软件工程',18934.12),(1749,2042,'软件工程',24856.23),(1750,2043,'软件工程',21789.34),(1751,2044,'软件工程',25678.45),(1752,2045,'软件工程',22789.56),(1753,2046,'软件工程',26789.67),(1754,2047,'软件工程',23789.78),(1755,2048,'软件工程',27890.89),(1756,2049,'软件工程',24789.12),(1757,2050,'软件工程',28912.23),(1758,2051,'软件工程',25978.34),(1759,2052,'软件工程',29012.45),(1760,2053,'软件工程',27067.56),(1761,2054,'软件工程',30567.67),(1762,2055,'软件工程',28567.78),(1763,2056,'软件工程',31012.89),(1764,2057,'软件工程',29567.12);
/*!40000 ALTER TABLE `employment_sort` ENABLE KEYS */;
UNLOCK TABLES;

--
-- Table structure for table `gen_table`
--

DROP TABLE IF EXISTS `gen_table`;
/*!40101 SET @saved_cs_client     = @@character_set_client */;
/*!50503 SET character_set_client = utf8mb4 */;
CREATE TABLE `gen_table` (
  `table_id` bigint NOT NULL AUTO_INCREMENT COMMENT '编号',
  `table_name` varchar(200) DEFAULT '' COMMENT '表名称',
  `table_comment` varchar(500) DEFAULT '' COMMENT '表描述',
  `sub_table_name` varchar(64) DEFAULT NULL COMMENT '关联子表的表名',
  `sub_table_fk_name` varchar(64) DEFAULT NULL COMMENT '子表关联的外键名',
  `class_name` varchar(100) DEFAULT '' COMMENT '实体类名称',
  `tpl_category` varchar(200) DEFAULT 'crud' COMMENT '使用的模板（crud单表操作 tree树表操作）',
  `tpl_web_type` varchar(30) DEFAULT '' COMMENT '前端模板类型（element-ui模版 element-plus模版）',
  `package_name` varchar(100) DEFAULT NULL COMMENT '生成包路径',
  `module_name` varchar(30) DEFAULT NULL COMMENT '生成模块名',
  `business_name` varchar(30) DEFAULT NULL COMMENT '生成业务名',
  `function_name` varchar(50) DEFAULT NULL COMMENT '生成功能名',
  `function_author` varchar(50) DEFAULT NULL COMMENT '生成功能作者',
  `gen_type` char(1) DEFAULT '0' COMMENT '生成代码方式（0zip压缩包 1自定义路径）',
  `gen_path` varchar(200) DEFAULT '/' COMMENT '生成路径（不填默认项目路径）',
  `options` varchar(1000) DEFAULT NULL COMMENT '其它生成选项',
  `create_by` varchar(64) DEFAULT '' COMMENT '创建者',
  `create_time` datetime DEFAULT NULL COMMENT '创建时间',
  `update_by` varchar(64) DEFAULT '' COMMENT '更新者',
  `update_time` datetime DEFAULT NULL COMMENT '更新时间',
  `remark` varchar(500) DEFAULT NULL COMMENT '备注',
  PRIMARY KEY (`table_id`)
) ENGINE=InnoDB AUTO_INCREMENT=9 DEFAULT CHARSET=utf8mb4 COLLATE=utf8mb4_0900_ai_ci COMMENT='代码生成业务表';
/*!40101 SET character_set_client = @saved_cs_client */;

--
-- Dumping data for table `gen_table`
--

LOCK TABLES `gen_table` WRITE;
/*!40000 ALTER TABLE `gen_table` DISABLE KEYS */;
INSERT INTO `gen_table` VALUES (1,'mes_product','制造执行MES-产品建模表',NULL,NULL,'MesProduct','crud','element-ui','com.ruoyi.mes','mes','product','产品建模','ruoyi','0','/','{\"parentMenuId\":2000}','admin','2024-07-01 08:52:26','','2024-07-01 09:07:07',NULL),(2,'mes_factory','制造执行MES-工厂建模表','mes_factory_device_item','factory_id','MesFactory','sub','element-ui','com.ruoyi.mes','mes','factory','工厂建模','ruoyi','0','/','{\"parentMenuId\":\"2000\"}','admin','2024-07-01 14:20:27','','2024-07-01 14:24:56',NULL),(3,'mes_factory_device_item','制造执行MES-工厂建模设备信息子表',NULL,NULL,'MesFactoryDeviceItem','crud','element-ui','com.ruoyi.mes','mes','factory','制造执行MES-工厂建模设备信息子','ruoyi','0','/','{\"parentMenuId\":\"2000\"}','admin','2024-07-01 14:21:43','','2024-07-01 14:24:21',NULL),(4,'departments_students','高校院系专业学生信息表','employment_info','student_id','DepartmentsStudents','sub','element-ui','com.ruoyi.employment','employment','departments_students','高校院系专业学生信息','ruoyi','0','/','{\"parentMenuId\":\"2014\"}','admin','2024-07-02 11:18:56','','2024-07-02 11:26:52',NULL),(6,'employment_info','学生就业信息表','','','EmploymentInfo','crud','element-ui','com.ruoyi.employment','employment','employment_info','学生就业信息','ruoyi','0','/','{\"treeCode\":\"student_id\",\"treeParentCode\":\"student_id\",\"parentMenuId\":\"2014\"}','admin','2024-07-02 11:18:56','','2024-07-03 08:50:15',NULL),(7,'system_logs','系统日志表',NULL,NULL,'SystemLogs','crud','','com.ruoyi.system','system','logs','系统日志','ruoyi','0','/',NULL,'admin','2024-07-02 11:18:56','',NULL,NULL),(8,'employment_analysis','就业分析表',NULL,NULL,'EmploymentAnalysis','crud','element-ui','com.ruoyi.employment','employment','employment_analysis','就业分析','ruoyi','0','/','{\"parentMenuId\":\"2014\"}','admin','2024-07-02 16:59:42','','2024-07-02 17:02:16',NULL);
/*!40000 ALTER TABLE `gen_table` ENABLE KEYS */;
UNLOCK TABLES;

--
-- Table structure for table `gen_table_column`
--

DROP TABLE IF EXISTS `gen_table_column`;
/*!40101 SET @saved_cs_client     = @@character_set_client */;
/*!50503 SET character_set_client = utf8mb4 */;
CREATE TABLE `gen_table_column` (
  `column_id` bigint NOT NULL AUTO_INCREMENT COMMENT '编号',
  `table_id` bigint DEFAULT NULL COMMENT '归属表编号',
  `column_name` varchar(200) DEFAULT NULL COMMENT '列名称',
  `column_comment` varchar(500) DEFAULT NULL COMMENT '列描述',
  `column_type` varchar(100) DEFAULT NULL COMMENT '列类型',
  `java_type` varchar(500) DEFAULT NULL COMMENT 'JAVA类型',
  `java_field` varchar(200) DEFAULT NULL COMMENT 'JAVA字段名',
  `is_pk` char(1) DEFAULT NULL COMMENT '是否主键（1是）',
  `is_increment` char(1) DEFAULT NULL COMMENT '是否自增（1是）',
  `is_required` char(1) DEFAULT NULL COMMENT '是否必填（1是）',
  `is_insert` char(1) DEFAULT NULL COMMENT '是否为插入字段（1是）',
  `is_edit` char(1) DEFAULT NULL COMMENT '是否编辑字段（1是）',
  `is_list` char(1) DEFAULT NULL COMMENT '是否列表字段（1是）',
  `is_query` char(1) DEFAULT NULL COMMENT '是否查询字段（1是）',
  `query_type` varchar(200) DEFAULT 'EQ' COMMENT '查询方式（等于、不等于、大于、小于、范围）',
  `html_type` varchar(200) DEFAULT NULL COMMENT '显示类型（文本框、文本域、下拉框、复选框、单选框、日期控件）',
  `dict_type` varchar(200) DEFAULT '' COMMENT '字典类型',
  `sort` int DEFAULT NULL COMMENT '排序',
  `create_by` varchar(64) DEFAULT '' COMMENT '创建者',
  `create_time` datetime DEFAULT NULL COMMENT '创建时间',
  `update_by` varchar(64) DEFAULT '' COMMENT '更新者',
  `update_time` datetime DEFAULT NULL COMMENT '更新时间',
  PRIMARY KEY (`column_id`)
) ENGINE=InnoDB AUTO_INCREMENT=56 DEFAULT CHARSET=utf8mb4 COLLATE=utf8mb4_0900_ai_ci COMMENT='代码生成业务表字段';
/*!40101 SET character_set_client = @saved_cs_client */;

--
-- Dumping data for table `gen_table_column`
--

LOCK TABLES `gen_table_column` WRITE;
/*!40000 ALTER TABLE `gen_table_column` DISABLE KEYS */;
INSERT INTO `gen_table_column` VALUES (1,1,'id','模型编号','bigint unsigned','Long','id','1','1','0','0',NULL,'1',NULL,'EQ',NULL,'',1,'admin','2024-07-01 08:52:26','','2024-07-01 09:07:07'),(2,1,'mode_name','模型名称','varchar(255)','String','modeName','0','0','1','1','1','1','1','LIKE','input','',2,'admin','2024-07-01 08:52:26','','2024-07-01 09:07:07'),(3,1,'material_id','产品ID','bigint','Long','materialId','0','0','1','1','1','1','1','EQ','select','',3,'admin','2024-07-01 08:52:26','','2024-07-01 09:07:07'),(4,1,'remark','备注','longtext','String','remark','0','0','0','1','1','1',NULL,'EQ','textarea','',4,'admin','2024-07-01 08:52:26','','2024-07-01 09:07:07'),(5,2,'id','编号','bigint unsigned','Long','id','1','1','0','0',NULL,'1',NULL,'EQ',NULL,'',1,'admin','2024-07-01 14:20:27','','2024-07-01 14:24:56'),(6,2,'production_line','生产线名称','varchar(255)','String','productionLine','0','0','0','1','1','1','1','EQ','input','',2,'admin','2024-07-01 14:20:27','','2024-07-01 14:24:56'),(7,2,'factory_describe','描述','varchar(255)','String','factoryDescribe','0','0','0','1','1','1','0','EQ','input','',3,'admin','2024-07-01 14:20:27','','2024-07-01 14:24:56'),(8,2,'material_id','物料ID','bigint','Long','materialId','0','0','0','1','1','1','1','EQ','input','',4,'admin','2024-07-01 14:20:27','','2024-07-01 14:24:56'),(9,3,'id','序号','bigint unsigned','Long','id','1','1','0','1',NULL,NULL,NULL,'EQ',NULL,'',1,'admin','2024-07-01 14:21:43','','2024-07-01 14:24:21'),(10,3,'factory_id','工厂建模ID','bigint','Long','factoryId','0','0','0','1','1','1','1','EQ','input','',2,'admin','2024-07-01 14:21:43','','2024-07-01 14:24:21'),(11,3,'device_id','设备ID','bigint','Long','deviceId','0','0','0','1','1','1','1','EQ','input','',3,'admin','2024-07-01 14:21:43','','2024-07-01 14:24:21'),(12,4,'id','记录ID','bigint unsigned','Long','id','1','1','0','1',NULL,NULL,NULL,'EQ',NULL,'',1,'admin','2024-07-02 11:18:56','','2024-07-02 11:26:52'),(13,4,'college_id','高校ID','bigint','Long','collegeId','0','0','1','1','1','1','1','EQ','input','',2,'admin','2024-07-02 11:18:56','','2024-07-02 11:26:52'),(14,4,'college_name','高校名称','varchar(255)','String','collegeName','0','0','1','1','1','1','1','LIKE','input','',3,'admin','2024-07-02 11:18:56','','2024-07-02 11:26:52'),(15,4,'department_id','院系ID','bigint','Long','departmentId','0','0','1','1','1','1','1','EQ','input','',4,'admin','2024-07-02 11:18:56','','2024-07-02 11:26:52'),(16,4,'department_name','院系名称','varchar(255)','String','departmentName','0','0','1','1','1','1','1','LIKE','input','',5,'admin','2024-07-02 11:18:56','','2024-07-02 11:26:52'),(17,4,'major_id','专业ID','bigint','Long','majorId','0','0','1','1','1','1','1','EQ','input','',6,'admin','2024-07-02 11:18:56','','2024-07-02 11:26:52'),(18,4,'major_name','专业名称','varchar(255)','String','majorName','0','0','1','1','1','1','1','LIKE','input','',7,'admin','2024-07-02 11:18:56','','2024-07-02 11:26:52'),(19,4,'student_id','学生ID','bigint','Long','studentId','0','0','1','1','1','1','1','EQ','input','',8,'admin','2024-07-02 11:18:56','','2024-07-02 11:26:52'),(20,4,'student_name','学生姓名','varchar(255)','String','studentName','0','0','1','1','1','1','1','LIKE','input','',9,'admin','2024-07-02 11:18:56','','2024-07-02 11:26:52'),(21,4,'gender','性别','char(1)','String','gender','0','0','0','1','1','1','1','EQ','input','',10,'admin','2024-07-02 11:18:56','','2024-07-02 11:26:52'),(22,4,'date_of_birth','出生日期','date','Date','dateOfBirth','0','0','0','1','1','1','1','EQ','datetime','',11,'admin','2024-07-02 11:18:56','','2024-07-02 11:26:52'),(23,4,'enrollment_year','入学年份','year','String','enrollmentYear','0','0','0','1','1','1','1','EQ',NULL,'',12,'admin','2024-07-02 11:18:56','','2024-07-02 11:26:52'),(33,6,'employment_id','就业信息ID','bigint unsigned','Long','employmentId','1','1','1','1',NULL,NULL,NULL,'EQ',NULL,'',1,'admin','2024-07-02 11:18:56','','2024-07-03 08:50:15'),(34,6,'student_id','学生ID','bigint','Long','studentId','0','0','1','1','1','1','1','EQ','input','',2,'admin','2024-07-02 11:18:56','','2024-07-03 08:50:15'),(35,6,'company_name','公司名称','varchar(255)','String','companyName','0','0','1','1','1','1','1','LIKE','input','',3,'admin','2024-07-02 11:18:56','','2024-07-03 08:50:15'),(36,6,'position','职位','varchar(255)','String','position','0','0','1','1','1','1','1','EQ','input','',4,'admin','2024-07-02 11:18:56','','2024-07-03 08:50:15'),(37,6,'salary','薪资','decimal(10,2)','BigDecimal','salary','0','0','1','1','1','1','1','EQ','input','',5,'admin','2024-07-02 11:18:56','','2024-07-03 08:50:15'),(38,6,'employment_date','就业日期','date','Date','employmentDate','0','0','1','1','1','1','1','EQ','datetime','',6,'admin','2024-07-02 11:18:56','','2024-07-03 08:50:15'),(39,6,'location','工作地点','varchar(255)','String','location','0','0','1','1','1','1','1','EQ','input','',7,'admin','2024-07-02 11:18:56','','2024-07-03 08:50:15'),(40,6,'status','就业状态','varchar(50)','String','status','0','0','1','1','1','1','1','EQ','select','employment_status',8,'admin','2024-07-02 11:18:56','','2024-07-03 08:50:15'),(41,7,'log_id','日志ID','bigint unsigned','String','logId','1','1','0','1',NULL,NULL,NULL,'EQ',NULL,'',1,'admin','2024-07-02 11:18:56','',NULL),(42,7,'timestamp','时间戳','timestamp','Date','timestamp','0','0','1','1','1','1','1','EQ','datetime','',2,'admin','2024-07-02 11:18:56','',NULL),(43,7,'user_id','用户ID','bigint','Long','userId','0','0','1','1','1','1','1','EQ','input','',3,'admin','2024-07-02 11:18:56','',NULL),(44,7,'action','操作','varchar(255)','String','action','0','0','1','1','1','1','1','EQ','input','',4,'admin','2024-07-02 11:18:56','',NULL),(45,7,'details','操作详情','text','String','details','0','0','0','1','1','1','1','EQ','textarea','',5,'admin','2024-07-02 11:18:56','',NULL),(46,7,'ip_address','IP地址','varchar(50)','String','ipAddress','0','0','0','1','1','1','1','EQ','input','',6,'admin','2024-07-02 11:18:56','',NULL),(47,8,'analysis_id','分析ID','bigint unsigned','Long','analysisId','1','1','0','0',NULL,NULL,'1','EQ',NULL,'',1,'admin','2024-07-02 16:59:42','','2024-07-02 17:02:16'),(48,8,'student_id','学生ID','bigint','Long','studentId','0','0','1','0','0','1','1','EQ','input','',2,'admin','2024-07-02 16:59:42','','2024-07-02 17:02:16'),(49,8,'college_name','高校名称','varchar(255)','String','collegeName','0','0','1','0','0','1','1','LIKE','input','',3,'admin','2024-07-02 16:59:42','','2024-07-02 17:02:16'),(50,8,'department_name','院系名称','varchar(255)','String','departmentName','0','0','1','0','0','1','1','LIKE','input','',4,'admin','2024-07-02 16:59:42','','2024-07-02 17:02:16'),(51,8,'major_name','专业名称','varchar(255)','String','majorName','0','0','1','0','0','1','1','LIKE','input','',5,'admin','2024-07-02 16:59:42','','2024-07-02 17:02:16'),(52,8,'gender','性别','char(1)','String','gender','0','0','0','0','0','1','1','EQ','input','',6,'admin','2024-07-02 16:59:42','','2024-07-02 17:02:16'),(53,8,'employment_date','就业日期','date','Date','employmentDate','0','0','0','0','0','1','1','EQ','datetime','',7,'admin','2024-07-02 16:59:42','','2024-07-02 17:02:16'),(54,8,'salary','薪资','decimal(12,2)','BigDecimal','salary','0','0','0','0','0','1','1','EQ','input','',8,'admin','2024-07-02 16:59:42','','2024-07-02 17:02:16'),(55,8,'location','工作地点','varchar(255)','String','location','0','0','0','0','0','1','1','EQ','input','',9,'admin','2024-07-02 16:59:42','','2024-07-02 17:02:16');
/*!40000 ALTER TABLE `gen_table_column` ENABLE KEYS */;
UNLOCK TABLES;

--
-- Table structure for table `mes_device_information`
--

DROP TABLE IF EXISTS `mes_device_information`;
/*!40101 SET @saved_cs_client     = @@character_set_client */;
/*!50503 SET character_set_client = utf8mb4 */;
CREATE TABLE `mes_device_information` (
  `id` bigint NOT NULL AUTO_INCREMENT COMMENT '编号',
  `device_name` varchar(255) CHARACTER SET utf8mb3 COLLATE utf8mb3_general_ci DEFAULT NULL COMMENT '设备名称',
  `device_code` varchar(255) CHARACTER SET utf8mb3 COLLATE utf8mb3_general_ci DEFAULT NULL COMMENT '设备编码',
  `device_model` varchar(255) CHARACTER SET utf8mb3 COLLATE utf8mb3_general_ci DEFAULT NULL COMMENT '设备型号',
  `produce_date` date DEFAULT NULL COMMENT '生产日期',
  `produce_code` varchar(255) CHARACTER SET utf8mb3 COLLATE utf8mb3_general_ci DEFAULT NULL COMMENT '生产批号',
  `manufacturer` varchar(255) CHARACTER SET utf8mb3 COLLATE utf8mb3_general_ci DEFAULT NULL COMMENT '制造商',
  `device_status` tinyint DEFAULT '0' COMMENT '设备状态：0:空闲,1:使用中,2:故障',
  `remark` varchar(255) CHARACTER SET utf8mb3 COLLATE utf8mb3_general_ci DEFAULT NULL COMMENT '备注',
  PRIMARY KEY (`id`) USING BTREE
) ENGINE=InnoDB AUTO_INCREMENT=61 DEFAULT CHARSET=utf8mb3 ROW_FORMAT=DYNAMIC COMMENT='制造执行MES-设备信息表';
/*!40101 SET character_set_client = @saved_cs_client */;

--
-- Dumping data for table `mes_device_information`
--

LOCK TABLES `mes_device_information` WRITE;
/*!40000 ALTER TABLE `mes_device_information` DISABLE KEYS */;
INSERT INTO `mes_device_information` VALUES (1,'加油装置','EP00048','EP00048','2021-10-20','EP00048','加油装置制造商',0,NULL),(2,'内饰装配线','EP00049','EP00049','2001-06-15','EP00049','内饰装配线制造商',0,NULL),(3,'焊接机器','﻿EP00001','﻿EP00001','2022-02-16','﻿EP00001','焊接机器制造商',0,'﻿EP00001'),(4,'压合机器','EP00002','EP00002','2021-06-09','EP00002','压合机器制造商',0,'压合机器'),(6,'涂装前处理设备','EP00004','EP00004','2021-04-09','EP00004','涂装前处理设备制造商',0,NULL),(7,'电泳涂装设备','EP00005','EP00005','2011-11-03','EP00005','电泳涂装设备制造商',0,NULL),(8,'静电喷涂设备','EP00006','EP00006','2020-06-18','EP00006','静电喷涂设备制造商',0,NULL),(9,'浸漆与淋漆','EP00007','EP00007','2023-05-11','EP00007','浸漆与淋漆制造商',0,NULL),(10,'输送设备','EP00008','EP00008','2021-06-23','EP00008','输送设备制造商',0,NULL),(11,'吊装设备','EP00009','EP00009','2023-05-16','EP00009','吊装设备制造商',0,NULL),(12,'油液加注设备','EP00010','EP00010','2026-03-03','EP00010','油液加注设备制造商',0,NULL),(13,'螺纹紧固设备','EP00011','EP00011','2020-07-03','EP00011','螺纹紧固设备',0,NULL),(14,'标牌打刻机','EP00012','EP00012','2011-03-18','EP00012','标牌打刻机制造商',0,NULL),(15,'淋⾬实验间','EP00013','EP00013','2011-03-03','EP00013','淋⾬实验间制造商',0,NULL),(16,'四轮综合定位实验台','EP00014','EP00014','2022-04-05','EP00014','四轮综合定位实验台制造商',0,NULL),(17,'侧滑实验台','EP00015','EP00015','2010-06-16','EP00015','侧滑实验台制造商',0,NULL),(18,'转毂实验台','EP00016','EP00016','2011-02-08','EP00016','转毂实验台制造商',0,NULL),(19,'灯光检测仪','EP00017','EP00017','2021-03-04','EP00017','灯光检测仪制造商',0,NULL),(20,'电负载','EP00018','EP00018','2022-10-05','EP00018','电负载制造商',0,NULL),(21,'调压器','EP00019','EP00019','2013-06-20','EP00019','调压器制造商',0,NULL),(22,'全桥LCR测试仪','EP00020','EP00020','2021-06-30','EP00020','全桥LCR测试仪制造商',0,NULL),(23,'半导体测试仪','EP00021','EP00021','2019-11-15','EP00021','半导体测试仪制造商',0,NULL),(24,'数字波器','EP00022','EP00022','2016-11-18','EP00022','数字波器制造商',0,NULL),(25,'耐压测试仪','EP00023','EP00023','2015-07-16','EP00023','耐压测试仪制造商',0,NULL),(26,'稳压电源','EP00024','EP00024','2019-11-07','EP00024','稳压电源制造商',0,NULL),(27,'骑马螺栓拧紧机','EP00025','EP00025','2023-05-24','EP00025','骑马螺栓拧紧机',0,NULL),(28,'车架翻转机','EP00026','EP00026','2014-06-19','EP00026','车架翻转机制造商',0,NULL),(29,'预装线','EP00027','EP00027','2011-06-08','EP00027','预装线制造商',0,NULL),(30,'拧紧机','EP00028','EP00028','2021-06-23','EP00028','拧紧机制造商',0,NULL),(31,'打标机','EP00029','EP00029','2016-07-14','EP00029','打标机制造商',0,NULL),(32,'检测机','EP00030','EP00030','2013-07-25','EP00030','检测机制造商',0,NULL),(33,'压装机','EP00031','EP00031','2016-05-20','EP00031','压装机制造商',0,NULL),(34,'翻转机','EP00032','EP00032','2023-04-11','EP00032','翻转机制造商',0,NULL),(35,'悬挂起重机','EP00033','EP00033','2021-07-23','EP00033','悬挂起重机制造商',0,NULL),(36,'一体式悬挂点焊机','EP00034','EP00034','2021-07-14','EP00034','一体式悬挂点焊机',0,NULL),(37,'固定点焊机','EP00035','EP00035','2021-11-04','EP00035','固定点焊机',0,NULL),(38,'CO2保护焊机','EP00036','EP00036','2020-02-21','EP00036','CO2保护焊机制造商',0,NULL),(39,'螺柱焊机','EP00037','EP00037','2022-11-25','EP00037','螺柱焊机制造商',0,NULL),(40,'包边专机轻卡车⾝焊接线','EP00038','EP00038','2023-05-11','EP00038','包边专机轻卡车⾝焊接线制造商',0,NULL),(41,'ABB包边机器','EP00039','EP00039','2023-04-05','EP00039','ABB包边机器制造商',0,NULL),(42,'骑马螺栓拧紧机','EP00040','EP00040','2023-05-01','EP00040','骑马螺栓拧紧机制造商',0,NULL),(43,'车架翻转机','EP00041','EP00041','2021-10-14','EP00041','车架翻转机制造商',0,NULL),(44,'预装线','EP00042','EP00042','2012-07-05','EP00042','预装线制造商',0,NULL),(45,'轮胎抓取器','EP00043','EP00043','2023-05-10','EP00043','轮胎抓取器制造商',0,NULL),(46,'轮胎螺母拧紧机','EP00044','EP00044','2021-02-11','EP00044','轮胎螺母拧紧机制造商',0,NULL),(47,'环⾏排烟装置','EP00045','EP00045','2021-02-25','EP00045','环⾏排烟装置制造商',0,NULL),(48,'灯光调整仪','EP00046','EP00046','2020-08-13','EP00046','灯光调整仪制造商',0,NULL),(49,'发动机分装线','EP00047','EP00047','2020-02-17','EP00047','发动机分装线制造商',0,NULL);
/*!40000 ALTER TABLE `mes_device_information` ENABLE KEYS */;
UNLOCK TABLES;

--
-- Table structure for table `mes_factory`
--

DROP TABLE IF EXISTS `mes_factory`;
/*!40101 SET @saved_cs_client     = @@character_set_client */;
/*!50503 SET character_set_client = utf8mb4 */;
CREATE TABLE `mes_factory` (
  `id` bigint unsigned NOT NULL AUTO_INCREMENT COMMENT '编号',
  `production_line` varchar(255) CHARACTER SET utf8mb4 COLLATE utf8mb4_general_ci DEFAULT NULL COMMENT '生产线名称',
  `factory_describe` varchar(255) CHARACTER SET utf8mb4 COLLATE utf8mb4_general_ci DEFAULT NULL COMMENT '描述',
  `material_id` bigint DEFAULT NULL COMMENT '物料ID',
  PRIMARY KEY (`id`) USING BTREE
) ENGINE=InnoDB AUTO_INCREMENT=32 DEFAULT CHARSET=utf8mb4 COLLATE=utf8mb4_general_ci ROW_FORMAT=DYNAMIC COMMENT='制造执行MES-工厂建模表';
/*!40101 SET character_set_client = @saved_cs_client */;

--
-- Dumping data for table `mes_factory`
--

LOCK TABLES `mes_factory` WRITE;
/*!40000 ALTER TABLE `mes_factory` DISABLE KEYS */;
INSERT INTO `mes_factory` VALUES (1,'1.4T排量轿车','1.4T排量轿车',2),(11,'1.6排量轿车','1.6排量轿车',8),(12,'1.8排量轿车',NULL,9),(13,'2.0排量轿车',NULL,10),(14,'2.5排量轿车','2.5排量轿车',11),(15,'3.0排量轿车','3.0排量轿车',12),(16,'4.5排量轿跑','4.5排量轿跑',13),(17,'3.0T越野吉普',NULL,33),(18,'2.5T都市SUV',NULL,34),(19,'2.0T四驱SUV',NULL,35),(20,'1.8T三厢轿车',NULL,36),(21,'理想混合动力轿车',NULL,37),(22,'比亚迪汉DM','比亚迪汉DM',38),(23,'ZEEKER001','ZEEKER001',39),(24,'理想L7','理想L7',40),(25,'海豹',NULL,41),(26,'小鹏P7',NULL,42),(27,'问界M7',NULL,43),(28,'宝马i3',NULL,44),(29,'Taycan',NULL,45),(30,'宝马iX3',NULL,46),(31,'ModelS',NULL,47);
/*!40000 ALTER TABLE `mes_factory` ENABLE KEYS */;
UNLOCK TABLES;

--
-- Table structure for table `mes_factory_device_item`
--

DROP TABLE IF EXISTS `mes_factory_device_item`;
/*!40101 SET @saved_cs_client     = @@character_set_client */;
/*!50503 SET character_set_client = utf8mb4 */;
CREATE TABLE `mes_factory_device_item` (
  `id` bigint unsigned NOT NULL AUTO_INCREMENT COMMENT '序号',
  `factory_id` bigint DEFAULT NULL COMMENT '工厂建模ID',
  `device_id` bigint DEFAULT NULL COMMENT '设备ID',
  PRIMARY KEY (`id`) USING BTREE
) ENGINE=InnoDB AUTO_INCREMENT=121 DEFAULT CHARSET=utf8mb4 COLLATE=utf8mb4_general_ci ROW_FORMAT=DYNAMIC COMMENT='制造执行MES-工厂建模设备信息子表';
/*!40101 SET character_set_client = @saved_cs_client */;

--
-- Dumping data for table `mes_factory_device_item`
--

LOCK TABLES `mes_factory_device_item` WRITE;
/*!40000 ALTER TABLE `mes_factory_device_item` DISABLE KEYS */;
INSERT INTO `mes_factory_device_item` VALUES (6,4,3),(57,1,1),(58,1,2),(59,1,4),(60,1,1),(64,11,1),(65,11,2),(66,11,3),(67,11,4),(68,12,20),(69,12,6),(70,12,39),(71,12,25),(72,13,45),(73,13,41),(74,13,33),(75,13,36),(76,14,7),(77,14,49),(78,14,49),(79,15,47),(80,15,27),(81,15,2),(82,16,22),(83,16,3),(84,16,8),(85,16,25),(86,16,48),(87,17,6),(88,17,6),(89,18,24),(90,18,25),(91,19,38),(92,19,31),(93,19,1),(94,20,4),(95,20,8),(96,20,1),(97,21,8),(98,21,3),(99,21,24),(100,22,11),(101,22,2),(102,22,1),(103,23,2),(104,23,4),(105,24,21),(106,24,37),(107,25,17),(108,25,36),(109,26,24),(110,26,16),(111,27,28),(112,27,26),(113,28,33),(114,28,32),(115,29,35),(116,29,38),(117,30,49),(118,30,48),(119,31,47),(120,31,46);
/*!40000 ALTER TABLE `mes_factory_device_item` ENABLE KEYS */;
UNLOCK TABLES;

--
-- Table structure for table `mes_product`
--

DROP TABLE IF EXISTS `mes_product`;
/*!40101 SET @saved_cs_client     = @@character_set_client */;
/*!50503 SET character_set_client = utf8mb4 */;
CREATE TABLE `mes_product` (
  `id` bigint unsigned NOT NULL AUTO_INCREMENT COMMENT '编号',
  `mode_name` varchar(255) CHARACTER SET utf8mb4 COLLATE utf8mb4_general_ci DEFAULT NULL COMMENT '模型名称',
  `material_id` bigint DEFAULT NULL COMMENT '物料id',
  `remark` longtext CHARACTER SET utf8mb4 COLLATE utf8mb4_general_ci COMMENT '备注',
  PRIMARY KEY (`id`) USING BTREE
) ENGINE=InnoDB AUTO_INCREMENT=55 DEFAULT CHARSET=utf8mb4 COLLATE=utf8mb4_general_ci ROW_FORMAT=DYNAMIC COMMENT='制造执行MES-产品建模表';
/*!40101 SET character_set_client = @saved_cs_client */;

--
-- Dumping data for table `mes_product`
--

LOCK TABLES `mes_product` WRITE;
/*!40000 ALTER TABLE `mes_product` DISABLE KEYS */;
INSERT INTO `mes_product` VALUES (1,'1.4T排量轿车',2,'xxxx'),(2,'1.6排量轿车',8,'xxx'),(34,'1.8排量轿车',9,'1.8排量轿车'),(35,'2.0排量轿车',10,'2.0排量轿车'),(36,'2.5排量轿车',11,'2.5排量轿车'),(37,'3.0排量轿车',12,'3.0排量轿车'),(38,'4.5排量轿跑',13,'4.5排量轿跑'),(40,'3.0T越野吉普',33,NULL),(41,'2.5T都市SUV',34,'2.5T都市SUV'),(42,'2.0T四驱SUV',35,'2.0T四驱SUV'),(43,'1.8T三厢轿车',36,'1.8T三厢轿车'),(44,'理想混合动力轿车',37,'理想混合动力轿车'),(45,'比亚迪汉DM',38,'比亚迪汉DM'),(46,'ZEEKER001',39,'ZEEKER001'),(47,'理想L7',40,'理想L7'),(48,'海豹',41,'海豹'),(49,'小鹏P7',42,'小鹏P7'),(50,'问界M7',43,'问界M7'),(51,'宝马i3',44,'宝马i3'),(52,'Taycan',45,'Taycan'),(53,'宝马iX3',46,'宝马iX3'),(54,'ModelS',47,'ModelS');
/*!40000 ALTER TABLE `mes_product` ENABLE KEYS */;
UNLOCK TABLES;

--
-- Table structure for table `mes_project_maintenance`
--

DROP TABLE IF EXISTS `mes_project_maintenance`;
/*!40101 SET @saved_cs_client     = @@character_set_client */;
/*!50503 SET character_set_client = utf8mb4 */;
CREATE TABLE `mes_project_maintenance` (
  `id` int unsigned NOT NULL AUTO_INCREMENT COMMENT '项目维护id',
  `project_name` varchar(255) CHARACTER SET utf8mb4 COLLATE utf8mb4_general_ci DEFAULT NULL COMMENT '项目名',
  `project_header` varchar(100) CHARACTER SET utf8mb4 COLLATE utf8mb4_general_ci DEFAULT NULL COMMENT '负责人',
  `start_date` datetime DEFAULT NULL COMMENT '开始日期',
  `end_date` datetime DEFAULT NULL COMMENT '结束日期',
  `status` int DEFAULT NULL COMMENT '项目状态 0：挂起 1：正常',
  `introduce` varchar(255) CHARACTER SET utf8mb4 COLLATE utf8mb4_general_ci DEFAULT NULL COMMENT '项目介绍',
  PRIMARY KEY (`id`) USING BTREE
) ENGINE=InnoDB AUTO_INCREMENT=28 DEFAULT CHARSET=utf8mb4 COLLATE=utf8mb4_general_ci ROW_FORMAT=DYNAMIC COMMENT='制造执行MES-项目维护表';
/*!40101 SET character_set_client = @saved_cs_client */;

--
-- Dumping data for table `mes_project_maintenance`
--

LOCK TABLES `mes_project_maintenance` WRITE;
/*!40000 ALTER TABLE `mes_project_maintenance` DISABLE KEYS */;
INSERT INTO `mes_project_maintenance` VALUES (5,'2022-05生产项目','斯蒂芬','2022-05-24 00:00:00','2023-05-06 00:00:00',1,NULL),(6,'2022-06生产项目','勒布朗','2022-06-14 00:00:00','2023-05-31 00:00:00',1,NULL),(9,'2022-07生产项目','凯文','2022-07-01 00:00:00','2023-07-01 00:00:00',1,NULL),(13,'2022-08生产项目','凯里','2022-08-01 00:00:00','2023-08-01 00:00:00',1,NULL),(14,'2022-09生产项目','德里克','2022-09-01 00:00:00','2023-09-01 00:00:00',1,NULL),(15,'2022-10生产项目','德克','2022-10-01 00:00:00','2023-10-01 00:00:00',1,NULL),(16,'2023-05生产项目','贾森','2023-05-01 00:00:00','2024-05-01 00:00:00',1,NULL),(17,'2023-06生产项目','克里斯','2023-06-01 00:00:00','2023-08-01 00:00:00',1,NULL),(18,'2023-07生产项目','扬尼斯','2023-07-13 00:00:00','2024-08-01 00:00:00',1,NULL),(19,'2023-08生产项目','乔尔','2023-08-01 00:00:00','2024-08-01 00:00:00',1,NULL),(20,'2023-09生产项目','尼古拉','2023-09-01 00:00:00','2024-09-01 00:00:00',1,NULL),(21,'2023-10生产项目','贾马尔','2023-10-01 00:00:00','2024-08-31 00:00:00',1,NULL),(22,'2022-11生产项目','克里斯','2022-11-01 00:00:00','2022-11-30 00:00:00',1,NULL),(23,'2022-12生产项目','安吉','2022-12-01 00:00:00','2022-12-31 00:00:00',1,NULL),(24,'2023-01生产项目','瑞安','2023-01-01 00:00:00','2023-01-31 00:00:00',1,NULL),(25,'2023-02生产项目','安吉洛','2023-02-01 00:00:00','2023-02-28 00:00:00',1,NULL),(26,'2023-03生产项目','德里克','2023-03-01 00:00:00','2023-03-31 00:00:00',1,NULL),(27,'2023-04生产项目','拉塞尔','2023-04-01 00:00:00','2023-04-30 00:00:00',1,NULL);
/*!40000 ALTER TABLE `mes_project_maintenance` ENABLE KEYS */;
UNLOCK TABLES;

--
-- Table structure for table `qrtz_blob_triggers`
--

DROP TABLE IF EXISTS `qrtz_blob_triggers`;
/*!40101 SET @saved_cs_client     = @@character_set_client */;
/*!50503 SET character_set_client = utf8mb4 */;
CREATE TABLE `qrtz_blob_triggers` (
  `sched_name` varchar(120) NOT NULL COMMENT '调度名称',
  `trigger_name` varchar(200) NOT NULL COMMENT 'qrtz_triggers表trigger_name的外键',
  `trigger_group` varchar(200) NOT NULL COMMENT 'qrtz_triggers表trigger_group的外键',
  `blob_data` blob COMMENT '存放持久化Trigger对象',
  PRIMARY KEY (`sched_name`,`trigger_name`,`trigger_group`),
  CONSTRAINT `qrtz_blob_triggers_ibfk_1` FOREIGN KEY (`sched_name`, `trigger_name`, `trigger_group`) REFERENCES `qrtz_triggers` (`sched_name`, `trigger_name`, `trigger_group`)
) ENGINE=InnoDB DEFAULT CHARSET=utf8mb4 COLLATE=utf8mb4_0900_ai_ci COMMENT='Blob类型的触发器表';
/*!40101 SET character_set_client = @saved_cs_client */;

--
-- Dumping data for table `qrtz_blob_triggers`
--

LOCK TABLES `qrtz_blob_triggers` WRITE;
/*!40000 ALTER TABLE `qrtz_blob_triggers` DISABLE KEYS */;
/*!40000 ALTER TABLE `qrtz_blob_triggers` ENABLE KEYS */;
UNLOCK TABLES;

--
-- Table structure for table `qrtz_calendars`
--

DROP TABLE IF EXISTS `qrtz_calendars`;
/*!40101 SET @saved_cs_client     = @@character_set_client */;
/*!50503 SET character_set_client = utf8mb4 */;
CREATE TABLE `qrtz_calendars` (
  `sched_name` varchar(120) NOT NULL COMMENT '调度名称',
  `calendar_name` varchar(200) NOT NULL COMMENT '日历名称',
  `calendar` blob NOT NULL COMMENT '存放持久化calendar对象',
  PRIMARY KEY (`sched_name`,`calendar_name`)
) ENGINE=InnoDB DEFAULT CHARSET=utf8mb4 COLLATE=utf8mb4_0900_ai_ci COMMENT='日历信息表';
/*!40101 SET character_set_client = @saved_cs_client */;

--
-- Dumping data for table `qrtz_calendars`
--

LOCK TABLES `qrtz_calendars` WRITE;
/*!40000 ALTER TABLE `qrtz_calendars` DISABLE KEYS */;
/*!40000 ALTER TABLE `qrtz_calendars` ENABLE KEYS */;
UNLOCK TABLES;

--
-- Table structure for table `qrtz_cron_triggers`
--

DROP TABLE IF EXISTS `qrtz_cron_triggers`;
/*!40101 SET @saved_cs_client     = @@character_set_client */;
/*!50503 SET character_set_client = utf8mb4 */;
CREATE TABLE `qrtz_cron_triggers` (
  `sched_name` varchar(120) NOT NULL COMMENT '调度名称',
  `trigger_name` varchar(200) NOT NULL COMMENT 'qrtz_triggers表trigger_name的外键',
  `trigger_group` varchar(200) NOT NULL COMMENT 'qrtz_triggers表trigger_group的外键',
  `cron_expression` varchar(200) NOT NULL COMMENT 'cron表达式',
  `time_zone_id` varchar(80) DEFAULT NULL COMMENT '时区',
  PRIMARY KEY (`sched_name`,`trigger_name`,`trigger_group`),
  CONSTRAINT `qrtz_cron_triggers_ibfk_1` FOREIGN KEY (`sched_name`, `trigger_name`, `trigger_group`) REFERENCES `qrtz_triggers` (`sched_name`, `trigger_name`, `trigger_group`)
) ENGINE=InnoDB DEFAULT CHARSET=utf8mb4 COLLATE=utf8mb4_0900_ai_ci COMMENT='Cron类型的触发器表';
/*!40101 SET character_set_client = @saved_cs_client */;

--
-- Dumping data for table `qrtz_cron_triggers`
--

LOCK TABLES `qrtz_cron_triggers` WRITE;
/*!40000 ALTER TABLE `qrtz_cron_triggers` DISABLE KEYS */;
/*!40000 ALTER TABLE `qrtz_cron_triggers` ENABLE KEYS */;
UNLOCK TABLES;

--
-- Table structure for table `qrtz_fired_triggers`
--

DROP TABLE IF EXISTS `qrtz_fired_triggers`;
/*!40101 SET @saved_cs_client     = @@character_set_client */;
/*!50503 SET character_set_client = utf8mb4 */;
CREATE TABLE `qrtz_fired_triggers` (
  `sched_name` varchar(120) NOT NULL COMMENT '调度名称',
  `entry_id` varchar(95) NOT NULL COMMENT '调度器实例id',
  `trigger_name` varchar(200) NOT NULL COMMENT 'qrtz_triggers表trigger_name的外键',
  `trigger_group` varchar(200) NOT NULL COMMENT 'qrtz_triggers表trigger_group的外键',
  `instance_name` varchar(200) NOT NULL COMMENT '调度器实例名',
  `fired_time` bigint NOT NULL COMMENT '触发的时间',
  `sched_time` bigint NOT NULL COMMENT '定时器制定的时间',
  `priority` int NOT NULL COMMENT '优先级',
  `state` varchar(16) NOT NULL COMMENT '状态',
  `job_name` varchar(200) DEFAULT NULL COMMENT '任务名称',
  `job_group` varchar(200) DEFAULT NULL COMMENT '任务组名',
  `is_nonconcurrent` varchar(1) DEFAULT NULL COMMENT '是否并发',
  `requests_recovery` varchar(1) DEFAULT NULL COMMENT '是否接受恢复执行',
  PRIMARY KEY (`sched_name`,`entry_id`)
) ENGINE=InnoDB DEFAULT CHARSET=utf8mb4 COLLATE=utf8mb4_0900_ai_ci COMMENT='已触发的触发器表';
/*!40101 SET character_set_client = @saved_cs_client */;

--
-- Dumping data for table `qrtz_fired_triggers`
--

LOCK TABLES `qrtz_fired_triggers` WRITE;
/*!40000 ALTER TABLE `qrtz_fired_triggers` DISABLE KEYS */;
/*!40000 ALTER TABLE `qrtz_fired_triggers` ENABLE KEYS */;
UNLOCK TABLES;

--
-- Table structure for table `qrtz_job_details`
--

DROP TABLE IF EXISTS `qrtz_job_details`;
/*!40101 SET @saved_cs_client     = @@character_set_client */;
/*!50503 SET character_set_client = utf8mb4 */;
CREATE TABLE `qrtz_job_details` (
  `sched_name` varchar(120) NOT NULL COMMENT '调度名称',
  `job_name` varchar(200) NOT NULL COMMENT '任务名称',
  `job_group` varchar(200) NOT NULL COMMENT '任务组名',
  `description` varchar(250) DEFAULT NULL COMMENT '相关介绍',
  `job_class_name` varchar(250) NOT NULL COMMENT '执行任务类名称',
  `is_durable` varchar(1) NOT NULL COMMENT '是否持久化',
  `is_nonconcurrent` varchar(1) NOT NULL COMMENT '是否并发',
  `is_update_data` varchar(1) NOT NULL COMMENT '是否更新数据',
  `requests_recovery` varchar(1) NOT NULL COMMENT '是否接受恢复执行',
  `job_data` blob COMMENT '存放持久化job对象',
  PRIMARY KEY (`sched_name`,`job_name`,`job_group`)
) ENGINE=InnoDB DEFAULT CHARSET=utf8mb4 COLLATE=utf8mb4_0900_ai_ci COMMENT='任务详细信息表';
/*!40101 SET character_set_client = @saved_cs_client */;

--
-- Dumping data for table `qrtz_job_details`
--

LOCK TABLES `qrtz_job_details` WRITE;
/*!40000 ALTER TABLE `qrtz_job_details` DISABLE KEYS */;
/*!40000 ALTER TABLE `qrtz_job_details` ENABLE KEYS */;
UNLOCK TABLES;

--
-- Table structure for table `qrtz_locks`
--

DROP TABLE IF EXISTS `qrtz_locks`;
/*!40101 SET @saved_cs_client     = @@character_set_client */;
/*!50503 SET character_set_client = utf8mb4 */;
CREATE TABLE `qrtz_locks` (
  `sched_name` varchar(120) NOT NULL COMMENT '调度名称',
  `lock_name` varchar(40) NOT NULL COMMENT '悲观锁名称',
  PRIMARY KEY (`sched_name`,`lock_name`)
) ENGINE=InnoDB DEFAULT CHARSET=utf8mb4 COLLATE=utf8mb4_0900_ai_ci COMMENT='存储的悲观锁信息表';
/*!40101 SET character_set_client = @saved_cs_client */;

--
-- Dumping data for table `qrtz_locks`
--

LOCK TABLES `qrtz_locks` WRITE;
/*!40000 ALTER TABLE `qrtz_locks` DISABLE KEYS */;
/*!40000 ALTER TABLE `qrtz_locks` ENABLE KEYS */;
UNLOCK TABLES;

--
-- Table structure for table `qrtz_paused_trigger_grps`
--

DROP TABLE IF EXISTS `qrtz_paused_trigger_grps`;
/*!40101 SET @saved_cs_client     = @@character_set_client */;
/*!50503 SET character_set_client = utf8mb4 */;
CREATE TABLE `qrtz_paused_trigger_grps` (
  `sched_name` varchar(120) NOT NULL COMMENT '调度名称',
  `trigger_group` varchar(200) NOT NULL COMMENT 'qrtz_triggers表trigger_group的外键',
  PRIMARY KEY (`sched_name`,`trigger_group`)
) ENGINE=InnoDB DEFAULT CHARSET=utf8mb4 COLLATE=utf8mb4_0900_ai_ci COMMENT='暂停的触发器表';
/*!40101 SET character_set_client = @saved_cs_client */;

--
-- Dumping data for table `qrtz_paused_trigger_grps`
--

LOCK TABLES `qrtz_paused_trigger_grps` WRITE;
/*!40000 ALTER TABLE `qrtz_paused_trigger_grps` DISABLE KEYS */;
/*!40000 ALTER TABLE `qrtz_paused_trigger_grps` ENABLE KEYS */;
UNLOCK TABLES;

--
-- Table structure for table `qrtz_scheduler_state`
--

DROP TABLE IF EXISTS `qrtz_scheduler_state`;
/*!40101 SET @saved_cs_client     = @@character_set_client */;
/*!50503 SET character_set_client = utf8mb4 */;
CREATE TABLE `qrtz_scheduler_state` (
  `sched_name` varchar(120) NOT NULL COMMENT '调度名称',
  `instance_name` varchar(200) NOT NULL COMMENT '实例名称',
  `last_checkin_time` bigint NOT NULL COMMENT '上次检查时间',
  `checkin_interval` bigint NOT NULL COMMENT '检查间隔时间',
  PRIMARY KEY (`sched_name`,`instance_name`)
) ENGINE=InnoDB DEFAULT CHARSET=utf8mb4 COLLATE=utf8mb4_0900_ai_ci COMMENT='调度器状态表';
/*!40101 SET character_set_client = @saved_cs_client */;

--
-- Dumping data for table `qrtz_scheduler_state`
--

LOCK TABLES `qrtz_scheduler_state` WRITE;
/*!40000 ALTER TABLE `qrtz_scheduler_state` DISABLE KEYS */;
/*!40000 ALTER TABLE `qrtz_scheduler_state` ENABLE KEYS */;
UNLOCK TABLES;

--
-- Table structure for table `qrtz_simple_triggers`
--

DROP TABLE IF EXISTS `qrtz_simple_triggers`;
/*!40101 SET @saved_cs_client     = @@character_set_client */;
/*!50503 SET character_set_client = utf8mb4 */;
CREATE TABLE `qrtz_simple_triggers` (
  `sched_name` varchar(120) NOT NULL COMMENT '调度名称',
  `trigger_name` varchar(200) NOT NULL COMMENT 'qrtz_triggers表trigger_name的外键',
  `trigger_group` varchar(200) NOT NULL COMMENT 'qrtz_triggers表trigger_group的外键',
  `repeat_count` bigint NOT NULL COMMENT '重复的次数统计',
  `repeat_interval` bigint NOT NULL COMMENT '重复的间隔时间',
  `times_triggered` bigint NOT NULL COMMENT '已经触发的次数',
  PRIMARY KEY (`sched_name`,`trigger_name`,`trigger_group`),
  CONSTRAINT `qrtz_simple_triggers_ibfk_1` FOREIGN KEY (`sched_name`, `trigger_name`, `trigger_group`) REFERENCES `qrtz_triggers` (`sched_name`, `trigger_name`, `trigger_group`)
) ENGINE=InnoDB DEFAULT CHARSET=utf8mb4 COLLATE=utf8mb4_0900_ai_ci COMMENT='简单触发器的信息表';
/*!40101 SET character_set_client = @saved_cs_client */;

--
-- Dumping data for table `qrtz_simple_triggers`
--

LOCK TABLES `qrtz_simple_triggers` WRITE;
/*!40000 ALTER TABLE `qrtz_simple_triggers` DISABLE KEYS */;
/*!40000 ALTER TABLE `qrtz_simple_triggers` ENABLE KEYS */;
UNLOCK TABLES;

--
-- Table structure for table `qrtz_simprop_triggers`
--

DROP TABLE IF EXISTS `qrtz_simprop_triggers`;
/*!40101 SET @saved_cs_client     = @@character_set_client */;
/*!50503 SET character_set_client = utf8mb4 */;
CREATE TABLE `qrtz_simprop_triggers` (
  `sched_name` varchar(120) NOT NULL COMMENT '调度名称',
  `trigger_name` varchar(200) NOT NULL COMMENT 'qrtz_triggers表trigger_name的外键',
  `trigger_group` varchar(200) NOT NULL COMMENT 'qrtz_triggers表trigger_group的外键',
  `str_prop_1` varchar(512) DEFAULT NULL COMMENT 'String类型的trigger的第一个参数',
  `str_prop_2` varchar(512) DEFAULT NULL COMMENT 'String类型的trigger的第二个参数',
  `str_prop_3` varchar(512) DEFAULT NULL COMMENT 'String类型的trigger的第三个参数',
  `int_prop_1` int DEFAULT NULL COMMENT 'int类型的trigger的第一个参数',
  `int_prop_2` int DEFAULT NULL COMMENT 'int类型的trigger的第二个参数',
  `long_prop_1` bigint DEFAULT NULL COMMENT 'long类型的trigger的第一个参数',
  `long_prop_2` bigint DEFAULT NULL COMMENT 'long类型的trigger的第二个参数',
  `dec_prop_1` decimal(13,4) DEFAULT NULL COMMENT 'decimal类型的trigger的第一个参数',
  `dec_prop_2` decimal(13,4) DEFAULT NULL COMMENT 'decimal类型的trigger的第二个参数',
  `bool_prop_1` varchar(1) DEFAULT NULL COMMENT 'Boolean类型的trigger的第一个参数',
  `bool_prop_2` varchar(1) DEFAULT NULL COMMENT 'Boolean类型的trigger的第二个参数',
  PRIMARY KEY (`sched_name`,`trigger_name`,`trigger_group`),
  CONSTRAINT `qrtz_simprop_triggers_ibfk_1` FOREIGN KEY (`sched_name`, `trigger_name`, `trigger_group`) REFERENCES `qrtz_triggers` (`sched_name`, `trigger_name`, `trigger_group`)
) ENGINE=InnoDB DEFAULT CHARSET=utf8mb4 COLLATE=utf8mb4_0900_ai_ci COMMENT='同步机制的行锁表';
/*!40101 SET character_set_client = @saved_cs_client */;

--
-- Dumping data for table `qrtz_simprop_triggers`
--

LOCK TABLES `qrtz_simprop_triggers` WRITE;
/*!40000 ALTER TABLE `qrtz_simprop_triggers` DISABLE KEYS */;
/*!40000 ALTER TABLE `qrtz_simprop_triggers` ENABLE KEYS */;
UNLOCK TABLES;

--
-- Table structure for table `qrtz_triggers`
--

DROP TABLE IF EXISTS `qrtz_triggers`;
/*!40101 SET @saved_cs_client     = @@character_set_client */;
/*!50503 SET character_set_client = utf8mb4 */;
CREATE TABLE `qrtz_triggers` (
  `sched_name` varchar(120) NOT NULL COMMENT '调度名称',
  `trigger_name` varchar(200) NOT NULL COMMENT '触发器的名字',
  `trigger_group` varchar(200) NOT NULL COMMENT '触发器所属组的名字',
  `job_name` varchar(200) NOT NULL COMMENT 'qrtz_job_details表job_name的外键',
  `job_group` varchar(200) NOT NULL COMMENT 'qrtz_job_details表job_group的外键',
  `description` varchar(250) DEFAULT NULL COMMENT '相关介绍',
  `next_fire_time` bigint DEFAULT NULL COMMENT '上一次触发时间（毫秒）',
  `prev_fire_time` bigint DEFAULT NULL COMMENT '下一次触发时间（默认为-1表示不触发）',
  `priority` int DEFAULT NULL COMMENT '优先级',
  `trigger_state` varchar(16) NOT NULL COMMENT '触发器状态',
  `trigger_type` varchar(8) NOT NULL COMMENT '触发器的类型',
  `start_time` bigint NOT NULL COMMENT '开始时间',
  `end_time` bigint DEFAULT NULL COMMENT '结束时间',
  `calendar_name` varchar(200) DEFAULT NULL COMMENT '日程表名称',
  `misfire_instr` smallint DEFAULT NULL COMMENT '补偿执行的策略',
  `job_data` blob COMMENT '存放持久化job对象',
  PRIMARY KEY (`sched_name`,`trigger_name`,`trigger_group`),
  KEY `sched_name` (`sched_name`,`job_name`,`job_group`),
  CONSTRAINT `qrtz_triggers_ibfk_1` FOREIGN KEY (`sched_name`, `job_name`, `job_group`) REFERENCES `qrtz_job_details` (`sched_name`, `job_name`, `job_group`)
) ENGINE=InnoDB DEFAULT CHARSET=utf8mb4 COLLATE=utf8mb4_0900_ai_ci COMMENT='触发器详细信息表';
/*!40101 SET character_set_client = @saved_cs_client */;

--
-- Dumping data for table `qrtz_triggers`
--

LOCK TABLES `qrtz_triggers` WRITE;
/*!40000 ALTER TABLE `qrtz_triggers` DISABLE KEYS */;
/*!40000 ALTER TABLE `qrtz_triggers` ENABLE KEYS */;
UNLOCK TABLES;

--
-- Table structure for table `sys_config`
--

DROP TABLE IF EXISTS `sys_config`;
/*!40101 SET @saved_cs_client     = @@character_set_client */;
/*!50503 SET character_set_client = utf8mb4 */;
CREATE TABLE `sys_config` (
  `config_id` int NOT NULL AUTO_INCREMENT COMMENT '参数主键',
  `config_name` varchar(100) DEFAULT '' COMMENT '参数名称',
  `config_key` varchar(100) DEFAULT '' COMMENT '参数键名',
  `config_value` varchar(500) DEFAULT '' COMMENT '参数键值',
  `config_type` char(1) DEFAULT 'N' COMMENT '系统内置（Y是 N否）',
  `create_by` varchar(64) DEFAULT '' COMMENT '创建者',
  `create_time` datetime DEFAULT NULL COMMENT '创建时间',
  `update_by` varchar(64) DEFAULT '' COMMENT '更新者',
  `update_time` datetime DEFAULT NULL COMMENT '更新时间',
  `remark` varchar(500) DEFAULT NULL COMMENT '备注',
  PRIMARY KEY (`config_id`)
) ENGINE=InnoDB AUTO_INCREMENT=100 DEFAULT CHARSET=utf8mb4 COLLATE=utf8mb4_0900_ai_ci COMMENT='参数配置表';
/*!40101 SET character_set_client = @saved_cs_client */;

--
-- Dumping data for table `sys_config`
--

LOCK TABLES `sys_config` WRITE;
/*!40000 ALTER TABLE `sys_config` DISABLE KEYS */;
INSERT INTO `sys_config` VALUES (1,'主框架页-默认皮肤样式名称','sys.index.skinName','skin-blue','Y','admin','2024-06-29 09:54:41','',NULL,'蓝色 skin-blue、绿色 skin-green、紫色 skin-purple、红色 skin-red、黄色 skin-yellow'),(2,'用户管理-账号初始密码','sys.user.initPassword','123456','Y','admin','2024-06-29 09:54:41','',NULL,'初始化密码 123456'),(3,'主框架页-侧边栏主题','sys.index.sideTheme','theme-dark','Y','admin','2024-06-29 09:54:41','',NULL,'深色主题theme-dark，浅色主题theme-light'),(4,'账号自助-验证码开关','sys.account.captchaEnabled','true','Y','admin','2024-06-29 09:54:41','',NULL,'是否开启验证码功能（true开启，false关闭）'),(5,'账号自助-是否开启用户注册功能','sys.account.registerUser','false','Y','admin','2024-06-29 09:54:41','',NULL,'是否开启注册用户功能（true开启，false关闭）'),(6,'用户登录-黑名单列表','sys.login.blackIPList','','Y','admin','2024-06-29 09:54:41','',NULL,'设置登录IP黑名单限制，多个匹配项以;分隔，支持匹配（*通配、网段）');
/*!40000 ALTER TABLE `sys_config` ENABLE KEYS */;
UNLOCK TABLES;

--
-- Table structure for table `sys_dept`
--

DROP TABLE IF EXISTS `sys_dept`;
/*!40101 SET @saved_cs_client     = @@character_set_client */;
/*!50503 SET character_set_client = utf8mb4 */;
CREATE TABLE `sys_dept` (
  `dept_id` bigint NOT NULL AUTO_INCREMENT COMMENT '部门id',
  `parent_id` bigint DEFAULT '0' COMMENT '父部门id',
  `ancestors` varchar(50) DEFAULT '' COMMENT '祖级列表',
  `dept_name` varchar(30) DEFAULT '' COMMENT '部门名称',
  `order_num` int DEFAULT '0' COMMENT '显示顺序',
  `leader` varchar(20) DEFAULT NULL COMMENT '负责人',
  `phone` varchar(11) DEFAULT NULL COMMENT '联系电话',
  `email` varchar(50) DEFAULT NULL COMMENT '邮箱',
  `status` char(1) DEFAULT '0' COMMENT '部门状态（0正常 1停用）',
  `del_flag` char(1) DEFAULT '0' COMMENT '删除标志（0代表存在 2代表删除）',
  `create_by` varchar(64) DEFAULT '' COMMENT '创建者',
  `create_time` datetime DEFAULT NULL COMMENT '创建时间',
  `update_by` varchar(64) DEFAULT '' COMMENT '更新者',
  `update_time` datetime DEFAULT NULL COMMENT '更新时间',
  PRIMARY KEY (`dept_id`)
) ENGINE=InnoDB AUTO_INCREMENT=200 DEFAULT CHARSET=utf8mb4 COLLATE=utf8mb4_0900_ai_ci COMMENT='部门表';
/*!40101 SET character_set_client = @saved_cs_client */;

--
-- Dumping data for table `sys_dept`
--

LOCK TABLES `sys_dept` WRITE;
/*!40000 ALTER TABLE `sys_dept` DISABLE KEYS */;
INSERT INTO `sys_dept` VALUES (100,0,'0','若依科技',0,'若依','15888888888','ry@qq.com','0','0','admin','2024-06-29 09:54:41','',NULL),(101,100,'0,100','深圳总公司',1,'若依','15888888888','ry@qq.com','0','0','admin','2024-06-29 09:54:41','',NULL),(102,100,'0,100','长沙分公司',2,'若依','15888888888','ry@qq.com','0','0','admin','2024-06-29 09:54:41','',NULL),(103,101,'0,100,101','研发部门',1,'若依','15888888888','ry@qq.com','0','0','admin','2024-06-29 09:54:41','',NULL),(104,101,'0,100,101','市场部门',2,'若依','15888888888','ry@qq.com','0','0','admin','2024-06-29 09:54:41','',NULL),(105,101,'0,100,101','测试部门',3,'若依','15888888888','ry@qq.com','0','0','admin','2024-06-29 09:54:41','',NULL),(106,101,'0,100,101','财务部门',4,'若依','15888888888','ry@qq.com','0','0','admin','2024-06-29 09:54:41','',NULL),(107,101,'0,100,101','运维部门',5,'若依','15888888888','ry@qq.com','0','0','admin','2024-06-29 09:54:41','',NULL),(108,102,'0,100,102','市场部门',1,'若依','15888888888','ry@qq.com','0','0','admin','2024-06-29 09:54:41','',NULL),(109,102,'0,100,102','财务部门',2,'若依','15888888888','ry@qq.com','0','0','admin','2024-06-29 09:54:41','',NULL);
/*!40000 ALTER TABLE `sys_dept` ENABLE KEYS */;
UNLOCK TABLES;

--
-- Table structure for table `sys_dict_data`
--

DROP TABLE IF EXISTS `sys_dict_data`;
/*!40101 SET @saved_cs_client     = @@character_set_client */;
/*!50503 SET character_set_client = utf8mb4 */;
CREATE TABLE `sys_dict_data` (
  `dict_code` bigint NOT NULL AUTO_INCREMENT COMMENT '字典编码',
  `dict_sort` int DEFAULT '0' COMMENT '字典排序',
  `dict_label` varchar(100) DEFAULT '' COMMENT '字典标签',
  `dict_value` varchar(100) DEFAULT '' COMMENT '字典键值',
  `dict_type` varchar(100) DEFAULT '' COMMENT '字典类型',
  `css_class` varchar(100) DEFAULT NULL COMMENT '样式属性（其他样式扩展）',
  `list_class` varchar(100) DEFAULT NULL COMMENT '表格回显样式',
  `is_default` char(1) DEFAULT 'N' COMMENT '是否默认（Y是 N否）',
  `status` char(1) DEFAULT '0' COMMENT '状态（0正常 1停用）',
  `create_by` varchar(64) DEFAULT '' COMMENT '创建者',
  `create_time` datetime DEFAULT NULL COMMENT '创建时间',
  `update_by` varchar(64) DEFAULT '' COMMENT '更新者',
  `update_time` datetime DEFAULT NULL COMMENT '更新时间',
  `remark` varchar(500) DEFAULT NULL COMMENT '备注',
  PRIMARY KEY (`dict_code`)
) ENGINE=InnoDB AUTO_INCREMENT=104 DEFAULT CHARSET=utf8mb4 COLLATE=utf8mb4_0900_ai_ci COMMENT='字典数据表';
/*!40101 SET character_set_client = @saved_cs_client */;

--
-- Dumping data for table `sys_dict_data`
--

LOCK TABLES `sys_dict_data` WRITE;
/*!40000 ALTER TABLE `sys_dict_data` DISABLE KEYS */;
INSERT INTO `sys_dict_data` VALUES (1,1,'男','0','sys_user_sex','','','Y','0','admin','2024-06-29 09:54:41','',NULL,'性别男'),(2,2,'女','1','sys_user_sex','','','N','0','admin','2024-06-29 09:54:41','',NULL,'性别女'),(3,3,'未知','2','sys_user_sex','','','N','0','admin','2024-06-29 09:54:41','',NULL,'性别未知'),(4,1,'显示','0','sys_show_hide','','primary','Y','0','admin','2024-06-29 09:54:41','',NULL,'显示菜单'),(5,2,'隐藏','1','sys_show_hide','','danger','N','0','admin','2024-06-29 09:54:41','',NULL,'隐藏菜单'),(6,1,'正常','0','sys_normal_disable','','primary','Y','0','admin','2024-06-29 09:54:41','',NULL,'正常状态'),(7,2,'停用','1','sys_normal_disable','','danger','N','0','admin','2024-06-29 09:54:41','',NULL,'停用状态'),(8,1,'正常','0','sys_job_status','','primary','Y','0','admin','2024-06-29 09:54:41','',NULL,'正常状态'),(9,2,'暂停','1','sys_job_status','','danger','N','0','admin','2024-06-29 09:54:41','',NULL,'停用状态'),(10,1,'默认','DEFAULT','sys_job_group','','','Y','0','admin','2024-06-29 09:54:41','',NULL,'默认分组'),(11,2,'系统','SYSTEM','sys_job_group','','','N','0','admin','2024-06-29 09:54:41','',NULL,'系统分组'),(12,1,'是','Y','sys_yes_no','','primary','Y','0','admin','2024-06-29 09:54:41','',NULL,'系统默认是'),(13,2,'否','N','sys_yes_no','','danger','N','0','admin','2024-06-29 09:54:41','',NULL,'系统默认否'),(14,1,'通知','1','sys_notice_type','','warning','Y','0','admin','2024-06-29 09:54:41','',NULL,'通知'),(15,2,'公告','2','sys_notice_type','','success','N','0','admin','2024-06-29 09:54:41','',NULL,'公告'),(16,1,'正常','0','sys_notice_status','','primary','Y','0','admin','2024-06-29 09:54:41','',NULL,'正常状态'),(17,2,'关闭','1','sys_notice_status','','danger','N','0','admin','2024-06-29 09:54:41','',NULL,'关闭状态'),(18,99,'其他','0','sys_oper_type','','info','N','0','admin','2024-06-29 09:54:41','',NULL,'其他操作'),(19,1,'新增','1','sys_oper_type','','info','N','0','admin','2024-06-29 09:54:41','',NULL,'新增操作'),(20,2,'修改','2','sys_oper_type','','info','N','0','admin','2024-06-29 09:54:41','',NULL,'修改操作'),(21,3,'删除','3','sys_oper_type','','danger','N','0','admin','2024-06-29 09:54:41','',NULL,'删除操作'),(22,4,'授权','4','sys_oper_type','','primary','N','0','admin','2024-06-29 09:54:41','',NULL,'授权操作'),(23,5,'导出','5','sys_oper_type','','warning','N','0','admin','2024-06-29 09:54:41','',NULL,'导出操作'),(24,6,'导入','6','sys_oper_type','','warning','N','0','admin','2024-06-29 09:54:41','',NULL,'导入操作'),(25,7,'强退','7','sys_oper_type','','danger','N','0','admin','2024-06-29 09:54:41','',NULL,'强退操作'),(26,8,'生成代码','8','sys_oper_type','','warning','N','0','admin','2024-06-29 09:54:41','',NULL,'生成操作'),(27,9,'清空数据','9','sys_oper_type','','danger','N','0','admin','2024-06-29 09:54:41','',NULL,'清空操作'),(28,1,'成功','0','sys_common_status','','primary','N','0','admin','2024-06-29 09:54:41','',NULL,'正常状态'),(29,2,'失败','1','sys_common_status','','danger','N','0','admin','2024-06-29 09:54:41','',NULL,'停用状态'),(100,0,'挂起','0','mes_project_status',NULL,'default','N','0','admin','2024-06-29 15:18:51','',NULL,NULL),(101,1,'正常','1','mes_project_status',NULL,'default','N','0','admin','2024-06-29 15:19:06','',NULL,NULL),(102,1,'已就业','0','employment_status',NULL,'default','N','0','admin','2024-07-03 08:49:33','',NULL,'已就业'),(103,2,'未就业','1','employment_status',NULL,'default','N','0','admin','2024-07-03 08:49:51','',NULL,'未就业');
/*!40000 ALTER TABLE `sys_dict_data` ENABLE KEYS */;
UNLOCK TABLES;

--
-- Table structure for table `sys_dict_type`
--

DROP TABLE IF EXISTS `sys_dict_type`;
/*!40101 SET @saved_cs_client     = @@character_set_client */;
/*!50503 SET character_set_client = utf8mb4 */;
CREATE TABLE `sys_dict_type` (
  `dict_id` bigint NOT NULL AUTO_INCREMENT COMMENT '字典主键',
  `dict_name` varchar(100) DEFAULT '' COMMENT '字典名称',
  `dict_type` varchar(100) DEFAULT '' COMMENT '字典类型',
  `status` char(1) DEFAULT '0' COMMENT '状态（0正常 1停用）',
  `create_by` varchar(64) DEFAULT '' COMMENT '创建者',
  `create_time` datetime DEFAULT NULL COMMENT '创建时间',
  `update_by` varchar(64) DEFAULT '' COMMENT '更新者',
  `update_time` datetime DEFAULT NULL COMMENT '更新时间',
  `remark` varchar(500) DEFAULT NULL COMMENT '备注',
  PRIMARY KEY (`dict_id`),
  UNIQUE KEY `dict_type` (`dict_type`)
) ENGINE=InnoDB AUTO_INCREMENT=102 DEFAULT CHARSET=utf8mb4 COLLATE=utf8mb4_0900_ai_ci COMMENT='字典类型表';
/*!40101 SET character_set_client = @saved_cs_client */;

--
-- Dumping data for table `sys_dict_type`
--

LOCK TABLES `sys_dict_type` WRITE;
/*!40000 ALTER TABLE `sys_dict_type` DISABLE KEYS */;
INSERT INTO `sys_dict_type` VALUES (1,'用户性别','sys_user_sex','0','admin','2024-06-29 09:54:41','',NULL,'用户性别列表'),(2,'菜单状态','sys_show_hide','0','admin','2024-06-29 09:54:41','',NULL,'菜单状态列表'),(3,'系统开关','sys_normal_disable','0','admin','2024-06-29 09:54:41','',NULL,'系统开关列表'),(4,'任务状态','sys_job_status','0','admin','2024-06-29 09:54:41','',NULL,'任务状态列表'),(5,'任务分组','sys_job_group','0','admin','2024-06-29 09:54:41','',NULL,'任务分组列表'),(6,'系统是否','sys_yes_no','0','admin','2024-06-29 09:54:41','',NULL,'系统是否列表'),(7,'通知类型','sys_notice_type','0','admin','2024-06-29 09:54:41','',NULL,'通知类型列表'),(8,'通知状态','sys_notice_status','0','admin','2024-06-29 09:54:41','',NULL,'通知状态列表'),(9,'操作类型','sys_oper_type','0','admin','2024-06-29 09:54:41','',NULL,'操作类型列表'),(10,'系统状态','sys_common_status','0','admin','2024-06-29 09:54:41','',NULL,'登录状态列表'),(100,'项目状态','mes_project_status','0','admin','2024-06-29 15:18:23','',NULL,NULL),(101,'就业状态','employment_status','0','admin','2024-07-02 14:16:13','',NULL,NULL);
/*!40000 ALTER TABLE `sys_dict_type` ENABLE KEYS */;
UNLOCK TABLES;

--
-- Table structure for table `sys_job`
--

DROP TABLE IF EXISTS `sys_job`;
/*!40101 SET @saved_cs_client     = @@character_set_client */;
/*!50503 SET character_set_client = utf8mb4 */;
CREATE TABLE `sys_job` (
  `job_id` bigint NOT NULL AUTO_INCREMENT COMMENT '任务ID',
  `job_name` varchar(64) NOT NULL DEFAULT '' COMMENT '任务名称',
  `job_group` varchar(64) NOT NULL DEFAULT 'DEFAULT' COMMENT '任务组名',
  `invoke_target` varchar(500) NOT NULL COMMENT '调用目标字符串',
  `cron_expression` varchar(255) DEFAULT '' COMMENT 'cron执行表达式',
  `misfire_policy` varchar(20) DEFAULT '3' COMMENT '计划执行错误策略（1立即执行 2执行一次 3放弃执行）',
  `concurrent` char(1) DEFAULT '1' COMMENT '是否并发执行（0允许 1禁止）',
  `status` char(1) DEFAULT '0' COMMENT '状态（0正常 1暂停）',
  `create_by` varchar(64) DEFAULT '' COMMENT '创建者',
  `create_time` datetime DEFAULT NULL COMMENT '创建时间',
  `update_by` varchar(64) DEFAULT '' COMMENT '更新者',
  `update_time` datetime DEFAULT NULL COMMENT '更新时间',
  `remark` varchar(500) DEFAULT '' COMMENT '备注信息',
  PRIMARY KEY (`job_id`,`job_name`,`job_group`)
) ENGINE=InnoDB AUTO_INCREMENT=100 DEFAULT CHARSET=utf8mb4 COLLATE=utf8mb4_0900_ai_ci COMMENT='定时任务调度表';
/*!40101 SET character_set_client = @saved_cs_client */;

--
-- Dumping data for table `sys_job`
--

LOCK TABLES `sys_job` WRITE;
/*!40000 ALTER TABLE `sys_job` DISABLE KEYS */;
INSERT INTO `sys_job` VALUES (1,'系统默认（无参）','DEFAULT','ryTask.ryNoParams','0/10 * * * * ?','3','1','1','admin','2024-06-29 09:54:41','',NULL,''),(2,'系统默认（有参）','DEFAULT','ryTask.ryParams(\'ry\')','0/15 * * * * ?','3','1','1','admin','2024-06-29 09:54:41','',NULL,''),(3,'系统默认（多参）','DEFAULT','ryTask.ryMultipleParams(\'ry\', true, 2000L, 316.50D, 100)','0/20 * * * * ?','3','1','1','admin','2024-06-29 09:54:41','',NULL,'');
/*!40000 ALTER TABLE `sys_job` ENABLE KEYS */;
UNLOCK TABLES;

--
-- Table structure for table `sys_job_log`
--

DROP TABLE IF EXISTS `sys_job_log`;
/*!40101 SET @saved_cs_client     = @@character_set_client */;
/*!50503 SET character_set_client = utf8mb4 */;
CREATE TABLE `sys_job_log` (
  `job_log_id` bigint NOT NULL AUTO_INCREMENT COMMENT '任务日志ID',
  `job_name` varchar(64) NOT NULL COMMENT '任务名称',
  `job_group` varchar(64) NOT NULL COMMENT '任务组名',
  `invoke_target` varchar(500) NOT NULL COMMENT '调用目标字符串',
  `job_message` varchar(500) DEFAULT NULL COMMENT '日志信息',
  `status` char(1) DEFAULT '0' COMMENT '执行状态（0正常 1失败）',
  `exception_info` varchar(2000) DEFAULT '' COMMENT '异常信息',
  `create_time` datetime DEFAULT NULL COMMENT '创建时间',
  PRIMARY KEY (`job_log_id`)
) ENGINE=InnoDB DEFAULT CHARSET=utf8mb4 COLLATE=utf8mb4_0900_ai_ci COMMENT='定时任务调度日志表';
/*!40101 SET character_set_client = @saved_cs_client */;

--
-- Dumping data for table `sys_job_log`
--

LOCK TABLES `sys_job_log` WRITE;
/*!40000 ALTER TABLE `sys_job_log` DISABLE KEYS */;
/*!40000 ALTER TABLE `sys_job_log` ENABLE KEYS */;
UNLOCK TABLES;

--
-- Table structure for table `sys_logininfor`
--

DROP TABLE IF EXISTS `sys_logininfor`;
/*!40101 SET @saved_cs_client     = @@character_set_client */;
/*!50503 SET character_set_client = utf8mb4 */;
CREATE TABLE `sys_logininfor` (
  `info_id` bigint NOT NULL AUTO_INCREMENT COMMENT '访问ID',
  `user_name` varchar(50) DEFAULT '' COMMENT '用户账号',
  `ipaddr` varchar(128) DEFAULT '' COMMENT '登录IP地址',
  `login_location` varchar(255) DEFAULT '' COMMENT '登录地点',
  `browser` varchar(50) DEFAULT '' COMMENT '浏览器类型',
  `os` varchar(50) DEFAULT '' COMMENT '操作系统',
  `status` char(1) DEFAULT '0' COMMENT '登录状态（0成功 1失败）',
  `msg` varchar(255) DEFAULT '' COMMENT '提示消息',
  `login_time` datetime DEFAULT NULL COMMENT '访问时间',
  PRIMARY KEY (`info_id`),
  KEY `idx_sys_logininfor_s` (`status`),
  KEY `idx_sys_logininfor_lt` (`login_time`)
) ENGINE=InnoDB AUTO_INCREMENT=132 DEFAULT CHARSET=utf8mb4 COLLATE=utf8mb4_0900_ai_ci COMMENT='系统访问记录';
/*!40101 SET character_set_client = @saved_cs_client */;

--
-- Dumping data for table `sys_logininfor`
--

LOCK TABLES `sys_logininfor` WRITE;
/*!40000 ALTER TABLE `sys_logininfor` DISABLE KEYS */;
INSERT INTO `sys_logininfor` VALUES (100,'admin','127.0.0.1','内网IP','Chrome 12','Windows 10','0','登录成功','2024-06-29 10:01:01'),(101,'admin','127.0.0.1','内网IP','Chrome 12','Windows 10','1','验证码已失效','2024-06-29 11:35:10'),(102,'admin','127.0.0.1','内网IP','Chrome 12','Windows 10','0','登录成功','2024-06-29 11:35:15'),(103,'admin','127.0.0.1','内网IP','Chrome 12','Windows 10','0','登录成功','2024-06-29 14:00:00'),(104,'admin','127.0.0.1','内网IP','Chrome 12','Windows 10','0','登录成功','2024-07-01 08:45:44'),(105,'admin','127.0.0.1','内网IP','Chrome 12','Windows 10','1','验证码错误','2024-07-01 09:42:10'),(106,'admin','127.0.0.1','内网IP','Chrome 12','Windows 10','0','登录成功','2024-07-01 09:42:14'),(107,'admin','127.0.0.1','内网IP','Chrome 12','Windows 10','0','登录成功','2024-07-01 09:49:29'),(108,'admin','127.0.0.1','内网IP','Chrome 12','Windows 10','0','登录成功','2024-07-01 10:19:37'),(109,'admin','127.0.0.1','内网IP','Chrome 12','Windows 10','1','验证码错误','2024-07-01 14:20:06'),(110,'admin','127.0.0.1','内网IP','Chrome 12','Windows 10','0','登录成功','2024-07-01 14:20:09'),(111,'admin','127.0.0.1','内网IP','Chrome 12','Windows 10','0','登录成功','2024-07-02 09:52:20'),(112,'admin','127.0.0.1','内网IP','Chrome 12','Windows 10','0','登录成功','2024-07-02 11:18:39'),(113,'admin','127.0.0.1','内网IP','Chrome 12','Windows 10','0','登录成功','2024-07-02 14:02:48'),(114,'admin','127.0.0.1','内网IP','Chrome 12','Windows 10','0','登录成功','2024-07-02 16:12:56'),(115,'admin','127.0.0.1','内网IP','Chrome 12','Windows 10','0','登录成功','2024-07-02 22:19:11'),(116,'admin','127.0.0.1','内网IP','Chrome 12','Windows 10','0','登录成功','2024-07-02 23:58:05'),(117,'admin','127.0.0.1','内网IP','Chrome 12','Windows 10','0','登录成功','2024-07-03 00:48:32'),(118,'admin','127.0.0.1','内网IP','Chrome 12','Windows 10','0','登录成功','2024-07-03 08:46:23'),(119,'admin','127.0.0.1','内网IP','Chrome 12','Windows 10','0','登录成功','2024-07-03 09:31:39'),(120,'admin','127.0.0.1','内网IP','Chrome 12','Windows 10','0','登录成功','2024-07-03 10:49:38'),(121,'admin','127.0.0.1','内网IP','Chrome 12','Windows 10','0','登录成功','2024-07-03 14:04:36'),(122,'admin','127.0.0.1','内网IP','Chrome 12','Windows 10','0','登录成功','2024-07-03 14:34:50'),(123,'admin','127.0.0.1','内网IP','Chrome 12','Windows 10','0','登录成功','2024-07-03 18:16:47'),(124,'admin','127.0.0.1','内网IP','Chrome 12','Windows 10','0','登录成功','2024-07-03 23:46:22'),(125,'admin','127.0.0.1','内网IP','Chrome 12','Windows 10','0','登录成功','2024-07-04 08:18:01'),(126,'admin','127.0.0.1','内网IP','Chrome 12','Windows 10','0','登录成功','2024-07-04 08:34:01'),(127,'admin','127.0.0.1','内网IP','Chrome 12','Windows 10','0','登录成功','2024-07-04 09:04:50'),(128,'admin','127.0.0.1','内网IP','Chrome 12','Windows 10','0','登录成功','2024-07-04 14:04:14'),(129,'admin','127.0.0.1','内网IP','Chrome 12','Windows 10','1','验证码错误','2024-07-04 17:50:06'),(130,'admin','127.0.0.1','内网IP','Chrome 12','Windows 10','0','登录成功','2024-07-04 17:50:16'),(131,'admin','127.0.0.1','内网IP','Chrome 12','Windows 10','0','登录成功','2024-07-05 08:40:19');
/*!40000 ALTER TABLE `sys_logininfor` ENABLE KEYS */;
UNLOCK TABLES;

--
-- Table structure for table `sys_menu`
--

DROP TABLE IF EXISTS `sys_menu`;
/*!40101 SET @saved_cs_client     = @@character_set_client */;
/*!50503 SET character_set_client = utf8mb4 */;
CREATE TABLE `sys_menu` (
  `menu_id` bigint NOT NULL AUTO_INCREMENT COMMENT '菜单ID',
  `menu_name` varchar(50) NOT NULL COMMENT '菜单名称',
  `parent_id` bigint DEFAULT '0' COMMENT '父菜单ID',
  `order_num` int DEFAULT '0' COMMENT '显示顺序',
  `path` varchar(200) DEFAULT '' COMMENT '路由地址',
  `component` varchar(255) DEFAULT NULL COMMENT '组件路径',
  `query` varchar(255) DEFAULT NULL COMMENT '路由参数',
  `is_frame` int DEFAULT '1' COMMENT '是否为外链（0是 1否）',
  `is_cache` int DEFAULT '0' COMMENT '是否缓存（0缓存 1不缓存）',
  `menu_type` char(1) DEFAULT '' COMMENT '菜单类型（M目录 C菜单 F按钮）',
  `visible` char(1) DEFAULT '0' COMMENT '菜单状态（0显示 1隐藏）',
  `status` char(1) DEFAULT '0' COMMENT '菜单状态（0正常 1停用）',
  `perms` varchar(100) DEFAULT NULL COMMENT '权限标识',
  `icon` varchar(100) DEFAULT '#' COMMENT '菜单图标',
  `create_by` varchar(64) DEFAULT '' COMMENT '创建者',
  `create_time` datetime DEFAULT NULL COMMENT '创建时间',
  `update_by` varchar(64) DEFAULT '' COMMENT '更新者',
  `update_time` datetime DEFAULT NULL COMMENT '更新时间',
  `remark` varchar(500) DEFAULT '' COMMENT '备注',
  PRIMARY KEY (`menu_id`)
) ENGINE=InnoDB AUTO_INCREMENT=2045 DEFAULT CHARSET=utf8mb4 COLLATE=utf8mb4_0900_ai_ci COMMENT='菜单权限表';
/*!40101 SET character_set_client = @saved_cs_client */;

--
-- Dumping data for table `sys_menu`
--

LOCK TABLES `sys_menu` WRITE;
/*!40000 ALTER TABLE `sys_menu` DISABLE KEYS */;
INSERT INTO `sys_menu` VALUES (1,'系统管理',0,1,'system',NULL,'',1,0,'M','0','0','','system','admin','2024-06-29 09:54:41','',NULL,'系统管理目录'),(2,'系统监控',0,2,'monitor',NULL,'',1,0,'M','0','0','','monitor','admin','2024-06-29 09:54:41','',NULL,'系统监控目录'),(3,'系统工具',0,3,'tool',NULL,'',1,0,'M','0','0','','tool','admin','2024-06-29 09:54:41','',NULL,'系统工具目录'),(4,'若依官网',0,4,'http://ruoyi.vip',NULL,'',0,0,'M','0','0','','guide','admin','2024-06-29 09:54:41','',NULL,'若依官网地址'),(100,'用户管理',1,1,'user','system/user/index','',1,0,'C','0','0','system:user:list','user','admin','2024-06-29 09:54:41','',NULL,'用户管理菜单'),(101,'角色管理',1,2,'role','system/role/index','',1,0,'C','0','0','system:role:list','peoples','admin','2024-06-29 09:54:41','',NULL,'角色管理菜单'),(102,'菜单管理',1,3,'menu','system/menu/index','',1,0,'C','0','0','system:menu:list','tree-table','admin','2024-06-29 09:54:41','',NULL,'菜单管理菜单'),(103,'部门管理',1,4,'dept','system/dept/index','',1,0,'C','0','0','system:dept:list','tree','admin','2024-06-29 09:54:41','',NULL,'部门管理菜单'),(104,'岗位管理',1,5,'post','system/post/index','',1,0,'C','0','0','system:post:list','post','admin','2024-06-29 09:54:41','',NULL,'岗位管理菜单'),(105,'字典管理',1,6,'dict','system/dict/index','',1,0,'C','0','0','system:dict:list','dict','admin','2024-06-29 09:54:41','',NULL,'字典管理菜单'),(106,'参数设置',1,7,'config','system/config/index','',1,0,'C','0','0','system:config:list','edit','admin','2024-06-29 09:54:41','',NULL,'参数设置菜单'),(107,'通知公告',1,8,'notice','system/notice/index','',1,0,'C','0','0','system:notice:list','message','admin','2024-06-29 09:54:41','',NULL,'通知公告菜单'),(108,'日志管理',1,9,'log','','',1,0,'M','0','0','','log','admin','2024-06-29 09:54:41','',NULL,'日志管理菜单'),(109,'在线用户',2,1,'online','monitor/online/index','',1,0,'C','0','0','monitor:online:list','online','admin','2024-06-29 09:54:41','',NULL,'在线用户菜单'),(110,'定时任务',2,2,'job','monitor/job/index','',1,0,'C','0','0','monitor:job:list','job','admin','2024-06-29 09:54:41','',NULL,'定时任务菜单'),(111,'数据监控',2,3,'druid','monitor/druid/index','',1,0,'C','0','0','monitor:druid:list','druid','admin','2024-06-29 09:54:41','',NULL,'数据监控菜单'),(112,'服务监控',2,4,'server','monitor/server/index','',1,0,'C','0','0','monitor:server:list','server','admin','2024-06-29 09:54:41','',NULL,'服务监控菜单'),(113,'缓存监控',2,5,'cache','monitor/cache/index','',1,0,'C','0','0','monitor:cache:list','redis','admin','2024-06-29 09:54:41','',NULL,'缓存监控菜单'),(114,'缓存列表',2,6,'cacheList','monitor/cache/list','',1,0,'C','0','0','monitor:cache:list','redis-list','admin','2024-06-29 09:54:41','',NULL,'缓存列表菜单'),(115,'表单构建',3,1,'build','tool/build/index','',1,0,'C','0','0','tool:build:list','build','admin','2024-06-29 09:54:41','',NULL,'表单构建菜单'),(116,'代码生成',3,2,'gen','tool/gen/index','',1,0,'C','0','0','tool:gen:list','code','admin','2024-06-29 09:54:41','',NULL,'代码生成菜单'),(117,'系统接口',3,3,'swagger','tool/swagger/index','',1,0,'C','0','0','tool:swagger:list','swagger','admin','2024-06-29 09:54:41','',NULL,'系统接口菜单'),(500,'操作日志',108,1,'operlog','monitor/operlog/index','',1,0,'C','0','0','monitor:operlog:list','form','admin','2024-06-29 09:54:41','',NULL,'操作日志菜单'),(501,'登录日志',108,2,'logininfor','monitor/logininfor/index','',1,0,'C','0','0','monitor:logininfor:list','logininfor','admin','2024-06-29 09:54:41','',NULL,'登录日志菜单'),(1000,'用户查询',100,1,'','','',1,0,'F','0','0','system:user:query','#','admin','2024-06-29 09:54:41','',NULL,''),(1001,'用户新增',100,2,'','','',1,0,'F','0','0','system:user:add','#','admin','2024-06-29 09:54:41','',NULL,''),(1002,'用户修改',100,3,'','','',1,0,'F','0','0','system:user:edit','#','admin','2024-06-29 09:54:41','',NULL,''),(1003,'用户删除',100,4,'','','',1,0,'F','0','0','system:user:remove','#','admin','2024-06-29 09:54:41','',NULL,''),(1004,'用户导出',100,5,'','','',1,0,'F','0','0','system:user:export','#','admin','2024-06-29 09:54:41','',NULL,''),(1005,'用户导入',100,6,'','','',1,0,'F','0','0','system:user:import','#','admin','2024-06-29 09:54:41','',NULL,''),(1006,'重置密码',100,7,'','','',1,0,'F','0','0','system:user:resetPwd','#','admin','2024-06-29 09:54:41','',NULL,''),(1007,'角色查询',101,1,'','','',1,0,'F','0','0','system:role:query','#','admin','2024-06-29 09:54:41','',NULL,''),(1008,'角色新增',101,2,'','','',1,0,'F','0','0','system:role:add','#','admin','2024-06-29 09:54:41','',NULL,''),(1009,'角色修改',101,3,'','','',1,0,'F','0','0','system:role:edit','#','admin','2024-06-29 09:54:41','',NULL,''),(1010,'角色删除',101,4,'','','',1,0,'F','0','0','system:role:remove','#','admin','2024-06-29 09:54:41','',NULL,''),(1011,'角色导出',101,5,'','','',1,0,'F','0','0','system:role:export','#','admin','2024-06-29 09:54:41','',NULL,''),(1012,'菜单查询',102,1,'','','',1,0,'F','0','0','system:menu:query','#','admin','2024-06-29 09:54:41','',NULL,''),(1013,'菜单新增',102,2,'','','',1,0,'F','0','0','system:menu:add','#','admin','2024-06-29 09:54:41','',NULL,''),(1014,'菜单修改',102,3,'','','',1,0,'F','0','0','system:menu:edit','#','admin','2024-06-29 09:54:41','',NULL,''),(1015,'菜单删除',102,4,'','','',1,0,'F','0','0','system:menu:remove','#','admin','2024-06-29 09:54:41','',NULL,''),(1016,'部门查询',103,1,'','','',1,0,'F','0','0','system:dept:query','#','admin','2024-06-29 09:54:41','',NULL,''),(1017,'部门新增',103,2,'','','',1,0,'F','0','0','system:dept:add','#','admin','2024-06-29 09:54:41','',NULL,''),(1018,'部门修改',103,3,'','','',1,0,'F','0','0','system:dept:edit','#','admin','2024-06-29 09:54:41','',NULL,''),(1019,'部门删除',103,4,'','','',1,0,'F','0','0','system:dept:remove','#','admin','2024-06-29 09:54:41','',NULL,''),(1020,'岗位查询',104,1,'','','',1,0,'F','0','0','system:post:query','#','admin','2024-06-29 09:54:41','',NULL,''),(1021,'岗位新增',104,2,'','','',1,0,'F','0','0','system:post:add','#','admin','2024-06-29 09:54:41','',NULL,''),(1022,'岗位修改',104,3,'','','',1,0,'F','0','0','system:post:edit','#','admin','2024-06-29 09:54:41','',NULL,''),(1023,'岗位删除',104,4,'','','',1,0,'F','0','0','system:post:remove','#','admin','2024-06-29 09:54:41','',NULL,''),(1024,'岗位导出',104,5,'','','',1,0,'F','0','0','system:post:export','#','admin','2024-06-29 09:54:41','',NULL,''),(1025,'字典查询',105,1,'#','','',1,0,'F','0','0','system:dict:query','#','admin','2024-06-29 09:54:41','',NULL,''),(1026,'字典新增',105,2,'#','','',1,0,'F','0','0','system:dict:add','#','admin','2024-06-29 09:54:41','',NULL,''),(1027,'字典修改',105,3,'#','','',1,0,'F','0','0','system:dict:edit','#','admin','2024-06-29 09:54:41','',NULL,''),(1028,'字典删除',105,4,'#','','',1,0,'F','0','0','system:dict:remove','#','admin','2024-06-29 09:54:41','',NULL,''),(1029,'字典导出',105,5,'#','','',1,0,'F','0','0','system:dict:export','#','admin','2024-06-29 09:54:41','',NULL,''),(1030,'参数查询',106,1,'#','','',1,0,'F','0','0','system:config:query','#','admin','2024-06-29 09:54:41','',NULL,''),(1031,'参数新增',106,2,'#','','',1,0,'F','0','0','system:config:add','#','admin','2024-06-29 09:54:41','',NULL,''),(1032,'参数修改',106,3,'#','','',1,0,'F','0','0','system:config:edit','#','admin','2024-06-29 09:54:41','',NULL,''),(1033,'参数删除',106,4,'#','','',1,0,'F','0','0','system:config:remove','#','admin','2024-06-29 09:54:41','',NULL,''),(1034,'参数导出',106,5,'#','','',1,0,'F','0','0','system:config:export','#','admin','2024-06-29 09:54:41','',NULL,''),(1035,'公告查询',107,1,'#','','',1,0,'F','0','0','system:notice:query','#','admin','2024-06-29 09:54:41','',NULL,''),(1036,'公告新增',107,2,'#','','',1,0,'F','0','0','system:notice:add','#','admin','2024-06-29 09:54:41','',NULL,''),(1037,'公告修改',107,3,'#','','',1,0,'F','0','0','system:notice:edit','#','admin','2024-06-29 09:54:41','',NULL,''),(1038,'公告删除',107,4,'#','','',1,0,'F','0','0','system:notice:remove','#','admin','2024-06-29 09:54:41','',NULL,''),(1039,'操作查询',500,1,'#','','',1,0,'F','0','0','monitor:operlog:query','#','admin','2024-06-29 09:54:41','',NULL,''),(1040,'操作删除',500,2,'#','','',1,0,'F','0','0','monitor:operlog:remove','#','admin','2024-06-29 09:54:41','',NULL,''),(1041,'日志导出',500,3,'#','','',1,0,'F','0','0','monitor:operlog:export','#','admin','2024-06-29 09:54:41','',NULL,''),(1042,'登录查询',501,1,'#','','',1,0,'F','0','0','monitor:logininfor:query','#','admin','2024-06-29 09:54:41','',NULL,''),(1043,'登录删除',501,2,'#','','',1,0,'F','0','0','monitor:logininfor:remove','#','admin','2024-06-29 09:54:41','',NULL,''),(1044,'日志导出',501,3,'#','','',1,0,'F','0','0','monitor:logininfor:export','#','admin','2024-06-29 09:54:41','',NULL,''),(1045,'账户解锁',501,4,'#','','',1,0,'F','0','0','monitor:logininfor:unlock','#','admin','2024-06-29 09:54:41','',NULL,''),(1046,'在线查询',109,1,'#','','',1,0,'F','0','0','monitor:online:query','#','admin','2024-06-29 09:54:41','',NULL,''),(1047,'批量强退',109,2,'#','','',1,0,'F','0','0','monitor:online:batchLogout','#','admin','2024-06-29 09:54:41','',NULL,''),(1048,'单条强退',109,3,'#','','',1,0,'F','0','0','monitor:online:forceLogout','#','admin','2024-06-29 09:54:41','',NULL,''),(1049,'任务查询',110,1,'#','','',1,0,'F','0','0','monitor:job:query','#','admin','2024-06-29 09:54:41','',NULL,''),(1050,'任务新增',110,2,'#','','',1,0,'F','0','0','monitor:job:add','#','admin','2024-06-29 09:54:41','',NULL,''),(1051,'任务修改',110,3,'#','','',1,0,'F','0','0','monitor:job:edit','#','admin','2024-06-29 09:54:41','',NULL,''),(1052,'任务删除',110,4,'#','','',1,0,'F','0','0','monitor:job:remove','#','admin','2024-06-29 09:54:41','',NULL,''),(1053,'状态修改',110,5,'#','','',1,0,'F','0','0','monitor:job:changeStatus','#','admin','2024-06-29 09:54:41','',NULL,''),(1054,'任务导出',110,6,'#','','',1,0,'F','0','0','monitor:job:export','#','admin','2024-06-29 09:54:41','',NULL,''),(1055,'生成查询',116,1,'#','','',1,0,'F','0','0','tool:gen:query','#','admin','2024-06-29 09:54:41','',NULL,''),(1056,'生成修改',116,2,'#','','',1,0,'F','0','0','tool:gen:edit','#','admin','2024-06-29 09:54:41','',NULL,''),(1057,'生成删除',116,3,'#','','',1,0,'F','0','0','tool:gen:remove','#','admin','2024-06-29 09:54:41','',NULL,''),(1058,'导入代码',116,4,'#','','',1,0,'F','0','0','tool:gen:import','#','admin','2024-06-29 09:54:41','',NULL,''),(1059,'预览代码',116,5,'#','','',1,0,'F','0','0','tool:gen:preview','#','admin','2024-06-29 09:54:41','',NULL,''),(1060,'生成代码',116,6,'#','','',1,0,'F','0','0','tool:gen:code','#','admin','2024-06-29 09:54:41','',NULL,''),(2000,'生产制造',0,10,'mes',NULL,NULL,1,0,'M','0','0','','bug','admin','2024-06-29 14:17:22','admin','2024-06-29 14:51:49',''),(2001,'产品建模',2000,20,'mes','mes/project/index',NULL,1,0,'C','0','0','mes:project:list','education','admin','2024-06-29 14:18:58','admin','2024-06-29 14:53:00',''),(2008,'产品建模',2000,1,'product','mes/product/index',NULL,1,0,'C','0','0','mes:product:list','#','admin','2024-07-01 09:45:09','',NULL,'产品建模菜单'),(2009,'产品建模查询',2008,1,'#','',NULL,1,0,'F','0','0','mes:product:query','#','admin','2024-07-01 09:45:09','',NULL,''),(2010,'产品建模新增',2008,2,'#','',NULL,1,0,'F','0','0','mes:product:add','#','admin','2024-07-01 09:45:09','',NULL,''),(2011,'产品建模修改',2008,3,'#','',NULL,1,0,'F','0','0','mes:product:edit','#','admin','2024-07-01 09:45:09','',NULL,''),(2012,'产品建模删除',2008,4,'#','',NULL,1,0,'F','0','0','mes:product:remove','#','admin','2024-07-01 09:45:09','',NULL,''),(2013,'产品建模导出',2008,5,'#','',NULL,1,0,'F','0','0','mes:product:export','#','admin','2024-07-01 09:45:09','',NULL,''),(2014,'学生就业信息',0,22,'employment',NULL,NULL,1,0,'M','0','0',NULL,'education','admin','2024-07-02 11:24:37','',NULL,''),(2015,'高校院系专业学生信息',2014,1,'departments_students','employment/departments_students/index',NULL,1,0,'C','0','0','employment:departments_students:list','#','admin','2024-07-02 11:30:54','',NULL,'高校院系专业学生信息菜单'),(2016,'高校院系专业学生信息查询',2015,1,'#','',NULL,1,0,'F','0','0','employment:departments_students:query','#','admin','2024-07-02 11:30:54','',NULL,''),(2017,'高校院系专业学生信息新增',2015,2,'#','',NULL,1,0,'F','0','0','employment:departments_students:add','#','admin','2024-07-02 11:30:54','',NULL,''),(2018,'高校院系专业学生信息修改',2015,3,'#','',NULL,1,0,'F','0','0','employment:departments_students:edit','#','admin','2024-07-02 11:30:54','',NULL,''),(2019,'高校院系专业学生信息删除',2015,4,'#','',NULL,1,0,'F','0','0','employment:departments_students:remove','#','admin','2024-07-02 11:30:54','',NULL,''),(2020,'高校院系专业学生信息导出',2015,5,'#','',NULL,1,0,'F','0','0','employment:departments_students:export','#','admin','2024-07-02 11:30:54','',NULL,''),(2033,'学生就业信息',2014,1,'employment_info','employment/employment_info/index',NULL,1,0,'C','0','0','employment:employment_info:list','#','admin','2024-07-02 15:41:36','',NULL,'学生就业信息菜单'),(2034,'学生就业信息查询',2033,1,'#','',NULL,1,0,'F','0','0','employment:employment_info:query','#','admin','2024-07-02 15:41:36','',NULL,''),(2035,'学生就业信息新增',2033,2,'#','',NULL,1,0,'F','0','0','employment:employment_info:add','#','admin','2024-07-02 15:41:36','',NULL,''),(2036,'学生就业信息修改',2033,3,'#','',NULL,1,0,'F','0','0','employment:employment_info:edit','#','admin','2024-07-02 15:41:36','',NULL,''),(2037,'学生就业信息删除',2033,4,'#','',NULL,1,0,'F','0','0','employment:employment_info:remove','#','admin','2024-07-02 15:41:36','',NULL,''),(2038,'学生就业信息导出',2033,5,'#','',NULL,1,0,'F','0','0','employment:employment_info:export','#','admin','2024-07-02 15:41:36','',NULL,''),(2039,'就业分析',2014,1,'employment_analysis','employment/employment_analysis/index',NULL,1,0,'C','0','0','employment:employment_analysis:list','#','admin','2024-07-02 17:07:49','',NULL,'就业分析菜单'),(2040,'就业分析查询',2039,1,'#','',NULL,1,0,'F','0','0','employment:employment_analysis:query','#','admin','2024-07-02 17:07:49','',NULL,''),(2041,'就业分析新增',2039,2,'#','',NULL,1,0,'F','0','0','employment:employment_analysis:add','#','admin','2024-07-02 17:07:49','',NULL,''),(2042,'就业分析修改',2039,3,'#','',NULL,1,0,'F','0','0','employment:employment_analysis:edit','#','admin','2024-07-02 17:07:49','',NULL,''),(2043,'就业分析删除',2039,4,'#','',NULL,1,0,'F','0','0','employment:employment_analysis:remove','#','admin','2024-07-02 17:07:49','',NULL,''),(2044,'就业分析导出',2039,5,'#','',NULL,1,0,'F','0','0','employment:employment_analysis:export','#','admin','2024-07-02 17:07:49','',NULL,'');
/*!40000 ALTER TABLE `sys_menu` ENABLE KEYS */;
UNLOCK TABLES;

--
-- Table structure for table `sys_notice`
--

DROP TABLE IF EXISTS `sys_notice`;
/*!40101 SET @saved_cs_client     = @@character_set_client */;
/*!50503 SET character_set_client = utf8mb4 */;
CREATE TABLE `sys_notice` (
  `notice_id` int NOT NULL AUTO_INCREMENT COMMENT '公告ID',
  `notice_title` varchar(50) NOT NULL COMMENT '公告标题',
  `notice_type` char(1) NOT NULL COMMENT '公告类型（1通知 2公告）',
  `notice_content` longblob COMMENT '公告内容',
  `status` char(1) DEFAULT '0' COMMENT '公告状态（0正常 1关闭）',
  `create_by` varchar(64) DEFAULT '' COMMENT '创建者',
  `create_time` datetime DEFAULT NULL COMMENT '创建时间',
  `update_by` varchar(64) DEFAULT '' COMMENT '更新者',
  `update_time` datetime DEFAULT NULL COMMENT '更新时间',
  `remark` varchar(255) DEFAULT NULL COMMENT '备注',
  PRIMARY KEY (`notice_id`)
) ENGINE=InnoDB AUTO_INCREMENT=10 DEFAULT CHARSET=utf8mb4 COLLATE=utf8mb4_0900_ai_ci COMMENT='通知公告表';
/*!40101 SET character_set_client = @saved_cs_client */;

--
-- Dumping data for table `sys_notice`
--

LOCK TABLES `sys_notice` WRITE;
/*!40000 ALTER TABLE `sys_notice` DISABLE KEYS */;
INSERT INTO `sys_notice` VALUES (1,'温馨提醒：2018-07-01 若依新版本发布啦','2',_binary '新版本内容','0','admin','2024-06-29 09:54:41','',NULL,'管理员'),(2,'维护通知：2018-07-01 若依系统凌晨维护','1',_binary '维护内容','0','admin','2024-06-29 09:54:41','',NULL,'管理员');
/*!40000 ALTER TABLE `sys_notice` ENABLE KEYS */;
UNLOCK TABLES;

--
-- Table structure for table `sys_oper_log`
--

DROP TABLE IF EXISTS `sys_oper_log`;
/*!40101 SET @saved_cs_client     = @@character_set_client */;
/*!50503 SET character_set_client = utf8mb4 */;
CREATE TABLE `sys_oper_log` (
  `oper_id` bigint NOT NULL AUTO_INCREMENT COMMENT '日志主键',
  `title` varchar(50) DEFAULT '' COMMENT '模块标题',
  `business_type` int DEFAULT '0' COMMENT '业务类型（0其它 1新增 2修改 3删除）',
  `method` varchar(200) DEFAULT '' COMMENT '方法名称',
  `request_method` varchar(10) DEFAULT '' COMMENT '请求方式',
  `operator_type` int DEFAULT '0' COMMENT '操作类别（0其它 1后台用户 2手机端用户）',
  `oper_name` varchar(50) DEFAULT '' COMMENT '操作人员',
  `dept_name` varchar(50) DEFAULT '' COMMENT '部门名称',
  `oper_url` varchar(255) DEFAULT '' COMMENT '请求URL',
  `oper_ip` varchar(128) DEFAULT '' COMMENT '主机地址',
  `oper_location` varchar(255) DEFAULT '' COMMENT '操作地点',
  `oper_param` varchar(2000) DEFAULT '' COMMENT '请求参数',
  `json_result` varchar(2000) DEFAULT '' COMMENT '返回参数',
  `status` int DEFAULT '0' COMMENT '操作状态（0正常 1异常）',
  `error_msg` varchar(2000) DEFAULT '' COMMENT '错误消息',
  `oper_time` datetime DEFAULT NULL COMMENT '操作时间',
  `cost_time` bigint DEFAULT '0' COMMENT '消耗时间',
  PRIMARY KEY (`oper_id`),
  KEY `idx_sys_oper_log_bt` (`business_type`),
  KEY `idx_sys_oper_log_s` (`status`),
  KEY `idx_sys_oper_log_ot` (`oper_time`)
) ENGINE=InnoDB AUTO_INCREMENT=269 DEFAULT CHARSET=utf8mb4 COLLATE=utf8mb4_0900_ai_ci COMMENT='操作日志记录';
/*!40101 SET character_set_client = @saved_cs_client */;

--
-- Dumping data for table `sys_oper_log`
--

LOCK TABLES `sys_oper_log` WRITE;
/*!40000 ALTER TABLE `sys_oper_log` DISABLE KEYS */;
INSERT INTO `sys_oper_log` VALUES (100,'菜单管理',1,'com.ruoyi.web.controller.system.SysMenuController.add()','POST',1,'admin','研发部门','/system/menu','127.0.0.1','内网IP','{\"children\":[],\"createBy\":\"admin\",\"icon\":\"bug\",\"isCache\":\"0\",\"isFrame\":\"1\",\"menuName\":\"生产制造\",\"menuType\":\"M\",\"orderNum\":10,\"params\":{},\"parentId\":0,\"path\":\"/mes\",\"status\":\"0\",\"visible\":\"0\"}','{\"msg\":\"操作成功\",\"code\":200}',0,NULL,'2024-06-29 14:17:22',76),(101,'菜单管理',1,'com.ruoyi.web.controller.system.SysMenuController.add()','POST',1,'admin','研发部门','/system/menu','127.0.0.1','内网IP','{\"children\":[],\"component\":\"/mes/project\",\"createBy\":\"admin\",\"icon\":\"education\",\"isCache\":\"0\",\"isFrame\":\"1\",\"menuName\":\"产品建模\",\"menuType\":\"C\",\"orderNum\":20,\"params\":{},\"parentId\":2000,\"path\":\"/mes/project\",\"perms\":\"mes:project.list\",\"status\":\"0\",\"visible\":\"0\"}','{\"msg\":\"操作成功\",\"code\":200}',0,NULL,'2024-06-29 14:18:58',6),(102,'菜单管理',2,'com.ruoyi.web.controller.system.SysMenuController.edit()','PUT',1,'admin','研发部门','/system/menu','127.0.0.1','内网IP','{\"children\":[],\"component\":\"/mes/project/index\",\"createTime\":\"2024-06-29 14:18:58\",\"icon\":\"education\",\"isCache\":\"0\",\"isFrame\":\"1\",\"menuId\":2001,\"menuName\":\"产品建模\",\"menuType\":\"C\",\"orderNum\":20,\"params\":{},\"parentId\":2000,\"path\":\"/mes/project\",\"perms\":\"mes:project.list\",\"status\":\"0\",\"updateBy\":\"admin\",\"visible\":\"0\"}','{\"msg\":\"操作成功\",\"code\":200}',0,NULL,'2024-06-29 14:19:53',9),(103,'菜单管理',2,'com.ruoyi.web.controller.system.SysMenuController.edit()','PUT',1,'admin','研发部门','/system/menu','127.0.0.1','内网IP','{\"children\":[],\"component\":\"/mes/project/index\",\"createTime\":\"2024-06-29 14:18:58\",\"icon\":\"education\",\"isCache\":\"0\",\"isFrame\":\"1\",\"menuId\":2001,\"menuName\":\"产品建模\",\"menuType\":\"C\",\"orderNum\":20,\"params\":{},\"parentId\":2000,\"path\":\"mes\",\"perms\":\"mes:project.list\",\"status\":\"0\",\"updateBy\":\"admin\",\"visible\":\"0\"}','{\"msg\":\"操作成功\",\"code\":200}',0,NULL,'2024-06-29 14:24:04',7),(104,'菜单管理',2,'com.ruoyi.web.controller.system.SysMenuController.edit()','PUT',1,'admin','研发部门','/system/menu','127.0.0.1','内网IP','{\"children\":[],\"createTime\":\"2024-06-29 14:17:22\",\"icon\":\"bug\",\"isCache\":\"0\",\"isFrame\":\"1\",\"menuId\":2000,\"menuName\":\"生产制造\",\"menuType\":\"M\",\"orderNum\":10,\"params\":{},\"parentId\":0,\"path\":\"mes\",\"perms\":\"\",\"status\":\"0\",\"updateBy\":\"admin\",\"visible\":\"0\"}','{\"msg\":\"操作成功\",\"code\":200}',0,NULL,'2024-06-29 14:27:34',7),(105,'菜单管理',2,'com.ruoyi.web.controller.system.SysMenuController.edit()','PUT',1,'admin','研发部门','/system/menu','127.0.0.1','内网IP','{\"children\":[],\"component\":\"/mes/project/index\",\"createTime\":\"2024-06-29 14:18:58\",\"icon\":\"education\",\"isCache\":\"0\",\"isFrame\":\"1\",\"menuId\":2001,\"menuName\":\"产品建模\",\"menuType\":\"C\",\"orderNum\":20,\"params\":{},\"parentId\":2000,\"path\":\"mes\",\"perms\":\"mes:project.list\",\"status\":\"0\",\"updateBy\":\"admin\",\"visible\":\"0\"}','{\"msg\":\"操作成功\",\"code\":200}',0,NULL,'2024-06-29 14:34:48',7),(106,'菜单管理',2,'com.ruoyi.web.controller.system.SysMenuController.edit()','PUT',1,'admin','研发部门','/system/menu','127.0.0.1','内网IP','{\"children\":[],\"createTime\":\"2024-06-29 14:17:22\",\"icon\":\"bug\",\"isCache\":\"0\",\"isFrame\":\"1\",\"menuId\":2000,\"menuName\":\"生产制造\",\"menuType\":\"M\",\"orderNum\":10,\"params\":{},\"parentId\":0,\"path\":\"mes\",\"perms\":\"\",\"status\":\"0\",\"updateBy\":\"admin\",\"visible\":\"0\"}','{\"msg\":\"操作成功\",\"code\":200}',0,NULL,'2024-06-29 14:35:29',5),(107,'菜单管理',2,'com.ruoyi.web.controller.system.SysMenuController.edit()','PUT',1,'admin','研发部门','/system/menu','127.0.0.1','内网IP','{\"children\":[],\"component\":\"/mes/project\",\"createTime\":\"2024-06-29 14:18:58\",\"icon\":\"education\",\"isCache\":\"0\",\"isFrame\":\"1\",\"menuId\":2001,\"menuName\":\"产品建模\",\"menuType\":\"C\",\"orderNum\":20,\"params\":{},\"parentId\":2000,\"path\":\"mes\",\"perms\":\"mes:project.list\",\"status\":\"0\",\"updateBy\":\"admin\",\"visible\":\"0\"}','{\"msg\":\"操作成功\",\"code\":200}',0,NULL,'2024-06-29 14:37:10',7),(108,'菜单管理',2,'com.ruoyi.web.controller.system.SysMenuController.edit()','PUT',1,'admin','研发部门','/system/menu','127.0.0.1','内网IP','{\"children\":[],\"component\":\"/mes/project\",\"createTime\":\"2024-06-29 14:18:58\",\"icon\":\"education\",\"isCache\":\"0\",\"isFrame\":\"1\",\"menuId\":2001,\"menuName\":\"产品建模\",\"menuType\":\"C\",\"orderNum\":20,\"params\":{},\"parentId\":2000,\"path\":\"mes\",\"perms\":\"mes:project:list\",\"status\":\"0\",\"updateBy\":\"admin\",\"visible\":\"0\"}','{\"msg\":\"操作成功\",\"code\":200}',0,NULL,'2024-06-29 14:37:20',6),(109,'菜单管理',2,'com.ruoyi.web.controller.system.SysMenuController.edit()','PUT',1,'admin','研发部门','/system/menu','127.0.0.1','内网IP','{\"children\":[],\"component\":\"/mes/project\",\"createTime\":\"2024-06-29 14:18:58\",\"icon\":\"education\",\"isCache\":\"0\",\"isFrame\":\"1\",\"menuId\":2001,\"menuName\":\"产品建模\",\"menuType\":\"C\",\"orderNum\":20,\"params\":{},\"parentId\":2000,\"path\":\"user\",\"perms\":\"mes:project:list\",\"status\":\"0\",\"updateBy\":\"admin\",\"visible\":\"0\"}','{\"msg\":\"操作成功\",\"code\":200}',0,NULL,'2024-06-29 14:41:24',8),(110,'菜单管理',2,'com.ruoyi.web.controller.system.SysMenuController.edit()','PUT',1,'admin','研发部门','/system/menu','127.0.0.1','内网IP','{\"children\":[],\"component\":\"/mes/project/index\",\"createTime\":\"2024-06-29 14:18:58\",\"icon\":\"education\",\"isCache\":\"0\",\"isFrame\":\"1\",\"menuId\":2001,\"menuName\":\"产品建模\",\"menuType\":\"C\",\"orderNum\":20,\"params\":{},\"parentId\":2000,\"path\":\"mes\",\"perms\":\"mes:project:list\",\"status\":\"0\",\"updateBy\":\"admin\",\"visible\":\"0\"}','{\"msg\":\"操作成功\",\"code\":200}',0,NULL,'2024-06-29 14:41:50',5),(111,'菜单管理',2,'com.ruoyi.web.controller.system.SysMenuController.edit()','PUT',1,'admin','研发部门','/system/menu','127.0.0.1','内网IP','{\"children\":[],\"component\":\"mes/project/index\",\"createTime\":\"2024-06-29 14:18:58\",\"icon\":\"education\",\"isCache\":\"0\",\"isFrame\":\"1\",\"menuId\":2001,\"menuName\":\"产品建模\",\"menuType\":\"C\",\"orderNum\":20,\"params\":{},\"parentId\":2000,\"path\":\"mes\",\"perms\":\"mes:project:list\",\"status\":\"0\",\"updateBy\":\"admin\",\"visible\":\"0\"}','{\"msg\":\"操作成功\",\"code\":200}',0,NULL,'2024-06-29 14:47:02',6),(112,'菜单管理',2,'com.ruoyi.web.controller.system.SysMenuController.edit()','PUT',1,'admin','研发部门','/system/menu','127.0.0.1','内网IP','{\"children\":[],\"component\":\"mes/project/index\",\"createTime\":\"2024-06-29 14:18:58\",\"icon\":\"education\",\"isCache\":\"0\",\"isFrame\":\"1\",\"menuId\":2001,\"menuName\":\"产品建模\",\"menuType\":\"C\",\"orderNum\":20,\"params\":{},\"parentId\":2000,\"path\":\"user\",\"perms\":\"mes:project:list\",\"status\":\"0\",\"updateBy\":\"admin\",\"visible\":\"0\"}','{\"msg\":\"操作成功\",\"code\":200}',0,NULL,'2024-06-29 14:48:59',5),(113,'菜单管理',2,'com.ruoyi.web.controller.system.SysMenuController.edit()','PUT',1,'admin','研发部门','/system/menu','127.0.0.1','内网IP','{\"children\":[],\"createTime\":\"2024-06-29 14:17:22\",\"icon\":\"bug\",\"isCache\":\"0\",\"isFrame\":\"1\",\"menuId\":2000,\"menuName\":\"生产制造\",\"menuType\":\"M\",\"orderNum\":10,\"params\":{},\"parentId\":0,\"path\":\"mes\",\"perms\":\"\",\"status\":\"0\",\"updateBy\":\"admin\",\"visible\":\"0\"}','{\"msg\":\"操作成功\",\"code\":200}',0,NULL,'2024-06-29 14:51:49',7),(114,'菜单管理',2,'com.ruoyi.web.controller.system.SysMenuController.edit()','PUT',1,'admin','研发部门','/system/menu','127.0.0.1','内网IP','{\"children\":[],\"component\":\"project/index\",\"createTime\":\"2024-06-29 14:18:58\",\"icon\":\"education\",\"isCache\":\"0\",\"isFrame\":\"1\",\"menuId\":2001,\"menuName\":\"产品建模\",\"menuType\":\"C\",\"orderNum\":20,\"params\":{},\"parentId\":2000,\"path\":\"mes\",\"perms\":\"mes:project:list\",\"status\":\"0\",\"updateBy\":\"admin\",\"visible\":\"0\"}','{\"msg\":\"操作成功\",\"code\":200}',0,NULL,'2024-06-29 14:52:12',5),(115,'菜单管理',2,'com.ruoyi.web.controller.system.SysMenuController.edit()','PUT',1,'admin','研发部门','/system/menu','127.0.0.1','内网IP','{\"children\":[],\"component\":\"mes/project\",\"createTime\":\"2024-06-29 14:18:58\",\"icon\":\"education\",\"isCache\":\"0\",\"isFrame\":\"1\",\"menuId\":2001,\"menuName\":\"产品建模\",\"menuType\":\"C\",\"orderNum\":20,\"params\":{},\"parentId\":2000,\"path\":\"mes\",\"perms\":\"mes:project:list\",\"status\":\"0\",\"updateBy\":\"admin\",\"visible\":\"0\"}','{\"msg\":\"操作成功\",\"code\":200}',0,NULL,'2024-06-29 14:52:51',7),(116,'菜单管理',2,'com.ruoyi.web.controller.system.SysMenuController.edit()','PUT',1,'admin','研发部门','/system/menu','127.0.0.1','内网IP','{\"children\":[],\"component\":\"mes/project/index\",\"createTime\":\"2024-06-29 14:18:58\",\"icon\":\"education\",\"isCache\":\"0\",\"isFrame\":\"1\",\"menuId\":2001,\"menuName\":\"产品建模\",\"menuType\":\"C\",\"orderNum\":20,\"params\":{},\"parentId\":2000,\"path\":\"mes\",\"perms\":\"mes:project:list\",\"status\":\"0\",\"updateBy\":\"admin\",\"visible\":\"0\"}','{\"msg\":\"操作成功\",\"code\":200}',0,NULL,'2024-06-29 14:53:00',6),(117,'字典类型',1,'com.ruoyi.web.controller.system.SysDictTypeController.add()','POST',1,'admin','研发部门','/system/dict/type','127.0.0.1','内网IP','{\"createBy\":\"admin\",\"dictName\":\"项目状态\",\"dictType\":\"mes_project_status\",\"params\":{},\"status\":\"0\"}','{\"msg\":\"操作成功\",\"code\":200}',0,NULL,'2024-06-29 15:18:23',13),(118,'字典数据',1,'com.ruoyi.web.controller.system.SysDictDataController.add()','POST',1,'admin','研发部门','/system/dict/data','127.0.0.1','内网IP','{\"createBy\":\"admin\",\"default\":false,\"dictLabel\":\"挂起\",\"dictSort\":0,\"dictType\":\"mes_project_status\",\"dictValue\":\"0\",\"listClass\":\"default\",\"params\":{},\"status\":\"0\"}','{\"msg\":\"操作成功\",\"code\":200}',0,NULL,'2024-06-29 15:18:51',7),(119,'字典数据',1,'com.ruoyi.web.controller.system.SysDictDataController.add()','POST',1,'admin','研发部门','/system/dict/data','127.0.0.1','内网IP','{\"createBy\":\"admin\",\"default\":false,\"dictLabel\":\"正常\",\"dictSort\":1,\"dictType\":\"mes_project_status\",\"dictValue\":\"1\",\"listClass\":\"default\",\"params\":{},\"status\":\"0\"}','{\"msg\":\"操作成功\",\"code\":200}',0,NULL,'2024-06-29 15:19:06',6),(120,'代码生成',6,'com.ruoyi.generator.controller.GenController.importTableSave()','POST',1,'admin','研发部门','/tool/gen/importTable','127.0.0.1','内网IP','{\"tables\":\"mes_product\"}','{\"msg\":\"操作成功\",\"code\":200}',0,NULL,'2024-07-01 08:52:26',49),(121,'代码生成',2,'com.ruoyi.generator.controller.GenController.editSave()','PUT',1,'admin','研发部门','/tool/gen','127.0.0.1','内网IP','{\"businessName\":\"product\",\"className\":\"MesProduct\",\"columns\":[{\"capJavaField\":\"Id\",\"columnComment\":\"模型编号\",\"columnId\":1,\"columnName\":\"id\",\"columnType\":\"bigint unsigned\",\"createBy\":\"admin\",\"createTime\":\"2024-07-01 08:52:26\",\"dictType\":\"\",\"edit\":false,\"increment\":true,\"insert\":false,\"isIncrement\":\"1\",\"isInsert\":\"0\",\"isList\":\"1\",\"isPk\":\"1\",\"isRequired\":\"0\",\"javaField\":\"id\",\"javaType\":\"Long\",\"list\":true,\"params\":{},\"pk\":true,\"query\":false,\"queryType\":\"EQ\",\"required\":false,\"sort\":1,\"superColumn\":false,\"tableId\":1,\"updateBy\":\"\",\"usableColumn\":false},{\"capJavaField\":\"ModeName\",\"columnComment\":\"模型名称\",\"columnId\":2,\"columnName\":\"mode_name\",\"columnType\":\"varchar(255)\",\"createBy\":\"admin\",\"createTime\":\"2024-07-01 08:52:26\",\"dictType\":\"\",\"edit\":true,\"htmlType\":\"input\",\"increment\":false,\"insert\":true,\"isEdit\":\"1\",\"isIncrement\":\"0\",\"isInsert\":\"1\",\"isList\":\"1\",\"isPk\":\"0\",\"isQuery\":\"1\",\"isRequired\":\"1\",\"javaField\":\"modeName\",\"javaType\":\"String\",\"list\":true,\"params\":{},\"pk\":false,\"query\":true,\"queryType\":\"LIKE\",\"required\":true,\"sort\":2,\"superColumn\":false,\"tableId\":1,\"updateBy\":\"\",\"usableColumn\":false},{\"capJavaField\":\"MaterialId\",\"columnComment\":\"产品ID\",\"columnId\":3,\"columnName\":\"material_id\",\"columnType\":\"bigint\",\"createBy\":\"admin\",\"createTime\":\"2024-07-01 08:52:26\",\"dictType\":\"\",\"edit\":true,\"htmlType\":\"select\",\"increment\":false,\"insert\":true,\"isEdit\":\"1\",\"isIncrement\":\"0\",\"isInsert\":\"1\",\"isList\":\"1\",\"isPk\":\"0\",\"isQuery\":\"1\",\"isRequired\":\"1\",\"javaField\":\"materialId\",\"javaType\":\"Long\",\"list\":true,\"params\":{},\"pk\":false,\"query\":true,\"queryType\":\"EQ\",\"required\":true,\"sort\":3,\"superColumn\":false,\"tableId\":1,\"updateBy\":\"\",\"usableColumn\":false},{\"capJavaField\":\"Remark\",\"columnComment\":\"备注\",\"columnId\":4,\"columnName\":\"remark\",\"columnType\":\"longtext\",\"createBy\":\"admin\",\"createTime\":\"2024-07-01 08:52:26\",\"dictType\":\"\",\"edit\":true,\"htmlType\":\"textarea\",\"increment\":false,\"insert\":true,\"isEdit\":\"1\",\"isIncrement\":\"0\",\"isInsert\":\"1\",\"isList\":\"1\",\"isPk\":\"0\",\"isRequired\":\"0\",\"javaField\":\"remark\",\"java','{\"msg\":\"操作成功\",\"code\":200}',0,NULL,'2024-07-01 09:07:07',23),(122,'代码生成',8,'com.ruoyi.generator.controller.GenController.batchGenCode()','GET',1,'admin','研发部门','/tool/gen/batchGenCode','127.0.0.1','内网IP','{\"tables\":\"mes_product\"}',NULL,0,NULL,'2024-07-01 09:17:16',23),(123,'产品建模',1,'com.ruoyi.web.controller.mes.MesProductController.add()','POST',1,'admin','研发部门','/mes/product','127.0.0.1','内网IP','{\"modeName\":\"666\",\"params\":{}}',NULL,1,'Invalid bound statement (not found): com.ruoyi.mes.mapper.MesProductMapper.insertMesProduct','2024-07-01 09:40:53',6),(124,'菜单管理',3,'com.ruoyi.web.controller.system.SysMenuController.remove()','DELETE',1,'admin','研发部门','/system/menu/2002','127.0.0.1','内网IP','{}','{\"msg\":\"存在子菜单,不允许删除\",\"code\":601}',0,NULL,'2024-07-01 09:53:03',7),(125,'菜单管理',3,'com.ruoyi.web.controller.system.SysMenuController.remove()','DELETE',1,'admin','研发部门','/system/menu/2002','127.0.0.1','内网IP','{}','{\"msg\":\"存在子菜单,不允许删除\",\"code\":601}',0,NULL,'2024-07-01 09:53:19',3),(126,'菜单管理',3,'com.ruoyi.web.controller.system.SysMenuController.remove()','DELETE',1,'admin','研发部门','/system/menu/2007','127.0.0.1','内网IP','{}','{\"msg\":\"操作成功\",\"code\":200}',0,NULL,'2024-07-01 09:53:32',12),(127,'菜单管理',3,'com.ruoyi.web.controller.system.SysMenuController.remove()','DELETE',1,'admin','研发部门','/system/menu/2006','127.0.0.1','内网IP','{}','{\"msg\":\"操作成功\",\"code\":200}',0,NULL,'2024-07-01 09:53:38',15),(128,'菜单管理',3,'com.ruoyi.web.controller.system.SysMenuController.remove()','DELETE',1,'admin','研发部门','/system/menu/2005','127.0.0.1','内网IP','{}','{\"msg\":\"操作成功\",\"code\":200}',0,NULL,'2024-07-01 09:53:45',6),(129,'菜单管理',3,'com.ruoyi.web.controller.system.SysMenuController.remove()','DELETE',1,'admin','研发部门','/system/menu/2004','127.0.0.1','内网IP','{}','{\"msg\":\"操作成功\",\"code\":200}',0,NULL,'2024-07-01 09:53:50',14),(130,'菜单管理',3,'com.ruoyi.web.controller.system.SysMenuController.remove()','DELETE',1,'admin','研发部门','/system/menu/2003','127.0.0.1','内网IP','{}','{\"msg\":\"操作成功\",\"code\":200}',0,NULL,'2024-07-01 09:53:53',14),(131,'菜单管理',3,'com.ruoyi.web.controller.system.SysMenuController.remove()','DELETE',1,'admin','研发部门','/system/menu/2002','127.0.0.1','内网IP','{}','{\"msg\":\"操作成功\",\"code\":200}',0,NULL,'2024-07-01 09:53:57',14),(132,'代码生成',6,'com.ruoyi.generator.controller.GenController.importTableSave()','POST',1,'admin','研发部门','/tool/gen/importTable','127.0.0.1','内网IP','{\"tables\":\"mes_factory\"}','{\"msg\":\"操作成功\",\"code\":200}',0,NULL,'2024-07-01 14:20:27',40),(133,'代码生成',6,'com.ruoyi.generator.controller.GenController.importTableSave()','POST',1,'admin','研发部门','/tool/gen/importTable','127.0.0.1','内网IP','{\"tables\":\"mes_factory_device_item\"}','{\"msg\":\"操作成功\",\"code\":200}',0,NULL,'2024-07-01 14:21:43',27),(134,'代码生成',2,'com.ruoyi.generator.controller.GenController.editSave()','PUT',1,'admin','研发部门','/tool/gen','127.0.0.1','内网IP','{\"businessName\":\"factory\",\"className\":\"MesFactory\",\"columns\":[{\"capJavaField\":\"Id\",\"columnComment\":\"编号\",\"columnId\":5,\"columnName\":\"id\",\"columnType\":\"bigint unsigned\",\"createBy\":\"admin\",\"createTime\":\"2024-07-01 14:20:27\",\"dictType\":\"\",\"edit\":false,\"increment\":true,\"insert\":false,\"isIncrement\":\"1\",\"isInsert\":\"0\",\"isList\":\"1\",\"isPk\":\"1\",\"isRequired\":\"0\",\"javaField\":\"id\",\"javaType\":\"Long\",\"list\":true,\"params\":{},\"pk\":true,\"query\":false,\"queryType\":\"EQ\",\"required\":false,\"sort\":1,\"superColumn\":false,\"tableId\":2,\"updateBy\":\"\",\"usableColumn\":false},{\"capJavaField\":\"ProductionLine\",\"columnComment\":\"生产线名称\",\"columnId\":6,\"columnName\":\"production_line\",\"columnType\":\"varchar(255)\",\"createBy\":\"admin\",\"createTime\":\"2024-07-01 14:20:27\",\"dictType\":\"\",\"edit\":true,\"htmlType\":\"input\",\"increment\":false,\"insert\":true,\"isEdit\":\"1\",\"isIncrement\":\"0\",\"isInsert\":\"1\",\"isList\":\"1\",\"isPk\":\"0\",\"isQuery\":\"1\",\"isRequired\":\"0\",\"javaField\":\"productionLine\",\"javaType\":\"String\",\"list\":true,\"params\":{},\"pk\":false,\"query\":true,\"queryType\":\"EQ\",\"required\":false,\"sort\":2,\"superColumn\":false,\"tableId\":2,\"updateBy\":\"\",\"usableColumn\":false},{\"capJavaField\":\"FactoryDescribe\",\"columnComment\":\"描述\",\"columnId\":7,\"columnName\":\"factory_describe\",\"columnType\":\"varchar(255)\",\"createBy\":\"admin\",\"createTime\":\"2024-07-01 14:20:27\",\"dictType\":\"\",\"edit\":true,\"htmlType\":\"input\",\"increment\":false,\"insert\":true,\"isEdit\":\"1\",\"isIncrement\":\"0\",\"isInsert\":\"1\",\"isList\":\"1\",\"isPk\":\"0\",\"isQuery\":\"0\",\"isRequired\":\"0\",\"javaField\":\"factoryDescribe\",\"javaType\":\"String\",\"list\":true,\"params\":{},\"pk\":false,\"query\":false,\"queryType\":\"EQ\",\"required\":false,\"sort\":3,\"superColumn\":false,\"tableId\":2,\"updateBy\":\"\",\"usableColumn\":false},{\"capJavaField\":\"MaterialId\",\"columnComment\":\"物料ID\",\"columnId\":8,\"columnName\":\"material_id\",\"columnType\":\"bigint\",\"createBy\":\"admin\",\"createTime\":\"2024-07-01 14:20:27\",\"dictType\":\"\",\"edit\":true,\"htmlType\":\"input\",\"increment\":false,\"insert\":true,\"isEdit\":\"1\",\"isIncrement\":\"0\",\"isInsert\":\"1\",\"isList\":\"1\",\"isPk\":\"0\"','{\"msg\":\"操作成功\",\"code\":200}',0,NULL,'2024-07-01 14:22:50',31),(135,'代码生成',2,'com.ruoyi.generator.controller.GenController.editSave()','PUT',1,'admin','研发部门','/tool/gen','127.0.0.1','内网IP','{\"businessName\":\"item\",\"className\":\"MesFactoryDeviceItem\",\"columns\":[{\"capJavaField\":\"Id\",\"columnComment\":\"序号\",\"columnId\":9,\"columnName\":\"id\",\"columnType\":\"bigint unsigned\",\"createBy\":\"admin\",\"createTime\":\"2024-07-01 14:21:43\",\"dictType\":\"\",\"edit\":false,\"increment\":true,\"insert\":true,\"isIncrement\":\"1\",\"isInsert\":\"1\",\"isPk\":\"1\",\"isRequired\":\"0\",\"javaField\":\"id\",\"javaType\":\"Long\",\"list\":false,\"params\":{},\"pk\":true,\"query\":false,\"queryType\":\"EQ\",\"required\":false,\"sort\":1,\"superColumn\":false,\"tableId\":3,\"updateBy\":\"\",\"usableColumn\":false},{\"capJavaField\":\"FactoryId\",\"columnComment\":\"工厂建模ID\",\"columnId\":10,\"columnName\":\"factory_id\",\"columnType\":\"bigint\",\"createBy\":\"admin\",\"createTime\":\"2024-07-01 14:21:43\",\"dictType\":\"\",\"edit\":true,\"htmlType\":\"input\",\"increment\":false,\"insert\":true,\"isEdit\":\"1\",\"isIncrement\":\"0\",\"isInsert\":\"1\",\"isList\":\"1\",\"isPk\":\"0\",\"isQuery\":\"1\",\"isRequired\":\"0\",\"javaField\":\"factoryId\",\"javaType\":\"Long\",\"list\":true,\"params\":{},\"pk\":false,\"query\":true,\"queryType\":\"EQ\",\"required\":false,\"sort\":2,\"superColumn\":false,\"tableId\":3,\"updateBy\":\"\",\"usableColumn\":false},{\"capJavaField\":\"DeviceId\",\"columnComment\":\"设备ID\",\"columnId\":11,\"columnName\":\"device_id\",\"columnType\":\"bigint\",\"createBy\":\"admin\",\"createTime\":\"2024-07-01 14:21:43\",\"dictType\":\"\",\"edit\":true,\"htmlType\":\"input\",\"increment\":false,\"insert\":true,\"isEdit\":\"1\",\"isIncrement\":\"0\",\"isInsert\":\"1\",\"isList\":\"1\",\"isPk\":\"0\",\"isQuery\":\"1\",\"isRequired\":\"0\",\"javaField\":\"deviceId\",\"javaType\":\"Long\",\"list\":true,\"params\":{},\"pk\":false,\"query\":true,\"queryType\":\"EQ\",\"required\":false,\"sort\":3,\"superColumn\":false,\"tableId\":3,\"updateBy\":\"\",\"usableColumn\":false}],\"crud\":true,\"functionAuthor\":\"ruoyi\",\"functionName\":\"制造执行MES-工厂建模设备信息子\",\"genPath\":\"/\",\"genType\":\"0\",\"moduleName\":\"mes\",\"options\":\"{\\\"parentMenuId\\\":2000}\",\"packageName\":\"com.ruoyi.mes\",\"params\":{\"parentMenuId\":2000},\"parentMenuId\":\"2000\",\"sub\":false,\"tableComment\":\"制造执行MES-工厂建模设备信息子表\",\"tableId\":3,\"tableName\":\"mes_factory_device_item\",\"tplCategory\":\"crud\",\"tplWebTyp','{\"msg\":\"操作成功\",\"code\":200}',0,NULL,'2024-07-01 14:24:10',17),(136,'代码生成',2,'com.ruoyi.generator.controller.GenController.editSave()','PUT',1,'admin','研发部门','/tool/gen','127.0.0.1','内网IP','{\"businessName\":\"factory\",\"className\":\"MesFactoryDeviceItem\",\"columns\":[{\"capJavaField\":\"Id\",\"columnComment\":\"序号\",\"columnId\":9,\"columnName\":\"id\",\"columnType\":\"bigint unsigned\",\"createBy\":\"admin\",\"createTime\":\"2024-07-01 14:21:43\",\"dictType\":\"\",\"edit\":false,\"increment\":true,\"insert\":true,\"isIncrement\":\"1\",\"isInsert\":\"1\",\"isPk\":\"1\",\"isRequired\":\"0\",\"javaField\":\"id\",\"javaType\":\"Long\",\"list\":false,\"params\":{},\"pk\":true,\"query\":false,\"queryType\":\"EQ\",\"required\":false,\"sort\":1,\"superColumn\":false,\"tableId\":3,\"updateBy\":\"\",\"updateTime\":\"2024-07-01 14:24:10\",\"usableColumn\":false},{\"capJavaField\":\"FactoryId\",\"columnComment\":\"工厂建模ID\",\"columnId\":10,\"columnName\":\"factory_id\",\"columnType\":\"bigint\",\"createBy\":\"admin\",\"createTime\":\"2024-07-01 14:21:43\",\"dictType\":\"\",\"edit\":true,\"htmlType\":\"input\",\"increment\":false,\"insert\":true,\"isEdit\":\"1\",\"isIncrement\":\"0\",\"isInsert\":\"1\",\"isList\":\"1\",\"isPk\":\"0\",\"isQuery\":\"1\",\"isRequired\":\"0\",\"javaField\":\"factoryId\",\"javaType\":\"Long\",\"list\":true,\"params\":{},\"pk\":false,\"query\":true,\"queryType\":\"EQ\",\"required\":false,\"sort\":2,\"superColumn\":false,\"tableId\":3,\"updateBy\":\"\",\"updateTime\":\"2024-07-01 14:24:10\",\"usableColumn\":false},{\"capJavaField\":\"DeviceId\",\"columnComment\":\"设备ID\",\"columnId\":11,\"columnName\":\"device_id\",\"columnType\":\"bigint\",\"createBy\":\"admin\",\"createTime\":\"2024-07-01 14:21:43\",\"dictType\":\"\",\"edit\":true,\"htmlType\":\"input\",\"increment\":false,\"insert\":true,\"isEdit\":\"1\",\"isIncrement\":\"0\",\"isInsert\":\"1\",\"isList\":\"1\",\"isPk\":\"0\",\"isQuery\":\"1\",\"isRequired\":\"0\",\"javaField\":\"deviceId\",\"javaType\":\"Long\",\"list\":true,\"params\":{},\"pk\":false,\"query\":true,\"queryType\":\"EQ\",\"required\":false,\"sort\":3,\"superColumn\":false,\"tableId\":3,\"updateBy\":\"\",\"updateTime\":\"2024-07-01 14:24:10\",\"usableColumn\":false}],\"crud\":true,\"functionAuthor\":\"ruoyi\",\"functionName\":\"制造执行MES-工厂建模设备信息子\",\"genPath\":\"/\",\"genType\":\"0\",\"moduleName\":\"mes\",\"options\":\"{\\\"parentMenuId\\\":\\\"2000\\\"}\",\"packageName\":\"com.ruoyi.mes\",\"params\":{\"parentMenuId\":\"2000\"},\"parentMenuId\":\"2000\",\"sub\":false,\"ta','{\"msg\":\"操作成功\",\"code\":200}',0,NULL,'2024-07-01 14:24:21',10),(137,'代码生成',2,'com.ruoyi.generator.controller.GenController.editSave()','PUT',1,'admin','研发部门','/tool/gen','127.0.0.1','内网IP','{\"businessName\":\"factory\",\"className\":\"MesFactory\",\"columns\":[{\"capJavaField\":\"Id\",\"columnComment\":\"编号\",\"columnId\":5,\"columnName\":\"id\",\"columnType\":\"bigint unsigned\",\"createBy\":\"admin\",\"createTime\":\"2024-07-01 14:20:27\",\"dictType\":\"\",\"edit\":false,\"increment\":true,\"insert\":false,\"isIncrement\":\"1\",\"isInsert\":\"0\",\"isList\":\"1\",\"isPk\":\"1\",\"isRequired\":\"0\",\"javaField\":\"id\",\"javaType\":\"Long\",\"list\":true,\"params\":{},\"pk\":true,\"query\":false,\"queryType\":\"EQ\",\"required\":false,\"sort\":1,\"superColumn\":false,\"tableId\":2,\"updateBy\":\"\",\"updateTime\":\"2024-07-01 14:22:50\",\"usableColumn\":false},{\"capJavaField\":\"ProductionLine\",\"columnComment\":\"生产线名称\",\"columnId\":6,\"columnName\":\"production_line\",\"columnType\":\"varchar(255)\",\"createBy\":\"admin\",\"createTime\":\"2024-07-01 14:20:27\",\"dictType\":\"\",\"edit\":true,\"htmlType\":\"input\",\"increment\":false,\"insert\":true,\"isEdit\":\"1\",\"isIncrement\":\"0\",\"isInsert\":\"1\",\"isList\":\"1\",\"isPk\":\"0\",\"isQuery\":\"1\",\"isRequired\":\"0\",\"javaField\":\"productionLine\",\"javaType\":\"String\",\"list\":true,\"params\":{},\"pk\":false,\"query\":true,\"queryType\":\"EQ\",\"required\":false,\"sort\":2,\"superColumn\":false,\"tableId\":2,\"updateBy\":\"\",\"updateTime\":\"2024-07-01 14:22:50\",\"usableColumn\":false},{\"capJavaField\":\"FactoryDescribe\",\"columnComment\":\"描述\",\"columnId\":7,\"columnName\":\"factory_describe\",\"columnType\":\"varchar(255)\",\"createBy\":\"admin\",\"createTime\":\"2024-07-01 14:20:27\",\"dictType\":\"\",\"edit\":true,\"htmlType\":\"input\",\"increment\":false,\"insert\":true,\"isEdit\":\"1\",\"isIncrement\":\"0\",\"isInsert\":\"1\",\"isList\":\"1\",\"isPk\":\"0\",\"isQuery\":\"0\",\"isRequired\":\"0\",\"javaField\":\"factoryDescribe\",\"javaType\":\"String\",\"list\":true,\"params\":{},\"pk\":false,\"query\":false,\"queryType\":\"EQ\",\"required\":false,\"sort\":3,\"superColumn\":false,\"tableId\":2,\"updateBy\":\"\",\"updateTime\":\"2024-07-01 14:22:50\",\"usableColumn\":false},{\"capJavaField\":\"MaterialId\",\"columnComment\":\"物料ID\",\"columnId\":8,\"columnName\":\"material_id\",\"columnType\":\"bigint\",\"createBy\":\"admin\",\"createTime\":\"2024-07-01 14:20:27\",\"dictType\":\"\",\"edit\":true,\"htmlType\":\"inp','{\"msg\":\"操作成功\",\"code\":200}',0,NULL,'2024-07-01 14:24:56',21),(138,'代码生成',6,'com.ruoyi.generator.controller.GenController.importTableSave()','POST',1,'admin','研发部门','/tool/gen/importTable','127.0.0.1','内网IP','{\"tables\":\"departments_students,employment_info,system_logs,employment_analysis\"}','{\"msg\":\"操作成功\",\"code\":200}',0,NULL,'2024-07-02 11:18:56',103),(139,'代码生成',2,'com.ruoyi.generator.controller.GenController.editSave()','PUT',1,'admin','研发部门','/tool/gen','127.0.0.1','内网IP','{\"businessName\":\"department_student\",\"className\":\"DepartmentsStudents\",\"columns\":[{\"capJavaField\":\"Id\",\"columnComment\":\"记录ID\",\"columnId\":12,\"columnName\":\"id\",\"columnType\":\"bigint unsigned\",\"createBy\":\"admin\",\"createTime\":\"2024-07-02 11:18:56\",\"dictType\":\"\",\"edit\":false,\"increment\":true,\"insert\":true,\"isIncrement\":\"1\",\"isInsert\":\"1\",\"isPk\":\"1\",\"isRequired\":\"0\",\"javaField\":\"id\",\"javaType\":\"Long\",\"list\":false,\"params\":{},\"pk\":true,\"query\":false,\"queryType\":\"EQ\",\"required\":false,\"sort\":1,\"superColumn\":false,\"tableId\":4,\"updateBy\":\"\",\"usableColumn\":false},{\"capJavaField\":\"CollegeId\",\"columnComment\":\"高校ID\",\"columnId\":13,\"columnName\":\"college_id\",\"columnType\":\"bigint\",\"createBy\":\"admin\",\"createTime\":\"2024-07-02 11:18:56\",\"dictType\":\"\",\"edit\":true,\"htmlType\":\"input\",\"increment\":false,\"insert\":true,\"isEdit\":\"1\",\"isIncrement\":\"0\",\"isInsert\":\"1\",\"isList\":\"1\",\"isPk\":\"0\",\"isQuery\":\"1\",\"isRequired\":\"1\",\"javaField\":\"collegeId\",\"javaType\":\"Long\",\"list\":true,\"params\":{},\"pk\":false,\"query\":true,\"queryType\":\"EQ\",\"required\":true,\"sort\":2,\"superColumn\":false,\"tableId\":4,\"updateBy\":\"\",\"usableColumn\":false},{\"capJavaField\":\"CollegeName\",\"columnComment\":\"高校名称\",\"columnId\":14,\"columnName\":\"college_name\",\"columnType\":\"varchar(255)\",\"createBy\":\"admin\",\"createTime\":\"2024-07-02 11:18:56\",\"dictType\":\"\",\"edit\":true,\"htmlType\":\"input\",\"increment\":false,\"insert\":true,\"isEdit\":\"1\",\"isIncrement\":\"0\",\"isInsert\":\"1\",\"isList\":\"1\",\"isPk\":\"0\",\"isQuery\":\"1\",\"isRequired\":\"1\",\"javaField\":\"collegeName\",\"javaType\":\"String\",\"list\":true,\"params\":{},\"pk\":false,\"query\":true,\"queryType\":\"LIKE\",\"required\":true,\"sort\":3,\"superColumn\":false,\"tableId\":4,\"updateBy\":\"\",\"usableColumn\":false},{\"capJavaField\":\"DepartmentId\",\"columnComment\":\"院系ID\",\"columnId\":15,\"columnName\":\"department_id\",\"columnType\":\"bigint\",\"createBy\":\"admin\",\"createTime\":\"2024-07-02 11:18:56\",\"dictType\":\"\",\"edit\":true,\"htmlType\":\"input\",\"increment\":false,\"insert\":true,\"isEdit\":\"1\",\"isIncrement\":\"0\",\"isInsert\":\"1\",\"isList\":\"1\",\"isPk\":\"0\",\"isQuery\":\"1\",\"is','{\"msg\":\"操作成功\",\"code\":200}',0,NULL,'2024-07-02 11:20:42',28),(140,'菜单管理',1,'com.ruoyi.web.controller.system.SysMenuController.add()','POST',1,'admin','研发部门','/system/menu','127.0.0.1','内网IP','{\"children\":[],\"createBy\":\"admin\",\"icon\":\"education\",\"isCache\":\"0\",\"isFrame\":\"1\",\"menuName\":\"学生就业信息\",\"menuType\":\"M\",\"orderNum\":22,\"params\":{},\"parentId\":0,\"path\":\"employment\",\"status\":\"0\",\"visible\":\"0\"}','{\"msg\":\"操作成功\",\"code\":200}',0,NULL,'2024-07-02 11:24:37',17),(141,'代码生成',2,'com.ruoyi.generator.controller.GenController.editSave()','PUT',1,'admin','研发部门','/tool/gen','127.0.0.1','内网IP','{\"businessName\":\"department_student\",\"className\":\"DepartmentsStudents\",\"columns\":[{\"capJavaField\":\"Id\",\"columnComment\":\"记录ID\",\"columnId\":12,\"columnName\":\"id\",\"columnType\":\"bigint unsigned\",\"createBy\":\"admin\",\"createTime\":\"2024-07-02 11:18:56\",\"dictType\":\"\",\"edit\":false,\"increment\":true,\"insert\":true,\"isIncrement\":\"1\",\"isInsert\":\"1\",\"isPk\":\"1\",\"isRequired\":\"0\",\"javaField\":\"id\",\"javaType\":\"Long\",\"list\":false,\"params\":{},\"pk\":true,\"query\":false,\"queryType\":\"EQ\",\"required\":false,\"sort\":1,\"superColumn\":false,\"tableId\":4,\"updateBy\":\"\",\"updateTime\":\"2024-07-02 11:20:41\",\"usableColumn\":false},{\"capJavaField\":\"CollegeId\",\"columnComment\":\"高校ID\",\"columnId\":13,\"columnName\":\"college_id\",\"columnType\":\"bigint\",\"createBy\":\"admin\",\"createTime\":\"2024-07-02 11:18:56\",\"dictType\":\"\",\"edit\":true,\"htmlType\":\"input\",\"increment\":false,\"insert\":true,\"isEdit\":\"1\",\"isIncrement\":\"0\",\"isInsert\":\"1\",\"isList\":\"1\",\"isPk\":\"0\",\"isQuery\":\"1\",\"isRequired\":\"1\",\"javaField\":\"collegeId\",\"javaType\":\"Long\",\"list\":true,\"params\":{},\"pk\":false,\"query\":true,\"queryType\":\"EQ\",\"required\":true,\"sort\":2,\"superColumn\":false,\"tableId\":4,\"updateBy\":\"\",\"updateTime\":\"2024-07-02 11:20:41\",\"usableColumn\":false},{\"capJavaField\":\"CollegeName\",\"columnComment\":\"高校名称\",\"columnId\":14,\"columnName\":\"college_name\",\"columnType\":\"varchar(255)\",\"createBy\":\"admin\",\"createTime\":\"2024-07-02 11:18:56\",\"dictType\":\"\",\"edit\":true,\"htmlType\":\"input\",\"increment\":false,\"insert\":true,\"isEdit\":\"1\",\"isIncrement\":\"0\",\"isInsert\":\"1\",\"isList\":\"1\",\"isPk\":\"0\",\"isQuery\":\"1\",\"isRequired\":\"1\",\"javaField\":\"collegeName\",\"javaType\":\"String\",\"list\":true,\"params\":{},\"pk\":false,\"query\":true,\"queryType\":\"LIKE\",\"required\":true,\"sort\":3,\"superColumn\":false,\"tableId\":4,\"updateBy\":\"\",\"updateTime\":\"2024-07-02 11:20:41\",\"usableColumn\":false},{\"capJavaField\":\"DepartmentId\",\"columnComment\":\"院系ID\",\"columnId\":15,\"columnName\":\"department_id\",\"columnType\":\"bigint\",\"createBy\":\"admin\",\"createTime\":\"2024-07-02 11:18:56\",\"dictType\":\"\",\"edit\":true,\"htmlType\":\"input\",\"increment\":fa','{\"msg\":\"操作成功\",\"code\":200}',0,NULL,'2024-07-02 11:25:18',21),(142,'代码生成',2,'com.ruoyi.generator.controller.GenController.editSave()','PUT',1,'admin','研发部门','/tool/gen','127.0.0.1','内网IP','{\"businessName\":\"employment_info\",\"className\":\"EmploymentInfo\",\"columns\":[{\"capJavaField\":\"EmploymentId\",\"columnComment\":\"就业信息ID\",\"columnId\":33,\"columnName\":\"employment_id\",\"columnType\":\"bigint unsigned\",\"createBy\":\"admin\",\"createTime\":\"2024-07-02 11:18:56\",\"dictType\":\"\",\"edit\":false,\"increment\":true,\"insert\":true,\"isIncrement\":\"1\",\"isInsert\":\"1\",\"isPk\":\"1\",\"isRequired\":\"0\",\"javaField\":\"employmentId\",\"javaType\":\"Long\",\"list\":false,\"params\":{},\"pk\":true,\"query\":false,\"queryType\":\"EQ\",\"required\":false,\"sort\":1,\"superColumn\":false,\"tableId\":6,\"updateBy\":\"\",\"usableColumn\":false},{\"capJavaField\":\"StudentId\",\"columnComment\":\"学生ID\",\"columnId\":34,\"columnName\":\"student_id\",\"columnType\":\"bigint\",\"createBy\":\"admin\",\"createTime\":\"2024-07-02 11:18:56\",\"dictType\":\"\",\"edit\":true,\"htmlType\":\"input\",\"increment\":false,\"insert\":true,\"isEdit\":\"1\",\"isIncrement\":\"0\",\"isInsert\":\"1\",\"isList\":\"1\",\"isPk\":\"0\",\"isQuery\":\"1\",\"isRequired\":\"1\",\"javaField\":\"studentId\",\"javaType\":\"Long\",\"list\":true,\"params\":{},\"pk\":false,\"query\":true,\"queryType\":\"EQ\",\"required\":true,\"sort\":2,\"superColumn\":false,\"tableId\":6,\"updateBy\":\"\",\"usableColumn\":false},{\"capJavaField\":\"CompanyName\",\"columnComment\":\"公司名称\",\"columnId\":35,\"columnName\":\"company_name\",\"columnType\":\"varchar(255)\",\"createBy\":\"admin\",\"createTime\":\"2024-07-02 11:18:56\",\"dictType\":\"\",\"edit\":true,\"htmlType\":\"input\",\"increment\":false,\"insert\":true,\"isEdit\":\"1\",\"isIncrement\":\"0\",\"isInsert\":\"1\",\"isList\":\"1\",\"isPk\":\"0\",\"isQuery\":\"1\",\"isRequired\":\"0\",\"javaField\":\"companyName\",\"javaType\":\"String\",\"list\":true,\"params\":{},\"pk\":false,\"query\":true,\"queryType\":\"LIKE\",\"required\":false,\"sort\":3,\"superColumn\":false,\"tableId\":6,\"updateBy\":\"\",\"usableColumn\":false},{\"capJavaField\":\"Position\",\"columnComment\":\"职位\",\"columnId\":36,\"columnName\":\"position\",\"columnType\":\"varchar(255)\",\"createBy\":\"admin\",\"createTime\":\"2024-07-02 11:18:56\",\"dictType\":\"\",\"edit\":true,\"htmlType\":\"input\",\"increment\":false,\"insert\":true,\"isEdit\":\"1\",\"isIncrement\":\"0\",\"isInsert\":\"1\",\"isList\":\"1\",\"isPk\":','{\"msg\":\"操作成功\",\"code\":200}',0,NULL,'2024-07-02 11:26:21',13),(143,'代码生成',2,'com.ruoyi.generator.controller.GenController.editSave()','PUT',1,'admin','研发部门','/tool/gen','127.0.0.1','内网IP','{\"businessName\":\"departments_students\",\"className\":\"DepartmentsStudents\",\"columns\":[{\"capJavaField\":\"Id\",\"columnComment\":\"记录ID\",\"columnId\":12,\"columnName\":\"id\",\"columnType\":\"bigint unsigned\",\"createBy\":\"admin\",\"createTime\":\"2024-07-02 11:18:56\",\"dictType\":\"\",\"edit\":false,\"increment\":true,\"insert\":true,\"isIncrement\":\"1\",\"isInsert\":\"1\",\"isPk\":\"1\",\"isRequired\":\"0\",\"javaField\":\"id\",\"javaType\":\"Long\",\"list\":false,\"params\":{},\"pk\":true,\"query\":false,\"queryType\":\"EQ\",\"required\":false,\"sort\":1,\"superColumn\":false,\"tableId\":4,\"updateBy\":\"\",\"updateTime\":\"2024-07-02 11:25:18\",\"usableColumn\":false},{\"capJavaField\":\"CollegeId\",\"columnComment\":\"高校ID\",\"columnId\":13,\"columnName\":\"college_id\",\"columnType\":\"bigint\",\"createBy\":\"admin\",\"createTime\":\"2024-07-02 11:18:56\",\"dictType\":\"\",\"edit\":true,\"htmlType\":\"input\",\"increment\":false,\"insert\":true,\"isEdit\":\"1\",\"isIncrement\":\"0\",\"isInsert\":\"1\",\"isList\":\"1\",\"isPk\":\"0\",\"isQuery\":\"1\",\"isRequired\":\"1\",\"javaField\":\"collegeId\",\"javaType\":\"Long\",\"list\":true,\"params\":{},\"pk\":false,\"query\":true,\"queryType\":\"EQ\",\"required\":true,\"sort\":2,\"superColumn\":false,\"tableId\":4,\"updateBy\":\"\",\"updateTime\":\"2024-07-02 11:25:18\",\"usableColumn\":false},{\"capJavaField\":\"CollegeName\",\"columnComment\":\"高校名称\",\"columnId\":14,\"columnName\":\"college_name\",\"columnType\":\"varchar(255)\",\"createBy\":\"admin\",\"createTime\":\"2024-07-02 11:18:56\",\"dictType\":\"\",\"edit\":true,\"htmlType\":\"input\",\"increment\":false,\"insert\":true,\"isEdit\":\"1\",\"isIncrement\":\"0\",\"isInsert\":\"1\",\"isList\":\"1\",\"isPk\":\"0\",\"isQuery\":\"1\",\"isRequired\":\"1\",\"javaField\":\"collegeName\",\"javaType\":\"String\",\"list\":true,\"params\":{},\"pk\":false,\"query\":true,\"queryType\":\"LIKE\",\"required\":true,\"sort\":3,\"superColumn\":false,\"tableId\":4,\"updateBy\":\"\",\"updateTime\":\"2024-07-02 11:25:18\",\"usableColumn\":false},{\"capJavaField\":\"DepartmentId\",\"columnComment\":\"院系ID\",\"columnId\":15,\"columnName\":\"department_id\",\"columnType\":\"bigint\",\"createBy\":\"admin\",\"createTime\":\"2024-07-02 11:18:56\",\"dictType\":\"\",\"edit\":true,\"htmlType\":\"input\",\"increment\":','{\"msg\":\"操作成功\",\"code\":200}',0,NULL,'2024-07-02 11:26:52',15),(144,'代码生成',2,'com.ruoyi.generator.controller.GenController.editSave()','PUT',1,'admin','研发部门','/tool/gen','127.0.0.1','内网IP','{\"businessName\":\"employment_info\",\"className\":\"EmploymentInfo\",\"columns\":[{\"capJavaField\":\"EmploymentId\",\"columnComment\":\"就业信息ID\",\"columnId\":33,\"columnName\":\"employment_id\",\"columnType\":\"bigint unsigned\",\"createBy\":\"admin\",\"createTime\":\"2024-07-02 11:18:56\",\"dictType\":\"\",\"edit\":false,\"increment\":true,\"insert\":true,\"isIncrement\":\"1\",\"isInsert\":\"1\",\"isPk\":\"1\",\"isRequired\":\"0\",\"javaField\":\"employmentId\",\"javaType\":\"Long\",\"list\":false,\"params\":{},\"pk\":true,\"query\":false,\"queryType\":\"EQ\",\"required\":false,\"sort\":1,\"superColumn\":false,\"tableId\":6,\"updateBy\":\"\",\"updateTime\":\"2024-07-02 11:26:21\",\"usableColumn\":false},{\"capJavaField\":\"StudentId\",\"columnComment\":\"学生ID\",\"columnId\":34,\"columnName\":\"student_id\",\"columnType\":\"bigint\",\"createBy\":\"admin\",\"createTime\":\"2024-07-02 11:18:56\",\"dictType\":\"\",\"edit\":true,\"htmlType\":\"input\",\"increment\":false,\"insert\":true,\"isEdit\":\"1\",\"isIncrement\":\"0\",\"isInsert\":\"1\",\"isList\":\"1\",\"isPk\":\"0\",\"isQuery\":\"1\",\"isRequired\":\"1\",\"javaField\":\"studentId\",\"javaType\":\"Long\",\"list\":true,\"params\":{},\"pk\":false,\"query\":true,\"queryType\":\"EQ\",\"required\":true,\"sort\":2,\"superColumn\":false,\"tableId\":6,\"updateBy\":\"\",\"updateTime\":\"2024-07-02 11:26:21\",\"usableColumn\":false},{\"capJavaField\":\"CompanyName\",\"columnComment\":\"公司名称\",\"columnId\":35,\"columnName\":\"company_name\",\"columnType\":\"varchar(255)\",\"createBy\":\"admin\",\"createTime\":\"2024-07-02 11:18:56\",\"dictType\":\"\",\"edit\":true,\"htmlType\":\"input\",\"increment\":false,\"insert\":true,\"isEdit\":\"1\",\"isIncrement\":\"0\",\"isInsert\":\"1\",\"isList\":\"1\",\"isPk\":\"0\",\"isQuery\":\"1\",\"isRequired\":\"0\",\"javaField\":\"companyName\",\"javaType\":\"String\",\"list\":true,\"params\":{},\"pk\":false,\"query\":true,\"queryType\":\"LIKE\",\"required\":false,\"sort\":3,\"superColumn\":false,\"tableId\":6,\"updateBy\":\"\",\"updateTime\":\"2024-07-02 11:26:21\",\"usableColumn\":false},{\"capJavaField\":\"Position\",\"columnComment\":\"职位\",\"columnId\":36,\"columnName\":\"position\",\"columnType\":\"varchar(255)\",\"createBy\":\"admin\",\"createTime\":\"2024-07-02 11:18:56\",\"dictType\":\"\",\"edit\":true,\"htmlType\":\"','{\"msg\":\"操作成功\",\"code\":200}',0,NULL,'2024-07-02 11:27:32',11),(145,'代码生成',2,'com.ruoyi.generator.controller.GenController.editSave()','PUT',1,'admin','研发部门','/tool/gen','127.0.0.1','内网IP','{\"businessName\":\"employment_info\",\"className\":\"EmploymentInfo\",\"columns\":[{\"capJavaField\":\"EmploymentId\",\"columnComment\":\"就业信息ID\",\"columnId\":33,\"columnName\":\"employment_id\",\"columnType\":\"bigint unsigned\",\"createBy\":\"admin\",\"createTime\":\"2024-07-02 11:18:56\",\"dictType\":\"\",\"edit\":false,\"increment\":true,\"insert\":true,\"isIncrement\":\"1\",\"isInsert\":\"1\",\"isPk\":\"1\",\"isRequired\":\"0\",\"javaField\":\"employmentId\",\"javaType\":\"Long\",\"list\":false,\"params\":{},\"pk\":true,\"query\":false,\"queryType\":\"EQ\",\"required\":false,\"sort\":1,\"superColumn\":false,\"tableId\":6,\"updateBy\":\"\",\"updateTime\":\"2024-07-02 11:27:32\",\"usableColumn\":false},{\"capJavaField\":\"StudentId\",\"columnComment\":\"学生ID\",\"columnId\":34,\"columnName\":\"student_id\",\"columnType\":\"bigint\",\"createBy\":\"admin\",\"createTime\":\"2024-07-02 11:18:56\",\"dictType\":\"\",\"edit\":true,\"htmlType\":\"input\",\"increment\":false,\"insert\":true,\"isEdit\":\"1\",\"isIncrement\":\"0\",\"isInsert\":\"1\",\"isList\":\"1\",\"isPk\":\"0\",\"isQuery\":\"1\",\"isRequired\":\"1\",\"javaField\":\"studentId\",\"javaType\":\"Long\",\"list\":true,\"params\":{},\"pk\":false,\"query\":true,\"queryType\":\"EQ\",\"required\":true,\"sort\":2,\"superColumn\":false,\"tableId\":6,\"updateBy\":\"\",\"updateTime\":\"2024-07-02 11:27:32\",\"usableColumn\":false},{\"capJavaField\":\"CompanyName\",\"columnComment\":\"公司名称\",\"columnId\":35,\"columnName\":\"company_name\",\"columnType\":\"varchar(255)\",\"createBy\":\"admin\",\"createTime\":\"2024-07-02 11:18:56\",\"dictType\":\"\",\"edit\":true,\"htmlType\":\"input\",\"increment\":false,\"insert\":true,\"isEdit\":\"1\",\"isIncrement\":\"0\",\"isInsert\":\"1\",\"isList\":\"1\",\"isPk\":\"0\",\"isQuery\":\"1\",\"isRequired\":\"0\",\"javaField\":\"companyName\",\"javaType\":\"String\",\"list\":true,\"params\":{},\"pk\":false,\"query\":true,\"queryType\":\"LIKE\",\"required\":false,\"sort\":3,\"superColumn\":false,\"tableId\":6,\"updateBy\":\"\",\"updateTime\":\"2024-07-02 11:27:32\",\"usableColumn\":false},{\"capJavaField\":\"Position\",\"columnComment\":\"职位\",\"columnId\":36,\"columnName\":\"position\",\"columnType\":\"varchar(255)\",\"createBy\":\"admin\",\"createTime\":\"2024-07-02 11:18:56\",\"dictType\":\"\",\"edit\":true,\"htmlType\":\"','{\"msg\":\"操作成功\",\"code\":200}',0,NULL,'2024-07-02 11:27:56',11),(146,'代码生成',2,'com.ruoyi.generator.controller.GenController.editSave()','PUT',1,'admin','研发部门','/tool/gen','127.0.0.1','内网IP','{\"businessName\":\"employment_analysis\",\"className\":\"EmploymentAnalysis\",\"columns\":[{\"capJavaField\":\"AnalysisId\",\"columnComment\":\"分析ID\",\"columnId\":24,\"columnName\":\"analysis_id\",\"columnType\":\"bigint unsigned\",\"createBy\":\"admin\",\"createTime\":\"2024-07-02 11:18:56\",\"dictType\":\"\",\"edit\":false,\"increment\":true,\"insert\":true,\"isIncrement\":\"1\",\"isInsert\":\"1\",\"isPk\":\"1\",\"isRequired\":\"0\",\"javaField\":\"analysisId\",\"javaType\":\"String\",\"list\":false,\"params\":{},\"pk\":true,\"query\":false,\"queryType\":\"EQ\",\"required\":false,\"sort\":1,\"superColumn\":false,\"tableId\":5,\"updateBy\":\"\",\"usableColumn\":false},{\"capJavaField\":\"StudentId\",\"columnComment\":\"学生ID\",\"columnId\":25,\"columnName\":\"student_id\",\"columnType\":\"bigint\",\"createBy\":\"admin\",\"createTime\":\"2024-07-02 11:18:56\",\"dictType\":\"\",\"edit\":true,\"htmlType\":\"input\",\"increment\":false,\"insert\":true,\"isEdit\":\"1\",\"isIncrement\":\"0\",\"isInsert\":\"1\",\"isList\":\"1\",\"isPk\":\"0\",\"isQuery\":\"1\",\"isRequired\":\"1\",\"javaField\":\"studentId\",\"javaType\":\"Long\",\"list\":true,\"params\":{},\"pk\":false,\"query\":true,\"queryType\":\"EQ\",\"required\":true,\"sort\":2,\"superColumn\":false,\"tableId\":5,\"updateBy\":\"\",\"usableColumn\":false},{\"capJavaField\":\"DepartmentId\",\"columnComment\":\"院系ID\",\"columnId\":26,\"columnName\":\"department_id\",\"columnType\":\"bigint\",\"createBy\":\"admin\",\"createTime\":\"2024-07-02 11:18:56\",\"dictType\":\"\",\"edit\":true,\"htmlType\":\"input\",\"increment\":false,\"insert\":true,\"isEdit\":\"1\",\"isIncrement\":\"0\",\"isInsert\":\"1\",\"isList\":\"1\",\"isPk\":\"0\",\"isQuery\":\"1\",\"isRequired\":\"1\",\"javaField\":\"departmentId\",\"javaType\":\"Long\",\"list\":true,\"params\":{},\"pk\":false,\"query\":true,\"queryType\":\"EQ\",\"required\":true,\"sort\":3,\"superColumn\":false,\"tableId\":5,\"updateBy\":\"\",\"usableColumn\":false},{\"capJavaField\":\"MajorId\",\"columnComment\":\"专业ID\",\"columnId\":27,\"columnName\":\"major_id\",\"columnType\":\"bigint\",\"createBy\":\"admin\",\"createTime\":\"2024-07-02 11:18:56\",\"dictType\":\"\",\"edit\":true,\"htmlType\":\"input\",\"increment\":false,\"insert\":true,\"isEdit\":\"1\",\"isIncrement\":\"0\",\"isInsert\":\"1\",\"isList\":\"1\",\"isPk\":\"0\",\"isQuer','{\"msg\":\"操作成功\",\"code\":200}',0,NULL,'2024-07-02 11:28:24',13),(147,'代码生成',2,'com.ruoyi.generator.controller.GenController.editSave()','PUT',1,'admin','研发部门','/tool/gen','127.0.0.1','内网IP','{\"businessName\":\"employment_analysis\",\"className\":\"EmploymentAnalysis\",\"columns\":[{\"capJavaField\":\"AnalysisId\",\"columnComment\":\"分析ID\",\"columnId\":24,\"columnName\":\"analysis_id\",\"columnType\":\"bigint unsigned\",\"createBy\":\"admin\",\"createTime\":\"2024-07-02 11:18:56\",\"dictType\":\"\",\"edit\":false,\"increment\":true,\"insert\":true,\"isIncrement\":\"1\",\"isInsert\":\"1\",\"isPk\":\"1\",\"isRequired\":\"0\",\"javaField\":\"analysisId\",\"javaType\":\"String\",\"list\":false,\"params\":{},\"pk\":true,\"query\":false,\"queryType\":\"EQ\",\"required\":false,\"sort\":1,\"superColumn\":false,\"tableId\":5,\"updateBy\":\"\",\"updateTime\":\"2024-07-02 11:28:24\",\"usableColumn\":false},{\"capJavaField\":\"StudentId\",\"columnComment\":\"学生ID\",\"columnId\":25,\"columnName\":\"student_id\",\"columnType\":\"bigint\",\"createBy\":\"admin\",\"createTime\":\"2024-07-02 11:18:56\",\"dictType\":\"\",\"edit\":true,\"htmlType\":\"input\",\"increment\":false,\"insert\":true,\"isEdit\":\"1\",\"isIncrement\":\"0\",\"isInsert\":\"1\",\"isList\":\"1\",\"isPk\":\"0\",\"isQuery\":\"1\",\"isRequired\":\"1\",\"javaField\":\"studentId\",\"javaType\":\"Long\",\"list\":true,\"params\":{},\"pk\":false,\"query\":true,\"queryType\":\"EQ\",\"required\":true,\"sort\":2,\"superColumn\":false,\"tableId\":5,\"updateBy\":\"\",\"updateTime\":\"2024-07-02 11:28:24\",\"usableColumn\":false},{\"capJavaField\":\"DepartmentId\",\"columnComment\":\"院系ID\",\"columnId\":26,\"columnName\":\"department_id\",\"columnType\":\"bigint\",\"createBy\":\"admin\",\"createTime\":\"2024-07-02 11:18:56\",\"dictType\":\"\",\"edit\":true,\"htmlType\":\"input\",\"increment\":false,\"insert\":true,\"isEdit\":\"1\",\"isIncrement\":\"0\",\"isInsert\":\"1\",\"isList\":\"1\",\"isPk\":\"0\",\"isQuery\":\"1\",\"isRequired\":\"1\",\"javaField\":\"departmentId\",\"javaType\":\"Long\",\"list\":true,\"params\":{},\"pk\":false,\"query\":true,\"queryType\":\"EQ\",\"required\":true,\"sort\":3,\"superColumn\":false,\"tableId\":5,\"updateBy\":\"\",\"updateTime\":\"2024-07-02 11:28:24\",\"usableColumn\":false},{\"capJavaField\":\"MajorId\",\"columnComment\":\"专业ID\",\"columnId\":27,\"columnName\":\"major_id\",\"columnType\":\"bigint\",\"createBy\":\"admin\",\"createTime\":\"2024-07-02 11:18:56\",\"dictType\":\"\",\"edit\":true,\"htmlType\":\"input\",\"inc','{\"msg\":\"操作成功\",\"code\":200}',0,NULL,'2024-07-02 11:28:45',13),(148,'代码生成',2,'com.ruoyi.generator.controller.GenController.editSave()','PUT',1,'admin','研发部门','/tool/gen','127.0.0.1','内网IP','{\"businessName\":\"employment_info\",\"className\":\"EmploymentInfo\",\"columns\":[{\"capJavaField\":\"EmploymentId\",\"columnComment\":\"就业信息ID\",\"columnId\":33,\"columnName\":\"employment_id\",\"columnType\":\"bigint unsigned\",\"createBy\":\"admin\",\"createTime\":\"2024-07-02 11:18:56\",\"dictType\":\"\",\"edit\":false,\"increment\":true,\"insert\":true,\"isIncrement\":\"1\",\"isInsert\":\"1\",\"isPk\":\"1\",\"isRequired\":\"0\",\"javaField\":\"employmentId\",\"javaType\":\"Long\",\"list\":false,\"params\":{},\"pk\":true,\"query\":false,\"queryType\":\"EQ\",\"required\":false,\"sort\":1,\"superColumn\":false,\"tableId\":6,\"updateBy\":\"\",\"updateTime\":\"2024-07-02 11:27:56\",\"usableColumn\":false},{\"capJavaField\":\"StudentId\",\"columnComment\":\"学生ID\",\"columnId\":34,\"columnName\":\"student_id\",\"columnType\":\"bigint\",\"createBy\":\"admin\",\"createTime\":\"2024-07-02 11:18:56\",\"dictType\":\"\",\"edit\":true,\"htmlType\":\"input\",\"increment\":false,\"insert\":true,\"isEdit\":\"1\",\"isIncrement\":\"0\",\"isInsert\":\"1\",\"isList\":\"1\",\"isPk\":\"0\",\"isQuery\":\"1\",\"isRequired\":\"1\",\"javaField\":\"studentId\",\"javaType\":\"Long\",\"list\":true,\"params\":{},\"pk\":false,\"query\":true,\"queryType\":\"EQ\",\"required\":true,\"sort\":2,\"superColumn\":false,\"tableId\":6,\"updateBy\":\"\",\"updateTime\":\"2024-07-02 11:27:56\",\"usableColumn\":false},{\"capJavaField\":\"CompanyName\",\"columnComment\":\"公司名称\",\"columnId\":35,\"columnName\":\"company_name\",\"columnType\":\"varchar(255)\",\"createBy\":\"admin\",\"createTime\":\"2024-07-02 11:18:56\",\"dictType\":\"\",\"edit\":true,\"htmlType\":\"input\",\"increment\":false,\"insert\":true,\"isEdit\":\"1\",\"isIncrement\":\"0\",\"isInsert\":\"1\",\"isList\":\"1\",\"isPk\":\"0\",\"isQuery\":\"1\",\"isRequired\":\"0\",\"javaField\":\"companyName\",\"javaType\":\"String\",\"list\":true,\"params\":{},\"pk\":false,\"query\":true,\"queryType\":\"LIKE\",\"required\":false,\"sort\":3,\"superColumn\":false,\"tableId\":6,\"updateBy\":\"\",\"updateTime\":\"2024-07-02 11:27:56\",\"usableColumn\":false},{\"capJavaField\":\"Position\",\"columnComment\":\"职位\",\"columnId\":36,\"columnName\":\"position\",\"columnType\":\"varchar(255)\",\"createBy\":\"admin\",\"createTime\":\"2024-07-02 11:18:56\",\"dictType\":\"\",\"edit\":true,\"htmlType\":\"','{\"msg\":\"操作成功\",\"code\":200}',0,NULL,'2024-07-02 11:29:00',10),(149,'代码生成',8,'com.ruoyi.generator.controller.GenController.batchGenCode()','GET',1,'admin','研发部门','/tool/gen/batchGenCode','127.0.0.1','内网IP','{\"tables\":\"departments_students\"}',NULL,0,NULL,'2024-07-02 11:29:35',106),(150,'高校院系专业学生信息',1,'com.ruoyi.web.controller.employment.DepartmentsStudentsController.add()','POST',1,'admin','研发部门','/employment/departments_students','127.0.0.1','内网IP','{\"collegeId\":2,\"collegeName\":\"宝鸡职业学院\",\"dateOfBirth\":\"2024-07-03\",\"departmentId\":222,\"departmentName\":\"阿达是的\",\"employmentInfoList\":[{\"companyName\":\"1\",\"employmentDate\":\"2024-07-24\",\"location\":\"阿打算\",\"params\":{},\"position\":\"啊大大\",\"salary\":100000000,\"status\":\"\",\"studentId\":3}],\"gender\":\"男\",\"id\":3,\"majorId\":1231,\"majorName\":\"阿达是的\",\"params\":{},\"studentId\":2021903959,\"studentName\":\"司珂涵\"}',NULL,1,'\r\n### Error updating database.  Cause: com.mysql.cj.jdbc.exceptions.MysqlDataTruncation: Data truncation: Out of range value for column \'salary\' at row 1\r\n### The error may exist in file [I:\\RuoYi-Vue-master\\ruoyi-employment\\target\\classes\\mapper\\employment\\DepartmentsStudentsMapper.xml]\r\n### The error may involve defaultParameterMap\r\n### The error occurred while setting parameters\r\n### SQL: insert into employment_info( employment_id, student_id, company_name, position, salary, employment_date, location, status) values                        ( ?, ?, ?, ?, ?, ?, ?, ?)\r\n### Cause: com.mysql.cj.jdbc.exceptions.MysqlDataTruncation: Data truncation: Out of range value for column \'salary\' at row 1\n; Data truncation: Out of range value for column \'salary\' at row 1; nested exception is com.mysql.cj.jdbc.exceptions.MysqlDataTruncation: Data truncation: Out of range value for column \'salary\' at row 1','2024-07-02 11:45:57',106),(151,'高校院系专业学生信息',1,'com.ruoyi.web.controller.employment.DepartmentsStudentsController.add()','POST',1,'admin','研发部门','/employment/departments_students','127.0.0.1','内网IP','{\"collegeId\":2,\"collegeName\":\"宝鸡职业学院\",\"dateOfBirth\":\"2024-07-03\",\"departmentId\":2,\"departmentName\":\"阿达是的\",\"employmentInfoList\":[{\"companyName\":\"1\",\"employmentDate\":\"2024-07-24\",\"location\":\"阿打算\",\"params\":{},\"position\":\"啊大大\",\"salary\":100000000,\"status\":\"\",\"studentId\":4}],\"gender\":\"男\",\"id\":4,\"majorId\":1231,\"majorName\":\"阿达是的\",\"params\":{},\"studentId\":2021903959,\"studentName\":\"司珂涵\"}',NULL,1,'\r\n### Error updating database.  Cause: com.mysql.cj.jdbc.exceptions.MysqlDataTruncation: Data truncation: Out of range value for column \'salary\' at row 1\r\n### The error may exist in file [I:\\RuoYi-Vue-master\\ruoyi-employment\\target\\classes\\mapper\\employment\\DepartmentsStudentsMapper.xml]\r\n### The error may involve defaultParameterMap\r\n### The error occurred while setting parameters\r\n### SQL: insert into employment_info( employment_id, student_id, company_name, position, salary, employment_date, location, status) values                        ( ?, ?, ?, ?, ?, ?, ?, ?)\r\n### Cause: com.mysql.cj.jdbc.exceptions.MysqlDataTruncation: Data truncation: Out of range value for column \'salary\' at row 1\n; Data truncation: Out of range value for column \'salary\' at row 1; nested exception is com.mysql.cj.jdbc.exceptions.MysqlDataTruncation: Data truncation: Out of range value for column \'salary\' at row 1','2024-07-02 11:46:12',6),(152,'高校院系专业学生信息',1,'com.ruoyi.web.controller.employment.DepartmentsStudentsController.add()','POST',1,'admin','研发部门','/employment/departments_students','127.0.0.1','内网IP','{\"collegeId\":2,\"collegeName\":\"宝鸡职业学院\",\"dateOfBirth\":\"2024-07-03\",\"departmentId\":2,\"departmentName\":\"阿达是的\",\"employmentInfoList\":[{\"companyName\":\"1\",\"employmentDate\":\"2024-07-24\",\"location\":\"阿打算\",\"params\":{},\"position\":\"啊大大\",\"salary\":100000000,\"status\":\"\",\"studentId\":5}],\"gender\":\"男\",\"id\":5,\"majorId\":1231,\"majorName\":\"阿达是的\",\"params\":{},\"studentId\":2021903959,\"studentName\":\"司珂涵\"}',NULL,1,'\r\n### Error updating database.  Cause: com.mysql.cj.jdbc.exceptions.MysqlDataTruncation: Data truncation: Out of range value for column \'salary\' at row 1\r\n### The error may exist in file [I:\\RuoYi-Vue-master\\ruoyi-employment\\target\\classes\\mapper\\employment\\DepartmentsStudentsMapper.xml]\r\n### The error may involve defaultParameterMap\r\n### The error occurred while setting parameters\r\n### SQL: insert into employment_info( employment_id, student_id, company_name, position, salary, employment_date, location, status) values                        ( ?, ?, ?, ?, ?, ?, ?, ?)\r\n### Cause: com.mysql.cj.jdbc.exceptions.MysqlDataTruncation: Data truncation: Out of range value for column \'salary\' at row 1\n; Data truncation: Out of range value for column \'salary\' at row 1; nested exception is com.mysql.cj.jdbc.exceptions.MysqlDataTruncation: Data truncation: Out of range value for column \'salary\' at row 1','2024-07-02 11:46:17',8),(153,'高校院系专业学生信息',1,'com.ruoyi.web.controller.employment.DepartmentsStudentsController.add()','POST',1,'admin','研发部门','/employment/departments_students','127.0.0.1','内网IP','{\"collegeId\":2,\"collegeName\":\"宝鸡职业学院\",\"dateOfBirth\":\"2024-07-03\",\"departmentId\":2,\"departmentName\":\"阿达是的\",\"employmentInfoList\":[{\"companyName\":\"1\",\"employmentDate\":\"2024-07-24\",\"location\":\"阿打算\",\"params\":{},\"position\":\"啊大大\",\"salary\":100000000,\"status\":\"\",\"studentId\":6}],\"gender\":\"男\",\"id\":6,\"majorId\":2,\"majorName\":\"阿达是的\",\"params\":{},\"studentId\":2021903959,\"studentName\":\"司珂涵\"}',NULL,1,'\r\n### Error updating database.  Cause: com.mysql.cj.jdbc.exceptions.MysqlDataTruncation: Data truncation: Out of range value for column \'salary\' at row 1\r\n### The error may exist in file [I:\\RuoYi-Vue-master\\ruoyi-employment\\target\\classes\\mapper\\employment\\DepartmentsStudentsMapper.xml]\r\n### The error may involve defaultParameterMap\r\n### The error occurred while setting parameters\r\n### SQL: insert into employment_info( employment_id, student_id, company_name, position, salary, employment_date, location, status) values                        ( ?, ?, ?, ?, ?, ?, ?, ?)\r\n### Cause: com.mysql.cj.jdbc.exceptions.MysqlDataTruncation: Data truncation: Out of range value for column \'salary\' at row 1\n; Data truncation: Out of range value for column \'salary\' at row 1; nested exception is com.mysql.cj.jdbc.exceptions.MysqlDataTruncation: Data truncation: Out of range value for column \'salary\' at row 1','2024-07-02 11:46:23',6),(154,'高校院系专业学生信息',1,'com.ruoyi.web.controller.employment.DepartmentsStudentsController.add()','POST',1,'admin','研发部门','/employment/departments_students','127.0.0.1','内网IP','{\"collegeId\":2,\"collegeName\":\"宝鸡职业学院\",\"dateOfBirth\":\"2024-07-03\",\"departmentId\":2,\"departmentName\":\"阿达是的\",\"employmentInfoList\":[{\"companyName\":\"1\",\"employmentDate\":\"2024-07-24\",\"location\":\"阿打算\",\"params\":{},\"position\":\"啊大大\",\"salary\":100000,\"status\":\"\",\"studentId\":7}],\"gender\":\"男\",\"id\":7,\"majorId\":2,\"majorName\":\"阿达是的\",\"params\":{},\"studentId\":2021903959,\"studentName\":\"司珂涵\"}',NULL,1,'\r\n### Error updating database.  Cause: java.sql.SQLIntegrityConstraintViolationException: Cannot add or update a child row: a foreign key constraint fails (`ruoyi-vue`.`employment_info`, CONSTRAINT `employment_info_ibfk_1` FOREIGN KEY (`student_id`) REFERENCES `departments_students` (`student_id`))\r\n### The error may exist in file [I:\\RuoYi-Vue-master\\ruoyi-employment\\target\\classes\\mapper\\employment\\DepartmentsStudentsMapper.xml]\r\n### The error may involve defaultParameterMap\r\n### The error occurred while setting parameters\r\n### SQL: insert into employment_info( employment_id, student_id, company_name, position, salary, employment_date, location, status) values                        ( ?, ?, ?, ?, ?, ?, ?, ?)\r\n### Cause: java.sql.SQLIntegrityConstraintViolationException: Cannot add or update a child row: a foreign key constraint fails (`ruoyi-vue`.`employment_info`, CONSTRAINT `employment_info_ibfk_1` FOREIGN KEY (`student_id`) REFERENCES `departments_students` (`student_id`))\n; Cannot add or update a child row: a foreign key constraint fails (`ruoyi-vue`.`employment_info`, CONSTRAINT `employment_info_ibfk_1` FOREIGN KEY (`student_id`) REFERENCES `departments_students` (`student_id`)); nested exception is java.sql.SQLIntegrityConstraintViolationException: Cannot add or update a child row: a foreign key constraint fails (`ruoyi-vue`.`employment_info`, CONSTRAINT `employment_info_ibfk_1` FOREIGN KEY (`student_id`) REFERENCES `departments_students` (`student_id`))','2024-07-02 11:46:50',9),(155,'高校院系专业学生信息',1,'com.ruoyi.web.controller.employment.DepartmentsStudentsController.add()','POST',1,'admin','研发部门','/employment/departments_students','127.0.0.1','内网IP','{\"collegeId\":2,\"collegeName\":\"宝鸡职业学院\",\"dateOfBirth\":\"2024-07-03\",\"departmentId\":2,\"departmentName\":\"阿达是的\",\"employmentInfoList\":[{\"companyName\":\"1\",\"employmentDate\":\"2024-07-24\",\"location\":\"阿打算\",\"params\":{},\"position\":\"啊大大\",\"salary\":1,\"status\":\"\",\"studentId\":8}],\"gender\":\"男\",\"id\":8,\"majorId\":2,\"majorName\":\"阿达是的\",\"params\":{},\"studentId\":2021903959,\"studentName\":\"司珂涵\"}',NULL,1,'\r\n### Error updating database.  Cause: java.sql.SQLIntegrityConstraintViolationException: Cannot add or update a child row: a foreign key constraint fails (`ruoyi-vue`.`employment_info`, CONSTRAINT `employment_info_ibfk_1` FOREIGN KEY (`student_id`) REFERENCES `departments_students` (`student_id`))\r\n### The error may exist in file [I:\\RuoYi-Vue-master\\ruoyi-employment\\target\\classes\\mapper\\employment\\DepartmentsStudentsMapper.xml]\r\n### The error may involve defaultParameterMap\r\n### The error occurred while setting parameters\r\n### SQL: insert into employment_info( employment_id, student_id, company_name, position, salary, employment_date, location, status) values                        ( ?, ?, ?, ?, ?, ?, ?, ?)\r\n### Cause: java.sql.SQLIntegrityConstraintViolationException: Cannot add or update a child row: a foreign key constraint fails (`ruoyi-vue`.`employment_info`, CONSTRAINT `employment_info_ibfk_1` FOREIGN KEY (`student_id`) REFERENCES `departments_students` (`student_id`))\n; Cannot add or update a child row: a foreign key constraint fails (`ruoyi-vue`.`employment_info`, CONSTRAINT `employment_info_ibfk_1` FOREIGN KEY (`student_id`) REFERENCES `departments_students` (`student_id`)); nested exception is java.sql.SQLIntegrityConstraintViolationException: Cannot add or update a child row: a foreign key constraint fails (`ruoyi-vue`.`employment_info`, CONSTRAINT `employment_info_ibfk_1` FOREIGN KEY (`student_id`) REFERENCES `departments_students` (`student_id`))','2024-07-02 11:46:53',7),(156,'高校院系专业学生信息',3,'com.ruoyi.web.controller.employment.DepartmentsStudentsController.remove()','DELETE',1,'admin','研发部门','/employment/departments_students/2','127.0.0.1','内网IP','{}',NULL,1,'\r\n### Error updating database.  Cause: java.sql.SQLIntegrityConstraintViolationException: Cannot delete or update a parent row: a foreign key constraint fails (`ruoyi-vue`.`employment_info`, CONSTRAINT `employment_info_ibfk_1` FOREIGN KEY (`student_id`) REFERENCES `departments_students` (`student_id`))\r\n### The error may exist in file [I:\\RuoYi-Vue-master\\ruoyi-employment\\target\\classes\\mapper\\employment\\DepartmentsStudentsMapper.xml]\r\n### The error may involve com.ruoyi.employment.mapper.DepartmentsStudentsMapper.deleteDepartmentsStudentsByIds-Inline\r\n### The error occurred while setting parameters\r\n### SQL: delete from departments_students where id in           (               ?          )\r\n### Cause: java.sql.SQLIntegrityConstraintViolationException: Cannot delete or update a parent row: a foreign key constraint fails (`ruoyi-vue`.`employment_info`, CONSTRAINT `employment_info_ibfk_1` FOREIGN KEY (`student_id`) REFERENCES `departments_students` (`student_id`))\n; Cannot delete or update a parent row: a foreign key constraint fails (`ruoyi-vue`.`employment_info`, CONSTRAINT `employment_info_ibfk_1` FOREIGN KEY (`student_id`) REFERENCES `departments_students` (`student_id`)); nested exception is java.sql.SQLIntegrityConstraintViolationException: Cannot delete or update a parent row: a foreign key constraint fails (`ruoyi-vue`.`employment_info`, CONSTRAINT `employment_info_ibfk_1` FOREIGN KEY (`student_id`) REFERENCES `departments_students` (`student_id`))','2024-07-02 11:47:32',6),(157,'高校院系专业学生信息',3,'com.ruoyi.web.controller.employment.DepartmentsStudentsController.remove()','DELETE',1,'admin','研发部门','/employment/departments_students/2','127.0.0.1','内网IP','{}',NULL,1,'\r\n### Error updating database.  Cause: java.sql.SQLIntegrityConstraintViolationException: Cannot delete or update a parent row: a foreign key constraint fails (`ruoyi-vue`.`employment_info`, CONSTRAINT `employment_info_ibfk_1` FOREIGN KEY (`student_id`) REFERENCES `departments_students` (`student_id`))\r\n### The error may exist in file [I:\\RuoYi-Vue-master\\ruoyi-employment\\target\\classes\\mapper\\employment\\DepartmentsStudentsMapper.xml]\r\n### The error may involve com.ruoyi.employment.mapper.DepartmentsStudentsMapper.deleteDepartmentsStudentsByIds-Inline\r\n### The error occurred while setting parameters\r\n### SQL: delete from departments_students where id in           (               ?          )\r\n### Cause: java.sql.SQLIntegrityConstraintViolationException: Cannot delete or update a parent row: a foreign key constraint fails (`ruoyi-vue`.`employment_info`, CONSTRAINT `employment_info_ibfk_1` FOREIGN KEY (`student_id`) REFERENCES `departments_students` (`student_id`))\n; Cannot delete or update a parent row: a foreign key constraint fails (`ruoyi-vue`.`employment_info`, CONSTRAINT `employment_info_ibfk_1` FOREIGN KEY (`student_id`) REFERENCES `departments_students` (`student_id`)); nested exception is java.sql.SQLIntegrityConstraintViolationException: Cannot delete or update a parent row: a foreign key constraint fails (`ruoyi-vue`.`employment_info`, CONSTRAINT `employment_info_ibfk_1` FOREIGN KEY (`student_id`) REFERENCES `departments_students` (`student_id`))','2024-07-02 11:48:40',6),(158,'高校院系专业学生信息',2,'com.ruoyi.web.controller.employment.DepartmentsStudentsController.edit()','PUT',1,'admin','研发部门','/employment/departments_students','127.0.0.1','内网IP','{\"collegeId\":1,\"collegeName\":\"长安大学\",\"dateOfBirth\":\"2000-02-01\",\"departmentId\":1,\"departmentName\":\"信息工程学院\",\"employmentInfoList\":[],\"enrollmentYear\":\"2021-01-01\",\"gender\":\"M\",\"id\":2,\"majorId\":1,\"majorName\":\"软件工程\",\"params\":{},\"studentId\":2021000002,\"studentName\":\"学生B\"}',NULL,1,'\r\n### Error updating database.  Cause: java.sql.SQLException: Data truncated for column \'enrollment_year\' at row 1\r\n### The error may exist in file [I:\\RuoYi-Vue-master\\ruoyi-employment\\target\\classes\\mapper\\employment\\DepartmentsStudentsMapper.xml]\r\n### The error may involve com.ruoyi.employment.mapper.DepartmentsStudentsMapper.updateDepartmentsStudents-Inline\r\n### The error occurred while setting parameters\r\n### SQL: update departments_students          SET college_id = ?,             college_name = ?,             department_id = ?,             department_name = ?,             major_id = ?,             major_name = ?,             student_id = ?,             student_name = ?,             gender = ?,             date_of_birth = ?,             enrollment_year = ?          where id = ?\r\n### Cause: java.sql.SQLException: Data truncated for column \'enrollment_year\' at row 1\n; Data truncated for column \'enrollment_year\' at row 1; nested exception is java.sql.SQLException: Data truncated for column \'enrollment_year\' at row 1','2024-07-02 11:52:03',6),(159,'高校院系专业学生信息',2,'com.ruoyi.web.controller.employment.DepartmentsStudentsController.edit()','PUT',1,'admin','研发部门','/employment/departments_students','127.0.0.1','内网IP','{\"collegeId\":1,\"collegeName\":\"长安大学\",\"dateOfBirth\":\"2000-01-05\",\"departmentId\":1,\"departmentName\":\"信息工程学院\",\"employmentInfoList\":[],\"enrollmentYear\":\"2021-01-01\",\"gender\":\"M\",\"id\":1,\"majorId\":1,\"majorName\":\"软件工程\",\"params\":{},\"studentId\":2021000001,\"studentName\":\"学生A\"}',NULL,1,'\r\n### Error updating database.  Cause: java.sql.SQLException: Data truncated for column \'enrollment_year\' at row 1\r\n### The error may exist in file [I:\\RuoYi-Vue-master\\ruoyi-employment\\target\\classes\\mapper\\employment\\DepartmentsStudentsMapper.xml]\r\n### The error may involve com.ruoyi.employment.mapper.DepartmentsStudentsMapper.updateDepartmentsStudents-Inline\r\n### The error occurred while setting parameters\r\n### SQL: update departments_students          SET college_id = ?,             college_name = ?,             department_id = ?,             department_name = ?,             major_id = ?,             major_name = ?,             student_id = ?,             student_name = ?,             gender = ?,             date_of_birth = ?,             enrollment_year = ?          where id = ?\r\n### Cause: java.sql.SQLException: Data truncated for column \'enrollment_year\' at row 1\n; Data truncated for column \'enrollment_year\' at row 1; nested exception is java.sql.SQLException: Data truncated for column \'enrollment_year\' at row 1','2024-07-02 11:52:59',4),(160,'高校院系专业学生信息',2,'com.ruoyi.web.controller.employment.DepartmentsStudentsController.edit()','PUT',1,'admin','研发部门','/employment/departments_students','127.0.0.1','内网IP','{\"collegeId\":1,\"collegeName\":\"长安大学\",\"dateOfBirth\":\"1999-12-30\",\"departmentId\":1,\"departmentName\":\"信息工程学院\",\"employmentInfoList\":[],\"enrollmentYear\":\"2021-01-01\",\"gender\":\"F\",\"id\":2,\"majorId\":1,\"majorName\":\"软件工程\",\"params\":{},\"studentId\":2021000002,\"studentName\":\"学生B\"}',NULL,1,'\r\n### Error updating database.  Cause: java.sql.SQLException: Data truncated for column \'enrollment_year\' at row 1\r\n### The error may exist in file [I:\\RuoYi-Vue-master\\ruoyi-employment\\target\\classes\\mapper\\employment\\DepartmentsStudentsMapper.xml]\r\n### The error may involve com.ruoyi.employment.mapper.DepartmentsStudentsMapper.updateDepartmentsStudents-Inline\r\n### The error occurred while setting parameters\r\n### SQL: update departments_students          SET college_id = ?,             college_name = ?,             department_id = ?,             department_name = ?,             major_id = ?,             major_name = ?,             student_id = ?,             student_name = ?,             gender = ?,             date_of_birth = ?,             enrollment_year = ?          where id = ?\r\n### Cause: java.sql.SQLException: Data truncated for column \'enrollment_year\' at row 1\n; Data truncated for column \'enrollment_year\' at row 1; nested exception is java.sql.SQLException: Data truncated for column \'enrollment_year\' at row 1','2024-07-02 11:54:05',4),(161,'高校院系专业学生信息',2,'com.ruoyi.web.controller.employment.DepartmentsStudentsController.edit()','PUT',1,'admin','研发部门','/employment/departments_students','127.0.0.1','内网IP','{\"collegeId\":1,\"collegeName\":\"长安大学\",\"dateOfBirth\":\"2000-01-02\",\"departmentId\":1,\"departmentName\":\"信息工程学院\",\"employmentInfoList\":[],\"enrollmentYear\":\"2021-01-01\",\"gender\":\"M\",\"id\":9,\"majorId\":1,\"majorName\":\"软件工程\",\"params\":{},\"studentId\":2021000004,\"studentName\":\"学生D\"}',NULL,1,'\r\n### Error updating database.  Cause: java.sql.SQLException: Data truncated for column \'enrollment_year\' at row 1\r\n### The error may exist in file [I:\\RuoYi-Vue-master\\ruoyi-employment\\target\\classes\\mapper\\employment\\DepartmentsStudentsMapper.xml]\r\n### The error may involve com.ruoyi.employment.mapper.DepartmentsStudentsMapper.updateDepartmentsStudents-Inline\r\n### The error occurred while setting parameters\r\n### SQL: update departments_students          SET college_id = ?,             college_name = ?,             department_id = ?,             department_name = ?,             major_id = ?,             major_name = ?,             student_id = ?,             student_name = ?,             gender = ?,             date_of_birth = ?,             enrollment_year = ?          where id = ?\r\n### Cause: java.sql.SQLException: Data truncated for column \'enrollment_year\' at row 1\n; Data truncated for column \'enrollment_year\' at row 1; nested exception is java.sql.SQLException: Data truncated for column \'enrollment_year\' at row 1','2024-07-02 11:56:27',4),(162,'高校院系专业学生信息',3,'com.ruoyi.web.controller.employment.DepartmentsStudentsController.remove()','DELETE',1,'admin','研发部门','/employment/departments_students/9','127.0.0.1','内网IP','{}',NULL,1,'\r\n### Error updating database.  Cause: java.sql.SQLIntegrityConstraintViolationException: Cannot delete or update a parent row: a foreign key constraint fails (`ruoyi-vue`.`employment_analysis`, CONSTRAINT `employment_analysis_ibfk_2` FOREIGN KEY (`department_id`) REFERENCES `departments_students` (`department_id`))\r\n### The error may exist in file [I:\\RuoYi-Vue-master\\ruoyi-employment\\target\\classes\\mapper\\employment\\DepartmentsStudentsMapper.xml]\r\n### The error may involve com.ruoyi.employment.mapper.DepartmentsStudentsMapper.deleteDepartmentsStudentsByIds-Inline\r\n### The error occurred while setting parameters\r\n### SQL: delete from departments_students where id in           (               ?          )\r\n### Cause: java.sql.SQLIntegrityConstraintViolationException: Cannot delete or update a parent row: a foreign key constraint fails (`ruoyi-vue`.`employment_analysis`, CONSTRAINT `employment_analysis_ibfk_2` FOREIGN KEY (`department_id`) REFERENCES `departments_students` (`department_id`))\n; Cannot delete or update a parent row: a foreign key constraint fails (`ruoyi-vue`.`employment_analysis`, CONSTRAINT `employment_analysis_ibfk_2` FOREIGN KEY (`department_id`) REFERENCES `departments_students` (`department_id`)); nested exception is java.sql.SQLIntegrityConstraintViolationException: Cannot delete or update a parent row: a foreign key constraint fails (`ruoyi-vue`.`employment_analysis`, CONSTRAINT `employment_analysis_ibfk_2` FOREIGN KEY (`department_id`) REFERENCES `departments_students` (`department_id`))','2024-07-02 11:56:30',5),(163,'高校院系专业学生信息',3,'com.ruoyi.web.controller.employment.DepartmentsStudentsController.remove()','DELETE',1,'admin','研发部门','/employment/departments_students/10','127.0.0.1','内网IP','{}','{\"msg\":\"操作成功\",\"code\":200}',0,NULL,'2024-07-02 11:57:59',5),(164,'高校院系专业学生信息',3,'com.ruoyi.web.controller.employment.DepartmentsStudentsController.remove()','DELETE',1,'admin','研发部门','/employment/departments_students/9','127.0.0.1','内网IP','{}',NULL,1,'\r\n### Error updating database.  Cause: java.sql.SQLIntegrityConstraintViolationException: Cannot delete or update a parent row: a foreign key constraint fails (`ruoyi-vue`.`employment_analysis`, CONSTRAINT `employment_analysis_ibfk_2` FOREIGN KEY (`department_id`) REFERENCES `departments_students` (`department_id`))\r\n### The error may exist in file [I:\\RuoYi-Vue-master\\ruoyi-employment\\target\\classes\\mapper\\employment\\DepartmentsStudentsMapper.xml]\r\n### The error may involve com.ruoyi.employment.mapper.DepartmentsStudentsMapper.deleteDepartmentsStudentsByIds-Inline\r\n### The error occurred while setting parameters\r\n### SQL: delete from departments_students where id in           (               ?          )\r\n### Cause: java.sql.SQLIntegrityConstraintViolationException: Cannot delete or update a parent row: a foreign key constraint fails (`ruoyi-vue`.`employment_analysis`, CONSTRAINT `employment_analysis_ibfk_2` FOREIGN KEY (`department_id`) REFERENCES `departments_students` (`department_id`))\n; Cannot delete or update a parent row: a foreign key constraint fails (`ruoyi-vue`.`employment_analysis`, CONSTRAINT `employment_analysis_ibfk_2` FOREIGN KEY (`department_id`) REFERENCES `departments_students` (`department_id`)); nested exception is java.sql.SQLIntegrityConstraintViolationException: Cannot delete or update a parent row: a foreign key constraint fails (`ruoyi-vue`.`employment_analysis`, CONSTRAINT `employment_analysis_ibfk_2` FOREIGN KEY (`department_id`) REFERENCES `departments_students` (`department_id`))','2024-07-02 11:58:04',4),(165,'高校院系专业学生信息',3,'com.ruoyi.web.controller.employment.DepartmentsStudentsController.remove()','DELETE',1,'admin','研发部门','/employment/departments_students/9','127.0.0.1','内网IP','{}',NULL,1,'\r\n### Error updating database.  Cause: java.sql.SQLIntegrityConstraintViolationException: Cannot delete or update a parent row: a foreign key constraint fails (`ruoyi-vue`.`employment_analysis`, CONSTRAINT `employment_analysis_ibfk_2` FOREIGN KEY (`department_id`) REFERENCES `departments_students` (`department_id`))\r\n### The error may exist in file [I:\\RuoYi-Vue-master\\ruoyi-employment\\target\\classes\\mapper\\employment\\DepartmentsStudentsMapper.xml]\r\n### The error may involve com.ruoyi.employment.mapper.DepartmentsStudentsMapper.deleteDepartmentsStudentsByIds-Inline\r\n### The error occurred while setting parameters\r\n### SQL: delete from departments_students where id in           (               ?          )\r\n### Cause: java.sql.SQLIntegrityConstraintViolationException: Cannot delete or update a parent row: a foreign key constraint fails (`ruoyi-vue`.`employment_analysis`, CONSTRAINT `employment_analysis_ibfk_2` FOREIGN KEY (`department_id`) REFERENCES `departments_students` (`department_id`))\n; Cannot delete or update a parent row: a foreign key constraint fails (`ruoyi-vue`.`employment_analysis`, CONSTRAINT `employment_analysis_ibfk_2` FOREIGN KEY (`department_id`) REFERENCES `departments_students` (`department_id`)); nested exception is java.sql.SQLIntegrityConstraintViolationException: Cannot delete or update a parent row: a foreign key constraint fails (`ruoyi-vue`.`employment_analysis`, CONSTRAINT `employment_analysis_ibfk_2` FOREIGN KEY (`department_id`) REFERENCES `departments_students` (`department_id`))','2024-07-02 11:58:20',4),(166,'高校院系专业学生信息',3,'com.ruoyi.web.controller.employment.DepartmentsStudentsController.remove()','DELETE',1,'admin','研发部门','/employment/departments_students/11','127.0.0.1','内网IP','{}','{\"msg\":\"操作成功\",\"code\":200}',0,NULL,'2024-07-02 11:58:57',5),(167,'高校院系专业学生信息',3,'com.ruoyi.web.controller.employment.DepartmentsStudentsController.remove()','DELETE',1,'admin','研发部门','/employment/departments_students/12','127.0.0.1','内网IP','{}','{\"msg\":\"操作成功\",\"code\":200}',0,NULL,'2024-07-02 11:58:59',6),(168,'高校院系专业学生信息',1,'com.ruoyi.web.controller.employment.DepartmentsStudentsController.add()','POST',1,'admin','研发部门','/employment/departments_students','127.0.0.1','内网IP','{\"collegeId\":3,\"collegeName\":\"大学\",\"dateOfBirth\":\"2024-07-02\",\"departmentId\":3,\"departmentName\":\"院系\",\"employmentInfoList\":[],\"gender\":\"M\",\"id\":15,\"majorId\":3,\"majorName\":\"专业\",\"params\":{},\"studentId\":2021000008,\"studentName\":\"老师\"}','{\"msg\":\"操作成功\",\"code\":200}',0,NULL,'2024-07-02 12:00:06',5),(169,'高校院系专业学生信息',2,'com.ruoyi.web.controller.employment.DepartmentsStudentsController.edit()','PUT',1,'admin','研发部门','/employment/departments_students','127.0.0.1','内网IP','{\"collegeId\":3,\"collegeName\":\"大学\",\"dateOfBirth\":\"2024-07-02\",\"departmentId\":3,\"departmentName\":\"院系\",\"employmentInfoList\":[],\"gender\":\"M\",\"id\":15,\"majorId\":3,\"majorName\":\"专业\",\"params\":{},\"studentId\":2021000008,\"studentName\":\"老师是\"}','{\"msg\":\"操作成功\",\"code\":200}',0,NULL,'2024-07-02 12:00:18',5),(170,'高校院系专业学生信息',3,'com.ruoyi.web.controller.employment.DepartmentsStudentsController.remove()','DELETE',1,'admin','研发部门','/employment/departments_students/14','127.0.0.1','内网IP','{}','{\"msg\":\"操作成功\",\"code\":200}',0,NULL,'2024-07-02 12:00:26',5),(171,'高校院系专业学生信息',3,'com.ruoyi.web.controller.employment.DepartmentsStudentsController.remove()','DELETE',1,'admin','研发部门','/employment/departments_students/2','127.0.0.1','内网IP','{}',NULL,1,'\r\n### Error updating database.  Cause: java.sql.SQLIntegrityConstraintViolationException: Cannot delete or update a parent row: a foreign key constraint fails (`ruoyi-vue`.`employment_info`, CONSTRAINT `employment_info_ibfk_1` FOREIGN KEY (`student_id`) REFERENCES `departments_students` (`student_id`))\r\n### The error may exist in file [I:\\RuoYi-Vue-master\\ruoyi-employment\\target\\classes\\mapper\\employment\\DepartmentsStudentsMapper.xml]\r\n### The error may involve com.ruoyi.employment.mapper.DepartmentsStudentsMapper.deleteDepartmentsStudentsByIds-Inline\r\n### The error occurred while setting parameters\r\n### SQL: delete from departments_students where id in           (               ?          )\r\n### Cause: java.sql.SQLIntegrityConstraintViolationException: Cannot delete or update a parent row: a foreign key constraint fails (`ruoyi-vue`.`employment_info`, CONSTRAINT `employment_info_ibfk_1` FOREIGN KEY (`student_id`) REFERENCES `departments_students` (`student_id`))\n; Cannot delete or update a parent row: a foreign key constraint fails (`ruoyi-vue`.`employment_info`, CONSTRAINT `employment_info_ibfk_1` FOREIGN KEY (`student_id`) REFERENCES `departments_students` (`student_id`)); nested exception is java.sql.SQLIntegrityConstraintViolationException: Cannot delete or update a parent row: a foreign key constraint fails (`ruoyi-vue`.`employment_info`, CONSTRAINT `employment_info_ibfk_1` FOREIGN KEY (`student_id`) REFERENCES `departments_students` (`student_id`))','2024-07-02 12:00:28',5),(172,'高校院系专业学生信息',3,'com.ruoyi.web.controller.employment.DepartmentsStudentsController.remove()','DELETE',1,'admin','研发部门','/employment/departments_students/1','127.0.0.1','内网IP','{}',NULL,1,'\r\n### Error updating database.  Cause: java.sql.SQLIntegrityConstraintViolationException: Cannot delete or update a parent row: a foreign key constraint fails (`ruoyi-vue`.`employment_analysis`, CONSTRAINT `employment_analysis_ibfk_1` FOREIGN KEY (`student_id`) REFERENCES `departments_students` (`student_id`))\r\n### The error may exist in file [I:\\RuoYi-Vue-master\\ruoyi-employment\\target\\classes\\mapper\\employment\\DepartmentsStudentsMapper.xml]\r\n### The error may involve com.ruoyi.employment.mapper.DepartmentsStudentsMapper.deleteDepartmentsStudentsByIds-Inline\r\n### The error occurred while setting parameters\r\n### SQL: delete from departments_students where id in           (               ?          )\r\n### Cause: java.sql.SQLIntegrityConstraintViolationException: Cannot delete or update a parent row: a foreign key constraint fails (`ruoyi-vue`.`employment_analysis`, CONSTRAINT `employment_analysis_ibfk_1` FOREIGN KEY (`student_id`) REFERENCES `departments_students` (`student_id`))\n; Cannot delete or update a parent row: a foreign key constraint fails (`ruoyi-vue`.`employment_analysis`, CONSTRAINT `employment_analysis_ibfk_1` FOREIGN KEY (`student_id`) REFERENCES `departments_students` (`student_id`)); nested exception is java.sql.SQLIntegrityConstraintViolationException: Cannot delete or update a parent row: a foreign key constraint fails (`ruoyi-vue`.`employment_analysis`, CONSTRAINT `employment_analysis_ibfk_1` FOREIGN KEY (`student_id`) REFERENCES `departments_students` (`student_id`))','2024-07-02 12:00:41',6),(173,'高校院系专业学生信息',3,'com.ruoyi.web.controller.employment.DepartmentsStudentsController.remove()','DELETE',1,'admin','研发部门','/employment/departments_students/2','127.0.0.1','内网IP','{}',NULL,1,'\r\n### Error updating database.  Cause: java.sql.SQLIntegrityConstraintViolationException: Cannot delete or update a parent row: a foreign key constraint fails (`ruoyi-vue`.`employment_info`, CONSTRAINT `employment_info_ibfk_1` FOREIGN KEY (`student_id`) REFERENCES `departments_students` (`student_id`))\r\n### The error may exist in file [I:\\RuoYi-Vue-master\\ruoyi-employment\\target\\classes\\mapper\\employment\\DepartmentsStudentsMapper.xml]\r\n### The error may involve com.ruoyi.employment.mapper.DepartmentsStudentsMapper.deleteDepartmentsStudentsByIds-Inline\r\n### The error occurred while setting parameters\r\n### SQL: delete from departments_students where id in           (               ?          )\r\n### Cause: java.sql.SQLIntegrityConstraintViolationException: Cannot delete or update a parent row: a foreign key constraint fails (`ruoyi-vue`.`employment_info`, CONSTRAINT `employment_info_ibfk_1` FOREIGN KEY (`student_id`) REFERENCES `departments_students` (`student_id`))\n; Cannot delete or update a parent row: a foreign key constraint fails (`ruoyi-vue`.`employment_info`, CONSTRAINT `employment_info_ibfk_1` FOREIGN KEY (`student_id`) REFERENCES `departments_students` (`student_id`)); nested exception is java.sql.SQLIntegrityConstraintViolationException: Cannot delete or update a parent row: a foreign key constraint fails (`ruoyi-vue`.`employment_info`, CONSTRAINT `employment_info_ibfk_1` FOREIGN KEY (`student_id`) REFERENCES `departments_students` (`student_id`))','2024-07-02 12:00:42',4),(174,'高校院系专业学生信息',3,'com.ruoyi.web.controller.employment.DepartmentsStudentsController.remove()','DELETE',1,'admin','研发部门','/employment/departments_students/9','127.0.0.1','内网IP','{}',NULL,1,'\r\n### Error updating database.  Cause: java.sql.SQLIntegrityConstraintViolationException: Cannot delete or update a parent row: a foreign key constraint fails (`ruoyi-vue`.`employment_analysis`, CONSTRAINT `employment_analysis_ibfk_2` FOREIGN KEY (`department_id`) REFERENCES `departments_students` (`department_id`))\r\n### The error may exist in file [I:\\RuoYi-Vue-master\\ruoyi-employment\\target\\classes\\mapper\\employment\\DepartmentsStudentsMapper.xml]\r\n### The error may involve com.ruoyi.employment.mapper.DepartmentsStudentsMapper.deleteDepartmentsStudentsByIds-Inline\r\n### The error occurred while setting parameters\r\n### SQL: delete from departments_students where id in           (               ?          )\r\n### Cause: java.sql.SQLIntegrityConstraintViolationException: Cannot delete or update a parent row: a foreign key constraint fails (`ruoyi-vue`.`employment_analysis`, CONSTRAINT `employment_analysis_ibfk_2` FOREIGN KEY (`department_id`) REFERENCES `departments_students` (`department_id`))\n; Cannot delete or update a parent row: a foreign key constraint fails (`ruoyi-vue`.`employment_analysis`, CONSTRAINT `employment_analysis_ibfk_2` FOREIGN KEY (`department_id`) REFERENCES `departments_students` (`department_id`)); nested exception is java.sql.SQLIntegrityConstraintViolationException: Cannot delete or update a parent row: a foreign key constraint fails (`ruoyi-vue`.`employment_analysis`, CONSTRAINT `employment_analysis_ibfk_2` FOREIGN KEY (`department_id`) REFERENCES `departments_students` (`department_id`))','2024-07-02 12:00:43',6),(175,'高校院系专业学生信息',3,'com.ruoyi.web.controller.employment.DepartmentsStudentsController.remove()','DELETE',1,'admin','研发部门','/employment/departments_students/13','127.0.0.1','内网IP','{}','{\"msg\":\"操作成功\",\"code\":200}',0,NULL,'2024-07-02 12:00:45',5),(176,'高校院系专业学生信息',3,'com.ruoyi.web.controller.employment.DepartmentsStudentsController.remove()','DELETE',1,'admin','研发部门','/employment/departments_students/15','127.0.0.1','内网IP','{}','{\"msg\":\"操作成功\",\"code\":200}',0,NULL,'2024-07-02 12:00:53',4),(177,'高校院系专业学生信息',1,'com.ruoyi.web.controller.employment.DepartmentsStudentsController.add()','POST',1,'admin','研发部门','/employment/departments_students','127.0.0.1','内网IP','{\"collegeId\":3,\"collegeName\":\"爱仕达\",\"dateOfBirth\":\"2024-07-03\",\"departmentId\":3,\"departmentName\":\"大声道\",\"employmentInfoList\":[],\"gender\":\"M\",\"id\":16,\"majorId\":3,\"majorName\":\"阿达\",\"params\":{},\"studentId\":2021000006,\"studentName\":\"司珂涵\"}','{\"msg\":\"操作成功\",\"code\":200}',0,NULL,'2024-07-02 12:01:24',4),(178,'高校院系专业学生信息',2,'com.ruoyi.web.controller.employment.DepartmentsStudentsController.edit()','PUT',1,'admin','研发部门','/employment/departments_students','127.0.0.1','内网IP','{\"collegeId\":3,\"collegeName\":\"清华大学\",\"dateOfBirth\":\"2024-07-03\",\"departmentId\":3,\"departmentName\":\"大声道\",\"employmentInfoList\":[],\"gender\":\"M\",\"id\":16,\"majorId\":3,\"majorName\":\"阿达\",\"params\":{},\"studentId\":2021000006,\"studentName\":\"司珂涵\"}','{\"msg\":\"操作成功\",\"code\":200}',0,NULL,'2024-07-02 12:01:38',6),(179,'高校院系专业学生信息',3,'com.ruoyi.web.controller.employment.DepartmentsStudentsController.remove()','DELETE',1,'admin','研发部门','/employment/departments_students/16','127.0.0.1','内网IP','{}','{\"msg\":\"操作成功\",\"code\":200}',0,NULL,'2024-07-02 12:01:42',4),(180,'高校院系专业学生信息',3,'com.ruoyi.web.controller.employment.DepartmentsStudentsController.remove()','DELETE',1,'admin','研发部门','/employment/departments_students/1','127.0.0.1','内网IP','{}',NULL,1,'\r\n### Error updating database.  Cause: java.sql.SQLIntegrityConstraintViolationException: Cannot delete or update a parent row: a foreign key constraint fails (`ruoyi-vue`.`employment_analysis`, CONSTRAINT `employment_analysis_ibfk_1` FOREIGN KEY (`student_id`) REFERENCES `departments_students` (`student_id`))\r\n### The error may exist in file [I:\\RuoYi-Vue-master\\ruoyi-employment\\target\\classes\\mapper\\employment\\DepartmentsStudentsMapper.xml]\r\n### The error may involve com.ruoyi.employment.mapper.DepartmentsStudentsMapper.deleteDepartmentsStudentsByIds-Inline\r\n### The error occurred while setting parameters\r\n### SQL: delete from departments_students where id in           (               ?          )\r\n### Cause: java.sql.SQLIntegrityConstraintViolationException: Cannot delete or update a parent row: a foreign key constraint fails (`ruoyi-vue`.`employment_analysis`, CONSTRAINT `employment_analysis_ibfk_1` FOREIGN KEY (`student_id`) REFERENCES `departments_students` (`student_id`))\n; Cannot delete or update a parent row: a foreign key constraint fails (`ruoyi-vue`.`employment_analysis`, CONSTRAINT `employment_analysis_ibfk_1` FOREIGN KEY (`student_id`) REFERENCES `departments_students` (`student_id`)); nested exception is java.sql.SQLIntegrityConstraintViolationException: Cannot delete or update a parent row: a foreign key constraint fails (`ruoyi-vue`.`employment_analysis`, CONSTRAINT `employment_analysis_ibfk_1` FOREIGN KEY (`student_id`) REFERENCES `departments_students` (`student_id`))','2024-07-02 14:02:54',47),(181,'高校院系专业学生信息',3,'com.ruoyi.web.controller.employment.DepartmentsStudentsController.remove()','DELETE',1,'admin','研发部门','/employment/departments_students/1','127.0.0.1','内网IP','{}',NULL,1,'\r\n### Error updating database.  Cause: java.sql.SQLIntegrityConstraintViolationException: Cannot delete or update a parent row: a foreign key constraint fails (`ruoyi-vue`.`employment_analysis`, CONSTRAINT `employment_analysis_ibfk_1` FOREIGN KEY (`student_id`) REFERENCES `departments_students` (`student_id`))\r\n### The error may exist in file [I:\\RuoYi-Vue-master\\ruoyi-employment\\target\\classes\\mapper\\employment\\DepartmentsStudentsMapper.xml]\r\n### The error may involve com.ruoyi.employment.mapper.DepartmentsStudentsMapper.deleteDepartmentsStudentsByIds-Inline\r\n### The error occurred while setting parameters\r\n### SQL: delete from departments_students where id in           (               ?          )\r\n### Cause: java.sql.SQLIntegrityConstraintViolationException: Cannot delete or update a parent row: a foreign key constraint fails (`ruoyi-vue`.`employment_analysis`, CONSTRAINT `employment_analysis_ibfk_1` FOREIGN KEY (`student_id`) REFERENCES `departments_students` (`student_id`))\n; Cannot delete or update a parent row: a foreign key constraint fails (`ruoyi-vue`.`employment_analysis`, CONSTRAINT `employment_analysis_ibfk_1` FOREIGN KEY (`student_id`) REFERENCES `departments_students` (`student_id`)); nested exception is java.sql.SQLIntegrityConstraintViolationException: Cannot delete or update a parent row: a foreign key constraint fails (`ruoyi-vue`.`employment_analysis`, CONSTRAINT `employment_analysis_ibfk_1` FOREIGN KEY (`student_id`) REFERENCES `departments_students` (`student_id`))','2024-07-02 14:03:02',6),(182,'高校院系专业学生信息',3,'com.ruoyi.web.controller.employment.DepartmentsStudentsController.remove()','DELETE',1,'admin','研发部门','/employment/departments_students/9','127.0.0.1','内网IP','{}',NULL,1,'\r\n### Error updating database.  Cause: java.sql.SQLIntegrityConstraintViolationException: Cannot delete or update a parent row: a foreign key constraint fails (`ruoyi-vue`.`employment_analysis`, CONSTRAINT `employment_analysis_ibfk_2` FOREIGN KEY (`department_id`) REFERENCES `departments_students` (`department_id`))\r\n### The error may exist in file [I:\\RuoYi-Vue-master\\ruoyi-employment\\target\\classes\\mapper\\employment\\DepartmentsStudentsMapper.xml]\r\n### The error may involve com.ruoyi.employment.mapper.DepartmentsStudentsMapper.deleteDepartmentsStudentsByIds-Inline\r\n### The error occurred while setting parameters\r\n### SQL: delete from departments_students where id in           (               ?          )\r\n### Cause: java.sql.SQLIntegrityConstraintViolationException: Cannot delete or update a parent row: a foreign key constraint fails (`ruoyi-vue`.`employment_analysis`, CONSTRAINT `employment_analysis_ibfk_2` FOREIGN KEY (`department_id`) REFERENCES `departments_students` (`department_id`))\n; Cannot delete or update a parent row: a foreign key constraint fails (`ruoyi-vue`.`employment_analysis`, CONSTRAINT `employment_analysis_ibfk_2` FOREIGN KEY (`department_id`) REFERENCES `departments_students` (`department_id`)); nested exception is java.sql.SQLIntegrityConstraintViolationException: Cannot delete or update a parent row: a foreign key constraint fails (`ruoyi-vue`.`employment_analysis`, CONSTRAINT `employment_analysis_ibfk_2` FOREIGN KEY (`department_id`) REFERENCES `departments_students` (`department_id`))','2024-07-02 14:06:18',15),(183,'高校院系专业学生信息',3,'com.ruoyi.web.controller.employment.DepartmentsStudentsController.remove()','DELETE',1,'admin','研发部门','/employment/departments_students/1','127.0.0.1','内网IP','{}',NULL,1,'\r\n### Error updating database.  Cause: java.sql.SQLIntegrityConstraintViolationException: Cannot delete or update a parent row: a foreign key constraint fails (`ruoyi-vue`.`employment_analysis`, CONSTRAINT `employment_analysis_ibfk_1` FOREIGN KEY (`student_id`) REFERENCES `departments_students` (`student_id`))\r\n### The error may exist in file [I:\\RuoYi-Vue-master\\ruoyi-employment\\target\\classes\\mapper\\employment\\DepartmentsStudentsMapper.xml]\r\n### The error may involve com.ruoyi.employment.mapper.DepartmentsStudentsMapper.deleteDepartmentsStudentsByIds-Inline\r\n### The error occurred while setting parameters\r\n### SQL: delete from departments_students where id in           (               ?          )\r\n### Cause: java.sql.SQLIntegrityConstraintViolationException: Cannot delete or update a parent row: a foreign key constraint fails (`ruoyi-vue`.`employment_analysis`, CONSTRAINT `employment_analysis_ibfk_1` FOREIGN KEY (`student_id`) REFERENCES `departments_students` (`student_id`))\n; Cannot delete or update a parent row: a foreign key constraint fails (`ruoyi-vue`.`employment_analysis`, CONSTRAINT `employment_analysis_ibfk_1` FOREIGN KEY (`student_id`) REFERENCES `departments_students` (`student_id`)); nested exception is java.sql.SQLIntegrityConstraintViolationException: Cannot delete or update a parent row: a foreign key constraint fails (`ruoyi-vue`.`employment_analysis`, CONSTRAINT `employment_analysis_ibfk_1` FOREIGN KEY (`student_id`) REFERENCES `departments_students` (`student_id`))','2024-07-02 14:06:21',15),(184,'高校院系专业学生信息',3,'com.ruoyi.web.controller.employment.DepartmentsStudentsController.remove()','DELETE',1,'admin','研发部门','/employment/departments_students/1','127.0.0.1','内网IP','{}',NULL,1,'\r\n### Error updating database.  Cause: java.sql.SQLIntegrityConstraintViolationException: Cannot delete or update a parent row: a foreign key constraint fails (`ruoyi-vue`.`employment_analysis`, CONSTRAINT `employment_analysis_ibfk_1` FOREIGN KEY (`student_id`) REFERENCES `departments_students` (`student_id`))\r\n### The error may exist in file [I:\\RuoYi-Vue-master\\ruoyi-employment\\target\\classes\\mapper\\employment\\DepartmentsStudentsMapper.xml]\r\n### The error may involve com.ruoyi.employment.mapper.DepartmentsStudentsMapper.deleteDepartmentsStudentsByIds-Inline\r\n### The error occurred while setting parameters\r\n### SQL: delete from departments_students where id in           (               ?          )\r\n### Cause: java.sql.SQLIntegrityConstraintViolationException: Cannot delete or update a parent row: a foreign key constraint fails (`ruoyi-vue`.`employment_analysis`, CONSTRAINT `employment_analysis_ibfk_1` FOREIGN KEY (`student_id`) REFERENCES `departments_students` (`student_id`))\n; Cannot delete or update a parent row: a foreign key constraint fails (`ruoyi-vue`.`employment_analysis`, CONSTRAINT `employment_analysis_ibfk_1` FOREIGN KEY (`student_id`) REFERENCES `departments_students` (`student_id`)); nested exception is java.sql.SQLIntegrityConstraintViolationException: Cannot delete or update a parent row: a foreign key constraint fails (`ruoyi-vue`.`employment_analysis`, CONSTRAINT `employment_analysis_ibfk_1` FOREIGN KEY (`student_id`) REFERENCES `departments_students` (`student_id`))','2024-07-02 14:06:29',13),(185,'高校院系专业学生信息',3,'com.ruoyi.web.controller.employment.DepartmentsStudentsController.remove()','DELETE',1,'admin','研发部门','/employment/departments_students/2','127.0.0.1','内网IP','{}',NULL,1,'\r\n### Error updating database.  Cause: java.sql.SQLIntegrityConstraintViolationException: Cannot delete or update a parent row: a foreign key constraint fails (`ruoyi-vue`.`employment_analysis`, CONSTRAINT `employment_analysis_ibfk_2` FOREIGN KEY (`department_id`) REFERENCES `departments_students` (`department_id`))\r\n### The error may exist in file [I:\\RuoYi-Vue-master\\ruoyi-employment\\target\\classes\\mapper\\employment\\DepartmentsStudentsMapper.xml]\r\n### The error may involve com.ruoyi.employment.mapper.DepartmentsStudentsMapper.deleteDepartmentsStudentsByIds-Inline\r\n### The error occurred while setting parameters\r\n### SQL: delete from departments_students where id in           (               ?          )\r\n### Cause: java.sql.SQLIntegrityConstraintViolationException: Cannot delete or update a parent row: a foreign key constraint fails (`ruoyi-vue`.`employment_analysis`, CONSTRAINT `employment_analysis_ibfk_2` FOREIGN KEY (`department_id`) REFERENCES `departments_students` (`department_id`))\n; Cannot delete or update a parent row: a foreign key constraint fails (`ruoyi-vue`.`employment_analysis`, CONSTRAINT `employment_analysis_ibfk_2` FOREIGN KEY (`department_id`) REFERENCES `departments_students` (`department_id`)); nested exception is java.sql.SQLIntegrityConstraintViolationException: Cannot delete or update a parent row: a foreign key constraint fails (`ruoyi-vue`.`employment_analysis`, CONSTRAINT `employment_analysis_ibfk_2` FOREIGN KEY (`department_id`) REFERENCES `departments_students` (`department_id`))','2024-07-02 14:08:41',14),(186,'高校院系专业学生信息',3,'com.ruoyi.web.controller.employment.DepartmentsStudentsController.remove()','DELETE',1,'admin','研发部门','/employment/departments_students/1','127.0.0.1','内网IP','{}',NULL,1,'\r\n### Error updating database.  Cause: java.sql.SQLIntegrityConstraintViolationException: Cannot delete or update a parent row: a foreign key constraint fails (`ruoyi-vue`.`employment_analysis`, CONSTRAINT `employment_analysis_ibfk_1` FOREIGN KEY (`student_id`) REFERENCES `departments_students` (`student_id`))\r\n### The error may exist in file [I:\\RuoYi-Vue-master\\ruoyi-employment\\target\\classes\\mapper\\employment\\DepartmentsStudentsMapper.xml]\r\n### The error may involve com.ruoyi.employment.mapper.DepartmentsStudentsMapper.deleteDepartmentsStudentsByIds-Inline\r\n### The error occurred while setting parameters\r\n### SQL: delete from departments_students where id in           (               ?          )\r\n### Cause: java.sql.SQLIntegrityConstraintViolationException: Cannot delete or update a parent row: a foreign key constraint fails (`ruoyi-vue`.`employment_analysis`, CONSTRAINT `employment_analysis_ibfk_1` FOREIGN KEY (`student_id`) REFERENCES `departments_students` (`student_id`))\n; Cannot delete or update a parent row: a foreign key constraint fails (`ruoyi-vue`.`employment_analysis`, CONSTRAINT `employment_analysis_ibfk_1` FOREIGN KEY (`student_id`) REFERENCES `departments_students` (`student_id`)); nested exception is java.sql.SQLIntegrityConstraintViolationException: Cannot delete or update a parent row: a foreign key constraint fails (`ruoyi-vue`.`employment_analysis`, CONSTRAINT `employment_analysis_ibfk_1` FOREIGN KEY (`student_id`) REFERENCES `departments_students` (`student_id`))','2024-07-02 14:08:43',13),(187,'高校院系专业学生信息',3,'com.ruoyi.web.controller.employment.DepartmentsStudentsController.remove()','DELETE',1,'admin','研发部门','/employment/departments_students/9','127.0.0.1','内网IP','{}',NULL,1,'\r\n### Error updating database.  Cause: java.sql.SQLIntegrityConstraintViolationException: Cannot delete or update a parent row: a foreign key constraint fails (`ruoyi-vue`.`employment_analysis`, CONSTRAINT `employment_analysis_ibfk_2` FOREIGN KEY (`department_id`) REFERENCES `departments_students` (`department_id`))\r\n### The error may exist in file [I:\\RuoYi-Vue-master\\ruoyi-employment\\target\\classes\\mapper\\employment\\DepartmentsStudentsMapper.xml]\r\n### The error may involve com.ruoyi.employment.mapper.DepartmentsStudentsMapper.deleteDepartmentsStudentsByIds-Inline\r\n### The error occurred while setting parameters\r\n### SQL: delete from departments_students where id in           (               ?          )\r\n### Cause: java.sql.SQLIntegrityConstraintViolationException: Cannot delete or update a parent row: a foreign key constraint fails (`ruoyi-vue`.`employment_analysis`, CONSTRAINT `employment_analysis_ibfk_2` FOREIGN KEY (`department_id`) REFERENCES `departments_students` (`department_id`))\n; Cannot delete or update a parent row: a foreign key constraint fails (`ruoyi-vue`.`employment_analysis`, CONSTRAINT `employment_analysis_ibfk_2` FOREIGN KEY (`department_id`) REFERENCES `departments_students` (`department_id`)); nested exception is java.sql.SQLIntegrityConstraintViolationException: Cannot delete or update a parent row: a foreign key constraint fails (`ruoyi-vue`.`employment_analysis`, CONSTRAINT `employment_analysis_ibfk_2` FOREIGN KEY (`department_id`) REFERENCES `departments_students` (`department_id`))','2024-07-02 14:08:45',5),(188,'代码生成',2,'com.ruoyi.generator.controller.GenController.editSave()','PUT',1,'admin','研发部门','/tool/gen','127.0.0.1','内网IP','{\"businessName\":\"employment_info\",\"className\":\"EmploymentInfo\",\"columns\":[{\"capJavaField\":\"EmploymentId\",\"columnComment\":\"就业信息ID\",\"columnId\":33,\"columnName\":\"employment_id\",\"columnType\":\"bigint unsigned\",\"createBy\":\"admin\",\"createTime\":\"2024-07-02 11:18:56\",\"dictType\":\"\",\"edit\":false,\"increment\":true,\"insert\":true,\"isIncrement\":\"1\",\"isInsert\":\"1\",\"isPk\":\"1\",\"isRequired\":\"1\",\"javaField\":\"employmentId\",\"javaType\":\"Long\",\"list\":false,\"params\":{},\"pk\":true,\"query\":false,\"queryType\":\"EQ\",\"required\":true,\"sort\":1,\"superColumn\":false,\"tableId\":6,\"updateBy\":\"\",\"updateTime\":\"2024-07-02 11:29:00\",\"usableColumn\":false},{\"capJavaField\":\"StudentId\",\"columnComment\":\"学生ID\",\"columnId\":34,\"columnName\":\"student_id\",\"columnType\":\"bigint\",\"createBy\":\"admin\",\"createTime\":\"2024-07-02 11:18:56\",\"dictType\":\"\",\"edit\":true,\"htmlType\":\"input\",\"increment\":false,\"insert\":true,\"isEdit\":\"1\",\"isIncrement\":\"0\",\"isInsert\":\"1\",\"isList\":\"1\",\"isPk\":\"0\",\"isQuery\":\"1\",\"isRequired\":\"1\",\"javaField\":\"studentId\",\"javaType\":\"Long\",\"list\":true,\"params\":{},\"pk\":false,\"query\":true,\"queryType\":\"EQ\",\"required\":true,\"sort\":2,\"superColumn\":false,\"tableId\":6,\"updateBy\":\"\",\"updateTime\":\"2024-07-02 11:29:00\",\"usableColumn\":false},{\"capJavaField\":\"CompanyName\",\"columnComment\":\"公司名称\",\"columnId\":35,\"columnName\":\"company_name\",\"columnType\":\"varchar(255)\",\"createBy\":\"admin\",\"createTime\":\"2024-07-02 11:18:56\",\"dictType\":\"\",\"edit\":true,\"htmlType\":\"input\",\"increment\":false,\"insert\":true,\"isEdit\":\"1\",\"isIncrement\":\"0\",\"isInsert\":\"1\",\"isList\":\"1\",\"isPk\":\"0\",\"isQuery\":\"1\",\"isRequired\":\"1\",\"javaField\":\"companyName\",\"javaType\":\"String\",\"list\":true,\"params\":{},\"pk\":false,\"query\":true,\"queryType\":\"LIKE\",\"required\":true,\"sort\":3,\"superColumn\":false,\"tableId\":6,\"updateBy\":\"\",\"updateTime\":\"2024-07-02 11:29:00\",\"usableColumn\":false},{\"capJavaField\":\"Position\",\"columnComment\":\"职位\",\"columnId\":36,\"columnName\":\"position\",\"columnType\":\"varchar(255)\",\"createBy\":\"admin\",\"createTime\":\"2024-07-02 11:18:56\",\"dictType\":\"\",\"edit\":true,\"htmlType\":\"in','{\"msg\":\"操作成功\",\"code\":200}',0,NULL,'2024-07-02 14:15:21',53),(189,'字典类型',1,'com.ruoyi.web.controller.system.SysDictTypeController.add()','POST',1,'admin','研发部门','/system/dict/type','127.0.0.1','内网IP','{\"createBy\":\"admin\",\"dictName\":\"就业状态\",\"dictType\":\"employment_status\",\"params\":{},\"status\":\"0\"}','{\"msg\":\"操作成功\",\"code\":200}',0,NULL,'2024-07-02 14:16:13',21),(190,'代码生成',2,'com.ruoyi.generator.controller.GenController.editSave()','PUT',1,'admin','研发部门','/tool/gen','127.0.0.1','内网IP','{\"businessName\":\"employment_info\",\"className\":\"EmploymentInfo\",\"columns\":[{\"capJavaField\":\"EmploymentId\",\"columnComment\":\"就业信息ID\",\"columnId\":33,\"columnName\":\"employment_id\",\"columnType\":\"bigint unsigned\",\"createBy\":\"admin\",\"createTime\":\"2024-07-02 11:18:56\",\"dictType\":\"\",\"edit\":false,\"increment\":true,\"insert\":true,\"isIncrement\":\"1\",\"isInsert\":\"1\",\"isPk\":\"1\",\"isRequired\":\"1\",\"javaField\":\"employmentId\",\"javaType\":\"Long\",\"list\":false,\"params\":{},\"pk\":true,\"query\":false,\"queryType\":\"EQ\",\"required\":true,\"sort\":1,\"superColumn\":false,\"tableId\":6,\"updateBy\":\"\",\"updateTime\":\"2024-07-02 14:15:21\",\"usableColumn\":false},{\"capJavaField\":\"StudentId\",\"columnComment\":\"学生ID\",\"columnId\":34,\"columnName\":\"student_id\",\"columnType\":\"bigint\",\"createBy\":\"admin\",\"createTime\":\"2024-07-02 11:18:56\",\"dictType\":\"\",\"edit\":true,\"htmlType\":\"input\",\"increment\":false,\"insert\":true,\"isEdit\":\"1\",\"isIncrement\":\"0\",\"isInsert\":\"1\",\"isList\":\"1\",\"isPk\":\"0\",\"isQuery\":\"1\",\"isRequired\":\"1\",\"javaField\":\"studentId\",\"javaType\":\"Long\",\"list\":true,\"params\":{},\"pk\":false,\"query\":true,\"queryType\":\"EQ\",\"required\":true,\"sort\":2,\"superColumn\":false,\"tableId\":6,\"updateBy\":\"\",\"updateTime\":\"2024-07-02 14:15:21\",\"usableColumn\":false},{\"capJavaField\":\"CompanyName\",\"columnComment\":\"公司名称\",\"columnId\":35,\"columnName\":\"company_name\",\"columnType\":\"varchar(255)\",\"createBy\":\"admin\",\"createTime\":\"2024-07-02 11:18:56\",\"dictType\":\"\",\"edit\":true,\"htmlType\":\"input\",\"increment\":false,\"insert\":true,\"isEdit\":\"1\",\"isIncrement\":\"0\",\"isInsert\":\"1\",\"isList\":\"1\",\"isPk\":\"0\",\"isQuery\":\"1\",\"isRequired\":\"1\",\"javaField\":\"companyName\",\"javaType\":\"String\",\"list\":true,\"params\":{},\"pk\":false,\"query\":true,\"queryType\":\"LIKE\",\"required\":true,\"sort\":3,\"superColumn\":false,\"tableId\":6,\"updateBy\":\"\",\"updateTime\":\"2024-07-02 14:15:21\",\"usableColumn\":false},{\"capJavaField\":\"Position\",\"columnComment\":\"职位\",\"columnId\":36,\"columnName\":\"position\",\"columnType\":\"varchar(255)\",\"createBy\":\"admin\",\"createTime\":\"2024-07-02 11:18:56\",\"dictType\":\"\",\"edit\":true,\"htmlType\":\"in','{\"msg\":\"操作成功\",\"code\":200}',0,NULL,'2024-07-02 14:16:41',31),(191,'代码生成',8,'com.ruoyi.generator.controller.GenController.batchGenCode()','GET',1,'admin','研发部门','/tool/gen/batchGenCode','127.0.0.1','内网IP','{\"tables\":\"employment_info\"}',NULL,0,NULL,'2024-07-02 14:16:47',123),(192,'高校院系专业学生信息',3,'com.ruoyi.web.controller.employment.DepartmentsStudentsController.remove()','DELETE',1,'admin','研发部门','/employment/departments_students/1','127.0.0.1','内网IP','{}','{\"msg\":\"操作成功\",\"code\":200}',0,NULL,'2024-07-02 14:22:49',4),(193,'高校院系专业学生信息',3,'com.ruoyi.web.controller.employment.DepartmentsStudentsController.remove()','DELETE',1,'admin','研发部门','/employment/departments_students/9','127.0.0.1','内网IP','{}','{\"msg\":\"操作成功\",\"code\":200}',0,NULL,'2024-07-02 14:22:53',12),(194,'高校院系专业学生信息',1,'com.ruoyi.web.controller.employment.DepartmentsStudentsController.add()','POST',1,'admin','研发部门','/employment/departments_students','127.0.0.1','内网IP','{\"collegeId\":1,\"collegeName\":\"长安大学\",\"dateOfBirth\":\"1949-10-01\",\"departmentId\":1,\"departmentName\":\"信息学院 \",\"employmentInfoList\":[],\"gender\":\"M\",\"id\":17,\"majorId\":1,\"majorName\":\"软件工程\",\"params\":{},\"studentId\":2021905688,\"studentName\":\"吕星宇真聪明\"}','{\"msg\":\"操作成功\",\"code\":200}',0,NULL,'2024-07-02 14:26:35',111),(195,'高校院系专业学生信息',2,'com.ruoyi.web.controller.employment.DepartmentsStudentsController.edit()','PUT',1,'admin','研发部门','/employment/departments_students','127.0.0.1','内网IP','{\"collegeId\":1,\"collegeName\":\"长安大学\",\"dateOfBirth\":\"1949-10-01\",\"departmentId\":1,\"departmentName\":\"信息学院 \",\"employmentInfoList\":[],\"gender\":\"M\",\"id\":17,\"majorId\":1,\"majorName\":\"软件工程专业\",\"params\":{},\"studentId\":2021905688,\"studentName\":\"吕星宇真聪明\"}','{\"msg\":\"操作成功\",\"code\":200}',0,NULL,'2024-07-02 14:26:54',20),(196,'高校院系专业学生信息',2,'com.ruoyi.web.controller.employment.DepartmentsStudentsController.edit()','PUT',1,'admin','研发部门','/employment/departments_students','127.0.0.1','内网IP','{\"collegeId\":1,\"collegeName\":\"长安大学\",\"dateOfBirth\":\"1949-10-01\",\"departmentId\":1,\"departmentName\":\"信息工程学院 \",\"employmentInfoList\":[],\"gender\":\"M\",\"id\":17,\"majorId\":1,\"majorName\":\"软件工程专业\",\"params\":{},\"studentId\":2021905688,\"studentName\":\"吕星宇真聪明\"}','{\"msg\":\"操作成功\",\"code\":200}',0,NULL,'2024-07-02 14:39:20',24),(197,'代码生成',8,'com.ruoyi.generator.controller.GenController.batchGenCode()','GET',1,'admin','研发部门','/tool/gen/batchGenCode','127.0.0.1','内网IP','{\"tables\":\"employment_info\"}',NULL,0,NULL,'2024-07-02 14:42:16',128),(198,'代码生成',2,'com.ruoyi.generator.controller.GenController.editSave()','PUT',1,'admin','研发部门','/tool/gen','127.0.0.1','内网IP','{\"businessName\":\"employment_analysis\",\"className\":\"EmploymentAnalysis\",\"columns\":[{\"capJavaField\":\"AnalysisId\",\"columnComment\":\"分析ID\",\"columnId\":24,\"columnName\":\"analysis_id\",\"columnType\":\"bigint unsigned\",\"createBy\":\"admin\",\"createTime\":\"2024-07-02 11:18:56\",\"dictType\":\"\",\"edit\":false,\"increment\":true,\"insert\":true,\"isIncrement\":\"1\",\"isInsert\":\"1\",\"isPk\":\"1\",\"isRequired\":\"0\",\"javaField\":\"analysisId\",\"javaType\":\"String\",\"list\":false,\"params\":{},\"pk\":true,\"query\":false,\"queryType\":\"EQ\",\"required\":false,\"sort\":1,\"superColumn\":false,\"tableId\":5,\"updateBy\":\"\",\"updateTime\":\"2024-07-02 11:28:45\",\"usableColumn\":false},{\"capJavaField\":\"StudentId\",\"columnComment\":\"学生ID\",\"columnId\":25,\"columnName\":\"student_id\",\"columnType\":\"bigint\",\"createBy\":\"admin\",\"createTime\":\"2024-07-02 11:18:56\",\"dictType\":\"\",\"edit\":true,\"htmlType\":\"input\",\"increment\":false,\"insert\":true,\"isEdit\":\"1\",\"isIncrement\":\"0\",\"isInsert\":\"1\",\"isList\":\"1\",\"isPk\":\"0\",\"isQuery\":\"1\",\"isRequired\":\"1\",\"javaField\":\"studentId\",\"javaType\":\"Long\",\"list\":true,\"params\":{},\"pk\":false,\"query\":true,\"queryType\":\"EQ\",\"required\":true,\"sort\":2,\"superColumn\":false,\"tableId\":5,\"updateBy\":\"\",\"updateTime\":\"2024-07-02 11:28:45\",\"usableColumn\":false},{\"capJavaField\":\"DepartmentId\",\"columnComment\":\"院系ID\",\"columnId\":26,\"columnName\":\"department_id\",\"columnType\":\"bigint\",\"createBy\":\"admin\",\"createTime\":\"2024-07-02 11:18:56\",\"dictType\":\"\",\"edit\":true,\"htmlType\":\"input\",\"increment\":false,\"insert\":true,\"isEdit\":\"1\",\"isIncrement\":\"0\",\"isInsert\":\"1\",\"isList\":\"1\",\"isPk\":\"0\",\"isQuery\":\"1\",\"isRequired\":\"1\",\"javaField\":\"departmentId\",\"javaType\":\"Long\",\"list\":true,\"params\":{},\"pk\":false,\"query\":true,\"queryType\":\"EQ\",\"required\":true,\"sort\":3,\"superColumn\":false,\"tableId\":5,\"updateBy\":\"\",\"updateTime\":\"2024-07-02 11:28:45\",\"usableColumn\":false},{\"capJavaField\":\"MajorId\",\"columnComment\":\"专业ID\",\"columnId\":27,\"columnName\":\"major_id\",\"columnType\":\"bigint\",\"createBy\":\"admin\",\"createTime\":\"2024-07-02 11:18:56\",\"dictType\":\"\",\"edit\":true,\"htmlType\":\"input\",\"inc','{\"msg\":\"操作成功\",\"code\":200}',0,NULL,'2024-07-02 14:49:56',44),(199,'代码生成',2,'com.ruoyi.generator.controller.GenController.editSave()','PUT',1,'admin','研发部门','/tool/gen','127.0.0.1','内网IP','{\"businessName\":\"employment_info\",\"className\":\"EmploymentInfo\",\"columns\":[{\"capJavaField\":\"EmploymentId\",\"columnComment\":\"就业信息ID\",\"columnId\":33,\"columnName\":\"employment_id\",\"columnType\":\"bigint unsigned\",\"createBy\":\"admin\",\"createTime\":\"2024-07-02 11:18:56\",\"dictType\":\"\",\"edit\":false,\"increment\":true,\"insert\":true,\"isIncrement\":\"1\",\"isInsert\":\"1\",\"isPk\":\"1\",\"isRequired\":\"1\",\"javaField\":\"employmentId\",\"javaType\":\"Long\",\"list\":false,\"params\":{},\"pk\":true,\"query\":false,\"queryType\":\"EQ\",\"required\":true,\"sort\":1,\"superColumn\":false,\"tableId\":6,\"updateBy\":\"\",\"updateTime\":\"2024-07-02 14:16:41\",\"usableColumn\":false},{\"capJavaField\":\"StudentId\",\"columnComment\":\"学生ID\",\"columnId\":34,\"columnName\":\"student_id\",\"columnType\":\"bigint\",\"createBy\":\"admin\",\"createTime\":\"2024-07-02 11:18:56\",\"dictType\":\"\",\"edit\":true,\"htmlType\":\"input\",\"increment\":false,\"insert\":true,\"isEdit\":\"1\",\"isIncrement\":\"0\",\"isInsert\":\"1\",\"isList\":\"1\",\"isPk\":\"0\",\"isQuery\":\"1\",\"isRequired\":\"1\",\"javaField\":\"studentId\",\"javaType\":\"Long\",\"list\":true,\"params\":{},\"pk\":false,\"query\":true,\"queryType\":\"EQ\",\"required\":true,\"sort\":2,\"superColumn\":false,\"tableId\":6,\"updateBy\":\"\",\"updateTime\":\"2024-07-02 14:16:41\",\"usableColumn\":false},{\"capJavaField\":\"CompanyName\",\"columnComment\":\"公司名称\",\"columnId\":35,\"columnName\":\"company_name\",\"columnType\":\"varchar(255)\",\"createBy\":\"admin\",\"createTime\":\"2024-07-02 11:18:56\",\"dictType\":\"\",\"edit\":true,\"htmlType\":\"input\",\"increment\":false,\"insert\":true,\"isEdit\":\"1\",\"isIncrement\":\"0\",\"isInsert\":\"1\",\"isList\":\"1\",\"isPk\":\"0\",\"isQuery\":\"1\",\"isRequired\":\"1\",\"javaField\":\"companyName\",\"javaType\":\"String\",\"list\":true,\"params\":{},\"pk\":false,\"query\":true,\"queryType\":\"LIKE\",\"required\":true,\"sort\":3,\"superColumn\":false,\"tableId\":6,\"updateBy\":\"\",\"updateTime\":\"2024-07-02 14:16:41\",\"usableColumn\":false},{\"capJavaField\":\"Position\",\"columnComment\":\"职位\",\"columnId\":36,\"columnName\":\"position\",\"columnType\":\"varchar(255)\",\"createBy\":\"admin\",\"createTime\":\"2024-07-02 11:18:56\",\"dictType\":\"\",\"edit\":true,\"htmlType\":\"in','{\"msg\":\"操作成功\",\"code\":200}',0,NULL,'2024-07-02 14:50:04',19),(200,'代码生成',2,'com.ruoyi.generator.controller.GenController.editSave()','PUT',1,'admin','研发部门','/tool/gen','127.0.0.1','内网IP','{\"businessName\":\"employment_analysis\",\"className\":\"EmploymentAnalysis\",\"columns\":[{\"capJavaField\":\"AnalysisId\",\"columnComment\":\"分析ID\",\"columnId\":24,\"columnName\":\"analysis_id\",\"columnType\":\"bigint unsigned\",\"createBy\":\"admin\",\"createTime\":\"2024-07-02 11:18:56\",\"dictType\":\"\",\"edit\":false,\"increment\":true,\"insert\":true,\"isIncrement\":\"1\",\"isInsert\":\"1\",\"isPk\":\"1\",\"isRequired\":\"0\",\"javaField\":\"analysisId\",\"javaType\":\"String\",\"list\":false,\"params\":{},\"pk\":true,\"query\":false,\"queryType\":\"EQ\",\"required\":false,\"sort\":1,\"superColumn\":false,\"tableId\":5,\"updateBy\":\"\",\"updateTime\":\"2024-07-02 14:49:56\",\"usableColumn\":false},{\"capJavaField\":\"StudentId\",\"columnComment\":\"学生ID\",\"columnId\":25,\"columnName\":\"student_id\",\"columnType\":\"bigint\",\"createBy\":\"admin\",\"createTime\":\"2024-07-02 11:18:56\",\"dictType\":\"\",\"edit\":true,\"htmlType\":\"input\",\"increment\":false,\"insert\":true,\"isEdit\":\"1\",\"isIncrement\":\"0\",\"isInsert\":\"1\",\"isList\":\"1\",\"isPk\":\"0\",\"isQuery\":\"1\",\"isRequired\":\"1\",\"javaField\":\"studentId\",\"javaType\":\"Long\",\"list\":true,\"params\":{},\"pk\":false,\"query\":true,\"queryType\":\"EQ\",\"required\":true,\"sort\":2,\"superColumn\":false,\"tableId\":5,\"updateBy\":\"\",\"updateTime\":\"2024-07-02 14:49:56\",\"usableColumn\":false},{\"capJavaField\":\"DepartmentId\",\"columnComment\":\"院系ID\",\"columnId\":26,\"columnName\":\"department_id\",\"columnType\":\"bigint\",\"createBy\":\"admin\",\"createTime\":\"2024-07-02 11:18:56\",\"dictType\":\"\",\"edit\":true,\"htmlType\":\"input\",\"increment\":false,\"insert\":true,\"isEdit\":\"1\",\"isIncrement\":\"0\",\"isInsert\":\"1\",\"isList\":\"1\",\"isPk\":\"0\",\"isQuery\":\"1\",\"isRequired\":\"1\",\"javaField\":\"departmentId\",\"javaType\":\"Long\",\"list\":true,\"params\":{},\"pk\":false,\"query\":true,\"queryType\":\"EQ\",\"required\":true,\"sort\":3,\"superColumn\":false,\"tableId\":5,\"updateBy\":\"\",\"updateTime\":\"2024-07-02 14:49:56\",\"usableColumn\":false},{\"capJavaField\":\"MajorId\",\"columnComment\":\"专业ID\",\"columnId\":27,\"columnName\":\"major_id\",\"columnType\":\"bigint\",\"createBy\":\"admin\",\"createTime\":\"2024-07-02 11:18:56\",\"dictType\":\"\",\"edit\":true,\"htmlType\":\"input\",\"inc','{\"msg\":\"操作成功\",\"code\":200}',0,NULL,'2024-07-02 14:50:25',18),(201,'代码生成',8,'com.ruoyi.generator.controller.GenController.batchGenCode()','GET',1,'admin','研发部门','/tool/gen/batchGenCode','127.0.0.1','内网IP','{\"tables\":\"employment_analysis\"}',NULL,0,NULL,'2024-07-02 14:50:29',106),(202,'代码生成',8,'com.ruoyi.generator.controller.GenController.batchGenCode()','GET',1,'admin','研发部门','/tool/gen/batchGenCode','127.0.0.1','内网IP','{\"tables\":\"employment_analysis\"}',NULL,0,NULL,'2024-07-02 14:50:39',22),(203,'菜单管理',3,'com.ruoyi.web.controller.system.SysMenuController.remove()','DELETE',1,'admin','研发部门','/system/menu/2021','127.0.0.1','内网IP','{}','{\"msg\":\"存在子菜单,不允许删除\",\"code\":601}',0,NULL,'2024-07-02 15:29:38',6),(204,'菜单管理',3,'com.ruoyi.web.controller.system.SysMenuController.remove()','DELETE',1,'admin','研发部门','/system/menu/2027','127.0.0.1','内网IP','{}','{\"msg\":\"存在子菜单,不允许删除\",\"code\":601}',0,NULL,'2024-07-02 15:29:44',2),(205,'菜单管理',3,'com.ruoyi.web.controller.system.SysMenuController.remove()','DELETE',1,'admin','研发部门','/system/menu/2032','127.0.0.1','内网IP','{}','{\"msg\":\"操作成功\",\"code\":200}',0,NULL,'2024-07-02 15:30:08',12),(206,'菜单管理',3,'com.ruoyi.web.controller.system.SysMenuController.remove()','DELETE',1,'admin','研发部门','/system/menu/2031','127.0.0.1','内网IP','{}','{\"msg\":\"操作成功\",\"code\":200}',0,NULL,'2024-07-02 15:30:10',7),(207,'菜单管理',3,'com.ruoyi.web.controller.system.SysMenuController.remove()','DELETE',1,'admin','研发部门','/system/menu/2030','127.0.0.1','内网IP','{}','{\"msg\":\"操作成功\",\"code\":200}',0,NULL,'2024-07-02 15:30:12',7),(208,'菜单管理',3,'com.ruoyi.web.controller.system.SysMenuController.remove()','DELETE',1,'admin','研发部门','/system/menu/2029','127.0.0.1','内网IP','{}','{\"msg\":\"操作成功\",\"code\":200}',0,NULL,'2024-07-02 15:30:14',5),(209,'菜单管理',3,'com.ruoyi.web.controller.system.SysMenuController.remove()','DELETE',1,'admin','研发部门','/system/menu/2028','127.0.0.1','内网IP','{}','{\"msg\":\"操作成功\",\"code\":200}',0,NULL,'2024-07-02 15:30:15',7),(210,'菜单管理',3,'com.ruoyi.web.controller.system.SysMenuController.remove()','DELETE',1,'admin','研发部门','/system/menu/2027','127.0.0.1','内网IP','{}','{\"msg\":\"操作成功\",\"code\":200}',0,NULL,'2024-07-02 15:30:18',5),(211,'菜单管理',3,'com.ruoyi.web.controller.system.SysMenuController.remove()','DELETE',1,'admin','研发部门','/system/menu/2026','127.0.0.1','内网IP','{}','{\"msg\":\"操作成功\",\"code\":200}',0,NULL,'2024-07-02 15:30:19',5),(212,'菜单管理',3,'com.ruoyi.web.controller.system.SysMenuController.remove()','DELETE',1,'admin','研发部门','/system/menu/2025','127.0.0.1','内网IP','{}','{\"msg\":\"操作成功\",\"code\":200}',0,NULL,'2024-07-02 15:30:21',7),(213,'菜单管理',3,'com.ruoyi.web.controller.system.SysMenuController.remove()','DELETE',1,'admin','研发部门','/system/menu/2024','127.0.0.1','内网IP','{}','{\"msg\":\"操作成功\",\"code\":200}',0,NULL,'2024-07-02 15:30:23',6),(214,'菜单管理',3,'com.ruoyi.web.controller.system.SysMenuController.remove()','DELETE',1,'admin','研发部门','/system/menu/2023','127.0.0.1','内网IP','{}','{\"msg\":\"操作成功\",\"code\":200}',0,NULL,'2024-07-02 15:30:24',5),(215,'菜单管理',3,'com.ruoyi.web.controller.system.SysMenuController.remove()','DELETE',1,'admin','研发部门','/system/menu/2022','127.0.0.1','内网IP','{}','{\"msg\":\"操作成功\",\"code\":200}',0,NULL,'2024-07-02 15:30:26',7),(216,'菜单管理',3,'com.ruoyi.web.controller.system.SysMenuController.remove()','DELETE',1,'admin','研发部门','/system/menu/2021','127.0.0.1','内网IP','{}','{\"msg\":\"操作成功\",\"code\":200}',0,NULL,'2024-07-02 15:30:28',5),(217,'高校院系专业学生信息',2,'com.ruoyi.web.controller.employment.DepartmentsStudentsController.edit()','PUT',1,'admin','研发部门','/employment/departments_students','127.0.0.1','内网IP','{\"collegeId\":1,\"collegeName\":\"长安大学\",\"dateOfBirth\":\"1949-10-01\",\"departmentId\":1,\"departmentName\":\"信息学院\",\"employmentInfoList\":[],\"gender\":\"M\",\"id\":17,\"majorId\":1,\"majorName\":\"软件工程专业\",\"params\":{},\"studentId\":2021905688,\"studentName\":\"吕星宇真聪明\"}','{\"msg\":\"操作成功\",\"code\":200}',0,NULL,'2024-07-02 15:30:46',17),(218,'代码生成',2,'com.ruoyi.generator.controller.GenController.editSave()','PUT',1,'admin','研发部门','/tool/gen','127.0.0.1','内网IP','{\"businessName\":\"employment_info\",\"className\":\"EmploymentInfo\",\"columns\":[{\"capJavaField\":\"EmploymentId\",\"columnComment\":\"就业信息ID\",\"columnId\":33,\"columnName\":\"employment_id\",\"columnType\":\"bigint unsigned\",\"createBy\":\"admin\",\"createTime\":\"2024-07-02 11:18:56\",\"dictType\":\"\",\"edit\":false,\"increment\":true,\"insert\":true,\"isIncrement\":\"1\",\"isInsert\":\"1\",\"isPk\":\"1\",\"isRequired\":\"1\",\"javaField\":\"employmentId\",\"javaType\":\"Long\",\"list\":false,\"params\":{},\"pk\":true,\"query\":false,\"queryType\":\"EQ\",\"required\":true,\"sort\":1,\"superColumn\":false,\"tableId\":6,\"updateBy\":\"\",\"updateTime\":\"2024-07-02 14:50:04\",\"usableColumn\":false},{\"capJavaField\":\"StudentId\",\"columnComment\":\"学生ID\",\"columnId\":34,\"columnName\":\"student_id\",\"columnType\":\"bigint\",\"createBy\":\"admin\",\"createTime\":\"2024-07-02 11:18:56\",\"dictType\":\"\",\"edit\":true,\"htmlType\":\"input\",\"increment\":false,\"insert\":true,\"isEdit\":\"1\",\"isIncrement\":\"0\",\"isInsert\":\"1\",\"isList\":\"1\",\"isPk\":\"0\",\"isQuery\":\"1\",\"isRequired\":\"1\",\"javaField\":\"studentId\",\"javaType\":\"Long\",\"list\":true,\"params\":{},\"pk\":false,\"query\":true,\"queryType\":\"EQ\",\"required\":true,\"sort\":2,\"superColumn\":false,\"tableId\":6,\"updateBy\":\"\",\"updateTime\":\"2024-07-02 14:50:04\",\"usableColumn\":false},{\"capJavaField\":\"CompanyName\",\"columnComment\":\"公司名称\",\"columnId\":35,\"columnName\":\"company_name\",\"columnType\":\"varchar(255)\",\"createBy\":\"admin\",\"createTime\":\"2024-07-02 11:18:56\",\"dictType\":\"\",\"edit\":true,\"htmlType\":\"input\",\"increment\":false,\"insert\":true,\"isEdit\":\"1\",\"isIncrement\":\"0\",\"isInsert\":\"1\",\"isList\":\"1\",\"isPk\":\"0\",\"isQuery\":\"1\",\"isRequired\":\"1\",\"javaField\":\"companyName\",\"javaType\":\"String\",\"list\":true,\"params\":{},\"pk\":false,\"query\":true,\"queryType\":\"LIKE\",\"required\":true,\"sort\":3,\"superColumn\":false,\"tableId\":6,\"updateBy\":\"\",\"updateTime\":\"2024-07-02 14:50:04\",\"usableColumn\":false},{\"capJavaField\":\"Position\",\"columnComment\":\"职位\",\"columnId\":36,\"columnName\":\"position\",\"columnType\":\"varchar(255)\",\"createBy\":\"admin\",\"createTime\":\"2024-07-02 11:18:56\",\"dictType\":\"\",\"edit\":true,\"htmlType\":\"in','{\"msg\":\"操作成功\",\"code\":200}',0,NULL,'2024-07-02 15:38:53',33),(219,'代码生成',8,'com.ruoyi.generator.controller.GenController.batchGenCode()','GET',1,'admin','研发部门','/tool/gen/batchGenCode','127.0.0.1','内网IP','{\"tables\":\"employment_info\"}',NULL,0,NULL,'2024-07-02 15:39:03',104),(220,'字典类型',1,'com.ruoyi.web.controller.system.SysDictTypeController.add()','POST',1,'admin','研发部门','/system/dict/type','127.0.0.1','内网IP','{\"dictName\":\"就业状态\",\"dictType\":\"employment_status\",\"params\":{},\"status\":\"0\"}','{\"msg\":\"新增字典\'就业状态\'失败，字典类型已存在\",\"code\":500}',0,NULL,'2024-07-02 15:43:28',7),(221,'高校院系专业学生信息',1,'com.ruoyi.web.controller.employment.DepartmentsStudentsController.add()','POST',1,'admin','研发部门','/employment/departments_students','127.0.0.1','内网IP','{\"collegeId\":2,\"collegeName\":\"清华大学\",\"dateOfBirth\":\"2000-01-01\",\"departmentId\":2,\"departmentName\":\"信息学院\",\"employmentInfoList\":[],\"gender\":\"M\",\"id\":18,\"majorId\":2,\"majorName\":\"计算机科学与技术\",\"params\":{},\"studentId\":2021000000,\"studentName\":\"张三\"}','{\"msg\":\"操作成功\",\"code\":200}',0,NULL,'2024-07-02 16:44:36',99),(222,'代码生成',3,'com.ruoyi.generator.controller.GenController.remove()','DELETE',1,'admin','研发部门','/tool/gen/5','127.0.0.1','内网IP','{}','{\"msg\":\"操作成功\",\"code\":200}',0,NULL,'2024-07-02 16:59:28',21),(223,'代码生成',6,'com.ruoyi.generator.controller.GenController.importTableSave()','POST',1,'admin','研发部门','/tool/gen/importTable','127.0.0.1','内网IP','{\"tables\":\"employment_analysis\"}','{\"msg\":\"操作成功\",\"code\":200}',0,NULL,'2024-07-02 16:59:42',36),(224,'代码生成',2,'com.ruoyi.generator.controller.GenController.editSave()','PUT',1,'admin','研发部门','/tool/gen','127.0.0.1','内网IP','{\"businessName\":\"analysis\",\"className\":\"EmploymentAnalysis\",\"columns\":[{\"capJavaField\":\"AnalysisId\",\"columnComment\":\"分析ID\",\"columnId\":47,\"columnName\":\"analysis_id\",\"columnType\":\"bigint unsigned\",\"createBy\":\"admin\",\"createTime\":\"2024-07-02 16:59:42\",\"dictType\":\"\",\"edit\":false,\"increment\":true,\"insert\":false,\"isIncrement\":\"1\",\"isInsert\":\"0\",\"isPk\":\"1\",\"isRequired\":\"0\",\"javaField\":\"analysisId\",\"javaType\":\"Long\",\"list\":false,\"params\":{},\"pk\":true,\"query\":false,\"queryType\":\"EQ\",\"required\":false,\"sort\":1,\"superColumn\":false,\"tableId\":8,\"updateBy\":\"\",\"usableColumn\":false},{\"capJavaField\":\"StudentId\",\"columnComment\":\"学生ID\",\"columnId\":48,\"columnName\":\"student_id\",\"columnType\":\"bigint\",\"createBy\":\"admin\",\"createTime\":\"2024-07-02 16:59:42\",\"dictType\":\"\",\"edit\":false,\"htmlType\":\"input\",\"increment\":false,\"insert\":false,\"isEdit\":\"0\",\"isIncrement\":\"0\",\"isInsert\":\"0\",\"isList\":\"1\",\"isPk\":\"0\",\"isQuery\":\"1\",\"isRequired\":\"1\",\"javaField\":\"studentId\",\"javaType\":\"Long\",\"list\":true,\"params\":{},\"pk\":false,\"query\":true,\"queryType\":\"EQ\",\"required\":true,\"sort\":2,\"superColumn\":false,\"tableId\":8,\"updateBy\":\"\",\"usableColumn\":false},{\"capJavaField\":\"CollegeName\",\"columnComment\":\"高校名称\",\"columnId\":49,\"columnName\":\"college_name\",\"columnType\":\"varchar(255)\",\"createBy\":\"admin\",\"createTime\":\"2024-07-02 16:59:42\",\"dictType\":\"\",\"edit\":false,\"htmlType\":\"input\",\"increment\":false,\"insert\":false,\"isEdit\":\"0\",\"isIncrement\":\"0\",\"isInsert\":\"0\",\"isList\":\"1\",\"isPk\":\"0\",\"isQuery\":\"1\",\"isRequired\":\"1\",\"javaField\":\"collegeName\",\"javaType\":\"String\",\"list\":true,\"params\":{},\"pk\":false,\"query\":true,\"queryType\":\"LIKE\",\"required\":true,\"sort\":3,\"superColumn\":false,\"tableId\":8,\"updateBy\":\"\",\"usableColumn\":false},{\"capJavaField\":\"DepartmentName\",\"columnComment\":\"院系名称\",\"columnId\":50,\"columnName\":\"department_name\",\"columnType\":\"varchar(255)\",\"createBy\":\"admin\",\"createTime\":\"2024-07-02 16:59:42\",\"dictType\":\"\",\"edit\":false,\"htmlType\":\"input\",\"increment\":false,\"insert\":false,\"isEdit\":\"0\",\"isIncrement\":\"0\",\"isInsert\":\"0\",\"isList\":\"','{\"msg\":\"操作成功\",\"code\":200}',0,NULL,'2024-07-02 17:00:08',29),(225,'代码生成',2,'com.ruoyi.generator.controller.GenController.editSave()','PUT',1,'admin','研发部门','/tool/gen','127.0.0.1','内网IP','{\"businessName\":\"analysis\",\"className\":\"EmploymentAnalysis\",\"columns\":[{\"capJavaField\":\"AnalysisId\",\"columnComment\":\"分析ID\",\"columnId\":47,\"columnName\":\"analysis_id\",\"columnType\":\"bigint unsigned\",\"createBy\":\"admin\",\"createTime\":\"2024-07-02 16:59:42\",\"dictType\":\"\",\"edit\":false,\"increment\":true,\"insert\":false,\"isIncrement\":\"1\",\"isInsert\":\"0\",\"isPk\":\"1\",\"isRequired\":\"0\",\"javaField\":\"analysisId\",\"javaType\":\"Long\",\"list\":false,\"params\":{},\"pk\":true,\"query\":false,\"queryType\":\"EQ\",\"required\":false,\"sort\":1,\"superColumn\":false,\"tableId\":8,\"updateBy\":\"\",\"updateTime\":\"2024-07-02 17:00:08\",\"usableColumn\":false},{\"capJavaField\":\"StudentId\",\"columnComment\":\"学生ID\",\"columnId\":48,\"columnName\":\"student_id\",\"columnType\":\"bigint\",\"createBy\":\"admin\",\"createTime\":\"2024-07-02 16:59:42\",\"dictType\":\"\",\"edit\":false,\"htmlType\":\"input\",\"increment\":false,\"insert\":false,\"isEdit\":\"0\",\"isIncrement\":\"0\",\"isInsert\":\"0\",\"isList\":\"1\",\"isPk\":\"0\",\"isQuery\":\"1\",\"isRequired\":\"1\",\"javaField\":\"studentId\",\"javaType\":\"Long\",\"list\":true,\"params\":{},\"pk\":false,\"query\":true,\"queryType\":\"EQ\",\"required\":true,\"sort\":2,\"superColumn\":false,\"tableId\":8,\"updateBy\":\"\",\"updateTime\":\"2024-07-02 17:00:08\",\"usableColumn\":false},{\"capJavaField\":\"CollegeName\",\"columnComment\":\"高校名称\",\"columnId\":49,\"columnName\":\"college_name\",\"columnType\":\"varchar(255)\",\"createBy\":\"admin\",\"createTime\":\"2024-07-02 16:59:42\",\"dictType\":\"\",\"edit\":false,\"htmlType\":\"input\",\"increment\":false,\"insert\":false,\"isEdit\":\"0\",\"isIncrement\":\"0\",\"isInsert\":\"0\",\"isList\":\"1\",\"isPk\":\"0\",\"isQuery\":\"1\",\"isRequired\":\"1\",\"javaField\":\"collegeName\",\"javaType\":\"String\",\"list\":true,\"params\":{},\"pk\":false,\"query\":true,\"queryType\":\"LIKE\",\"required\":true,\"sort\":3,\"superColumn\":false,\"tableId\":8,\"updateBy\":\"\",\"updateTime\":\"2024-07-02 17:00:08\",\"usableColumn\":false},{\"capJavaField\":\"DepartmentName\",\"columnComment\":\"院系名称\",\"columnId\":50,\"columnName\":\"department_name\",\"columnType\":\"varchar(255)\",\"createBy\":\"admin\",\"createTime\":\"2024-07-02 16:59:42\",\"dictType\":\"\",\"edit\":false,\"ht','{\"msg\":\"操作成功\",\"code\":200}',0,NULL,'2024-07-02 17:00:49',24),(226,'代码生成',2,'com.ruoyi.generator.controller.GenController.editSave()','PUT',1,'admin','研发部门','/tool/gen','127.0.0.1','内网IP','{\"businessName\":\"employment_analysis\",\"className\":\"EmploymentAnalysis\",\"columns\":[{\"capJavaField\":\"AnalysisId\",\"columnComment\":\"分析ID\",\"columnId\":47,\"columnName\":\"analysis_id\",\"columnType\":\"bigint unsigned\",\"createBy\":\"admin\",\"createTime\":\"2024-07-02 16:59:42\",\"dictType\":\"\",\"edit\":false,\"increment\":true,\"insert\":false,\"isIncrement\":\"1\",\"isInsert\":\"0\",\"isPk\":\"1\",\"isRequired\":\"0\",\"javaField\":\"analysisId\",\"javaType\":\"Long\",\"list\":false,\"params\":{},\"pk\":true,\"query\":false,\"queryType\":\"EQ\",\"required\":false,\"sort\":1,\"superColumn\":false,\"tableId\":8,\"updateBy\":\"\",\"updateTime\":\"2024-07-02 17:00:49\",\"usableColumn\":false},{\"capJavaField\":\"StudentId\",\"columnComment\":\"学生ID\",\"columnId\":48,\"columnName\":\"student_id\",\"columnType\":\"bigint\",\"createBy\":\"admin\",\"createTime\":\"2024-07-02 16:59:42\",\"dictType\":\"\",\"edit\":false,\"htmlType\":\"input\",\"increment\":false,\"insert\":false,\"isEdit\":\"0\",\"isIncrement\":\"0\",\"isInsert\":\"0\",\"isList\":\"1\",\"isPk\":\"0\",\"isQuery\":\"1\",\"isRequired\":\"1\",\"javaField\":\"studentId\",\"javaType\":\"Long\",\"list\":true,\"params\":{},\"pk\":false,\"query\":true,\"queryType\":\"EQ\",\"required\":true,\"sort\":2,\"superColumn\":false,\"tableId\":8,\"updateBy\":\"\",\"updateTime\":\"2024-07-02 17:00:49\",\"usableColumn\":false},{\"capJavaField\":\"CollegeName\",\"columnComment\":\"高校名称\",\"columnId\":49,\"columnName\":\"college_name\",\"columnType\":\"varchar(255)\",\"createBy\":\"admin\",\"createTime\":\"2024-07-02 16:59:42\",\"dictType\":\"\",\"edit\":false,\"htmlType\":\"input\",\"increment\":false,\"insert\":false,\"isEdit\":\"0\",\"isIncrement\":\"0\",\"isInsert\":\"0\",\"isList\":\"1\",\"isPk\":\"0\",\"isQuery\":\"1\",\"isRequired\":\"1\",\"javaField\":\"collegeName\",\"javaType\":\"String\",\"list\":true,\"params\":{},\"pk\":false,\"query\":true,\"queryType\":\"LIKE\",\"required\":true,\"sort\":3,\"superColumn\":false,\"tableId\":8,\"updateBy\":\"\",\"updateTime\":\"2024-07-02 17:00:49\",\"usableColumn\":false},{\"capJavaField\":\"DepartmentName\",\"columnComment\":\"院系名称\",\"columnId\":50,\"columnName\":\"department_name\",\"columnType\":\"varchar(255)\",\"createBy\":\"admin\",\"createTime\":\"2024-07-02 16:59:42\",\"dictType\":\"\",\"edit','{\"msg\":\"操作成功\",\"code\":200}',0,NULL,'2024-07-02 17:01:51',20),(227,'代码生成',2,'com.ruoyi.generator.controller.GenController.editSave()','PUT',1,'admin','研发部门','/tool/gen','127.0.0.1','内网IP','{\"businessName\":\"employment_analysis\",\"className\":\"EmploymentAnalysis\",\"columns\":[{\"capJavaField\":\"AnalysisId\",\"columnComment\":\"分析ID\",\"columnId\":47,\"columnName\":\"analysis_id\",\"columnType\":\"bigint unsigned\",\"createBy\":\"admin\",\"createTime\":\"2024-07-02 16:59:42\",\"dictType\":\"\",\"edit\":false,\"increment\":true,\"insert\":false,\"isIncrement\":\"1\",\"isInsert\":\"0\",\"isPk\":\"1\",\"isQuery\":\"1\",\"isRequired\":\"0\",\"javaField\":\"analysisId\",\"javaType\":\"Long\",\"list\":false,\"params\":{},\"pk\":true,\"query\":true,\"queryType\":\"EQ\",\"required\":false,\"sort\":1,\"superColumn\":false,\"tableId\":8,\"updateBy\":\"\",\"updateTime\":\"2024-07-02 17:01:51\",\"usableColumn\":false},{\"capJavaField\":\"StudentId\",\"columnComment\":\"学生ID\",\"columnId\":48,\"columnName\":\"student_id\",\"columnType\":\"bigint\",\"createBy\":\"admin\",\"createTime\":\"2024-07-02 16:59:42\",\"dictType\":\"\",\"edit\":false,\"htmlType\":\"input\",\"increment\":false,\"insert\":false,\"isEdit\":\"0\",\"isIncrement\":\"0\",\"isInsert\":\"0\",\"isList\":\"1\",\"isPk\":\"0\",\"isQuery\":\"1\",\"isRequired\":\"1\",\"javaField\":\"studentId\",\"javaType\":\"Long\",\"list\":true,\"params\":{},\"pk\":false,\"query\":true,\"queryType\":\"EQ\",\"required\":true,\"sort\":2,\"superColumn\":false,\"tableId\":8,\"updateBy\":\"\",\"updateTime\":\"2024-07-02 17:01:51\",\"usableColumn\":false},{\"capJavaField\":\"CollegeName\",\"columnComment\":\"高校名称\",\"columnId\":49,\"columnName\":\"college_name\",\"columnType\":\"varchar(255)\",\"createBy\":\"admin\",\"createTime\":\"2024-07-02 16:59:42\",\"dictType\":\"\",\"edit\":false,\"htmlType\":\"input\",\"increment\":false,\"insert\":false,\"isEdit\":\"0\",\"isIncrement\":\"0\",\"isInsert\":\"0\",\"isList\":\"1\",\"isPk\":\"0\",\"isQuery\":\"1\",\"isRequired\":\"1\",\"javaField\":\"collegeName\",\"javaType\":\"String\",\"list\":true,\"params\":{},\"pk\":false,\"query\":true,\"queryType\":\"LIKE\",\"required\":true,\"sort\":3,\"superColumn\":false,\"tableId\":8,\"updateBy\":\"\",\"updateTime\":\"2024-07-02 17:01:51\",\"usableColumn\":false},{\"capJavaField\":\"DepartmentName\",\"columnComment\":\"院系名称\",\"columnId\":50,\"columnName\":\"department_name\",\"columnType\":\"varchar(255)\",\"createBy\":\"admin\",\"createTime\":\"2024-07-02 16:59:42\",\"dictT','{\"msg\":\"操作成功\",\"code\":200}',0,NULL,'2024-07-02 17:02:16',19),(228,'代码生成',8,'com.ruoyi.generator.controller.GenController.batchGenCode()','GET',1,'admin','研发部门','/tool/gen/batchGenCode','127.0.0.1','内网IP','{\"tables\":\"employment_analysis\"}',NULL,0,NULL,'2024-07-02 17:04:59',30),(229,'就业分析',2,'com.ruoyi.web.controller.employment.EmploymentAnalysisController.edit()','PUT',1,'admin','研发部门','/employment/employment_analysis','127.0.0.1','内网IP','{\"analysisId\":4,\"collegeName\":\"清华大学\",\"departmentName\":\"信息学院\",\"employmentDate\":\"2023-06-01\",\"gender\":\"M\",\"location\":\"北京\",\"majorName\":\"计算机科学与技术\",\"params\":{},\"salary\":800000,\"studentId\":2021000000}','{\"msg\":\"操作成功\",\"code\":200}',0,NULL,'2024-07-02 17:08:19',11),(230,'就业分析',5,'com.ruoyi.web.controller.employment.EmploymentAnalysisController.export()','POST',1,'admin','研发部门','/employment/employment_analysis/export','127.0.0.1','内网IP','{\"pageSize\":\"10\",\"pageNum\":\"1\"}',NULL,0,NULL,'2024-07-02 17:15:56',440),(231,'高校院系专业学生信息',1,'com.ruoyi.web.controller.employment.DepartmentsStudentsController.add()','POST',1,'admin','研发部门','/employment/departments_students','127.0.0.1','内网IP','{\"collegeId\":3,\"collegeName\":\"深圳大学\",\"dateOfBirth\":\"2024-07-01\",\"departmentId\":3,\"departmentName\":\"信息工程学院\",\"employmentInfoList\":[],\"gender\":\"M\",\"id\":19,\"majorId\":3,\"majorName\":\"计算机科学与技术\",\"params\":{},\"studentId\":2021000001,\"studentName\":\"李四\"}','{\"msg\":\"操作成功\",\"code\":200}',0,NULL,'2024-07-02 22:30:14',17),(232,'高校院系专业学生信息',3,'com.ruoyi.web.controller.employment.DepartmentsStudentsController.remove()','DELETE',1,'admin','研发部门','/employment/departments_students/2','127.0.0.1','内网IP','{}','{\"msg\":\"操作成功\",\"code\":200}',0,NULL,'2024-07-03 00:48:41',14),(233,'高校院系专业学生信息',3,'com.ruoyi.web.controller.employment.DepartmentsStudentsController.remove()','DELETE',1,'admin','研发部门','/employment/departments_students/3','127.0.0.1','内网IP','{}','{\"msg\":\"操作成功\",\"code\":200}',0,NULL,'2024-07-03 00:49:08',6),(234,'高校院系专业学生信息',3,'com.ruoyi.web.controller.employment.DepartmentsStudentsController.remove()','DELETE',1,'admin','研发部门','/employment/departments_students/20','127.0.0.1','内网IP','{}','{\"msg\":\"操作成功\",\"code\":200}',0,NULL,'2024-07-03 01:01:00',6),(235,'高校院系专业学生信息',3,'com.ruoyi.web.controller.employment.DepartmentsStudentsController.remove()','DELETE',1,'admin','研发部门','/employment/departments_students/1','127.0.0.1','内网IP','{}','{\"msg\":\"操作成功\",\"code\":200}',0,NULL,'2024-07-03 01:02:46',6),(236,'字典数据',1,'com.ruoyi.web.controller.system.SysDictDataController.add()','POST',1,'admin','研发部门','/system/dict/data','127.0.0.1','内网IP','{\"createBy\":\"admin\",\"default\":false,\"dictLabel\":\"已就业\",\"dictSort\":1,\"dictType\":\"employment_status\",\"dictValue\":\"0\",\"listClass\":\"default\",\"params\":{},\"remark\":\"已就业\",\"status\":\"0\"}','{\"msg\":\"操作成功\",\"code\":200}',0,NULL,'2024-07-03 08:49:33',10),(237,'字典数据',1,'com.ruoyi.web.controller.system.SysDictDataController.add()','POST',1,'admin','研发部门','/system/dict/data','127.0.0.1','内网IP','{\"createBy\":\"admin\",\"default\":false,\"dictLabel\":\"未就业\",\"dictSort\":2,\"dictType\":\"employment_status\",\"dictValue\":\"1\",\"listClass\":\"default\",\"params\":{},\"remark\":\"未就业\",\"status\":\"0\"}','{\"msg\":\"操作成功\",\"code\":200}',0,NULL,'2024-07-03 08:49:51',10),(238,'代码生成',2,'com.ruoyi.generator.controller.GenController.editSave()','PUT',1,'admin','研发部门','/tool/gen','127.0.0.1','内网IP','{\"businessName\":\"employment_info\",\"className\":\"EmploymentInfo\",\"columns\":[{\"capJavaField\":\"EmploymentId\",\"columnComment\":\"就业信息ID\",\"columnId\":33,\"columnName\":\"employment_id\",\"columnType\":\"bigint unsigned\",\"createBy\":\"admin\",\"createTime\":\"2024-07-02 11:18:56\",\"dictType\":\"\",\"edit\":false,\"increment\":true,\"insert\":true,\"isIncrement\":\"1\",\"isInsert\":\"1\",\"isPk\":\"1\",\"isRequired\":\"1\",\"javaField\":\"employmentId\",\"javaType\":\"Long\",\"list\":false,\"params\":{},\"pk\":true,\"query\":false,\"queryType\":\"EQ\",\"required\":true,\"sort\":1,\"superColumn\":false,\"tableId\":6,\"updateBy\":\"\",\"updateTime\":\"2024-07-02 15:38:53\",\"usableColumn\":false},{\"capJavaField\":\"StudentId\",\"columnComment\":\"学生ID\",\"columnId\":34,\"columnName\":\"student_id\",\"columnType\":\"bigint\",\"createBy\":\"admin\",\"createTime\":\"2024-07-02 11:18:56\",\"dictType\":\"\",\"edit\":true,\"htmlType\":\"input\",\"increment\":false,\"insert\":true,\"isEdit\":\"1\",\"isIncrement\":\"0\",\"isInsert\":\"1\",\"isList\":\"1\",\"isPk\":\"0\",\"isQuery\":\"1\",\"isRequired\":\"1\",\"javaField\":\"studentId\",\"javaType\":\"Long\",\"list\":true,\"params\":{},\"pk\":false,\"query\":true,\"queryType\":\"EQ\",\"required\":true,\"sort\":2,\"superColumn\":false,\"tableId\":6,\"updateBy\":\"\",\"updateTime\":\"2024-07-02 15:38:53\",\"usableColumn\":false},{\"capJavaField\":\"CompanyName\",\"columnComment\":\"公司名称\",\"columnId\":35,\"columnName\":\"company_name\",\"columnType\":\"varchar(255)\",\"createBy\":\"admin\",\"createTime\":\"2024-07-02 11:18:56\",\"dictType\":\"\",\"edit\":true,\"htmlType\":\"input\",\"increment\":false,\"insert\":true,\"isEdit\":\"1\",\"isIncrement\":\"0\",\"isInsert\":\"1\",\"isList\":\"1\",\"isPk\":\"0\",\"isQuery\":\"1\",\"isRequired\":\"1\",\"javaField\":\"companyName\",\"javaType\":\"String\",\"list\":true,\"params\":{},\"pk\":false,\"query\":true,\"queryType\":\"LIKE\",\"required\":true,\"sort\":3,\"superColumn\":false,\"tableId\":6,\"updateBy\":\"\",\"updateTime\":\"2024-07-02 15:38:53\",\"usableColumn\":false},{\"capJavaField\":\"Position\",\"columnComment\":\"职位\",\"columnId\":36,\"columnName\":\"position\",\"columnType\":\"varchar(255)\",\"createBy\":\"admin\",\"createTime\":\"2024-07-02 11:18:56\",\"dictType\":\"\",\"edit\":true,\"htmlType\":\"in','{\"msg\":\"操作成功\",\"code\":200}',0,NULL,'2024-07-03 08:50:15',35),(239,'代码生成',8,'com.ruoyi.generator.controller.GenController.batchGenCode()','GET',1,'admin','研发部门','/tool/gen/batchGenCode','127.0.0.1','内网IP','{\"tables\":\"employment_analysis\"}',NULL,0,NULL,'2024-07-03 08:50:24',107),(240,'代码生成',8,'com.ruoyi.generator.controller.GenController.batchGenCode()','GET',1,'admin','研发部门','/tool/gen/batchGenCode','127.0.0.1','内网IP','{\"tables\":\"employment_info\"}',NULL,0,NULL,'2024-07-03 08:50:31',23),(241,'学生就业信息',2,'com.ruoyi.web.controller.employment.EmploymentInfoController.edit()','PUT',1,'admin','研发部门','/employment/employment_info','127.0.0.1','内网IP','{\"companyName\":\"华为技术有限公司\",\"employmentDate\":\"2000-06-01\",\"employmentId\":26,\"location\":\"深圳\",\"params\":{},\"position\":\"程序员\",\"salary\":5123.45,\"status\":\"1\",\"studentId\":19970001}','{\"msg\":\"操作成功\",\"code\":200}',0,NULL,'2024-07-03 08:55:06',8),(242,'学生就业信息',2,'com.ruoyi.web.controller.employment.EmploymentInfoController.edit()','PUT',1,'admin','研发部门','/employment/employment_info','127.0.0.1','内网IP','{\"companyName\":\"华为技术有限公司\",\"employmentDate\":\"2000-06-01\",\"employmentId\":26,\"location\":\"深圳\",\"params\":{},\"position\":\"程序员\",\"salary\":5123.45,\"status\":\"0\",\"studentId\":19970001}','{\"msg\":\"操作成功\",\"code\":200}',0,NULL,'2024-07-03 08:55:34',4),(243,'高校院系专业学生信息',3,'com.ruoyi.web.controller.employment.DepartmentsStudentsController.remove()','DELETE',1,'admin','研发部门','/employment/departments_students/21','127.0.0.1','内网IP','{}','{\"msg\":\"操作成功\",\"code\":200}',0,NULL,'2024-07-03 10:49:45',16),(244,'学生就业信息',3,'com.ruoyi.web.controller.employment.EmploymentInfoController.remove()','DELETE',1,'admin','研发部门','/employment/employment_info/351','127.0.0.1','内网IP','{}','{\"msg\":\"操作成功\",\"code\":200}',0,NULL,'2024-07-03 15:02:57',11),(245,'学生就业信息',2,'com.ruoyi.web.controller.employment.EmploymentInfoController.edit()','PUT',1,'admin','研发部门','/employment/employment_info','127.0.0.1','内网IP','{\"companyName\":\"百度公司\",\"employmentDate\":\"2001-06-01\",\"employmentId\":1143,\"location\":\"广东\",\"params\":{},\"position\":\"程序员\",\"salary\":6178.67,\"status\":\"0\",\"studentId\":19980001}','{\"msg\":\"操作成功\",\"code\":200}',0,NULL,'2024-07-04 15:46:50',16),(246,'学生就业信息',2,'com.ruoyi.web.controller.employment.EmploymentInfoController.edit()','PUT',1,'admin','研发部门','/employment/employment_info','127.0.0.1','内网IP','{\"companyName\":\"百度公司\",\"employmentDate\":\"2001-06-01\",\"employmentId\":1143,\"location\":\"北京\",\"params\":{},\"position\":\"程序员\",\"salary\":6178.67,\"status\":\"0\",\"studentId\":19980001}','{\"msg\":\"操作成功\",\"code\":200}',0,NULL,'2024-07-04 15:47:27',4),(247,'学生就业信息',2,'com.ruoyi.web.controller.employment.EmploymentInfoController.edit()','PUT',1,'admin','研发部门','/employment/employment_info','127.0.0.1','内网IP','{\"companyName\":\"百度公司\",\"employmentDate\":\"2001-06-01\",\"employmentId\":1143,\"location\":\"广东\",\"params\":{},\"position\":\"程序员\",\"salary\":6178.67,\"status\":\"0\",\"studentId\":19980001}','{\"msg\":\"操作成功\",\"code\":200}',0,NULL,'2024-07-04 16:00:45',11),(248,'学生就业信息',2,'com.ruoyi.web.controller.employment.EmploymentInfoController.edit()','PUT',1,'admin','研发部门','/employment/employment_info','127.0.0.1','内网IP','{\"companyName\":\"百度公司\",\"employmentDate\":\"2001-06-01\",\"employmentId\":1143,\"location\":\"北京\",\"params\":{},\"position\":\"程序员\",\"salary\":6178.67,\"status\":\"0\",\"studentId\":19980001}','{\"msg\":\"操作成功\",\"code\":200}',0,NULL,'2024-07-04 16:01:34',3),(249,'高校院系专业学生信息',3,'com.ruoyi.web.controller.employment.DepartmentsStudentsController.remove()','DELETE',1,'admin','研发部门','/employment/departments_students/460','127.0.0.1','内网IP','{}','{\"msg\":\"操作成功\",\"code\":200}',0,NULL,'2024-07-04 16:08:15',13),(250,'高校院系专业学生信息',3,'com.ruoyi.web.controller.employment.DepartmentsStudentsController.remove()','DELETE',1,'admin','研发部门','/employment/departments_students/834','127.0.0.1','内网IP','{}','{\"msg\":\"操作成功\",\"code\":200}',0,NULL,'2024-07-04 16:08:17',4),(251,'高校院系专业学生信息',3,'com.ruoyi.web.controller.employment.DepartmentsStudentsController.remove()','DELETE',1,'admin','研发部门','/employment/departments_students/830','127.0.0.1','内网IP','{}','{\"msg\":\"操作成功\",\"code\":200}',0,NULL,'2024-07-04 16:08:31',5),(252,'高校院系专业学生信息',3,'com.ruoyi.web.controller.employment.DepartmentsStudentsController.remove()','DELETE',1,'admin','研发部门','/employment/departments_students/831','127.0.0.1','内网IP','{}','{\"msg\":\"操作成功\",\"code\":200}',0,NULL,'2024-07-04 16:08:33',4),(253,'学生就业信息',2,'com.ruoyi.web.controller.employment.EmploymentInfoController.edit()','PUT',1,'admin','研发部门','/employment/employment_info','127.0.0.1','内网IP','{\"companyName\":\"京东商城\",\"employmentDate\":\"2000-07-25\",\"employmentId\":1423,\"location\":\"广东\",\"params\":{},\"position\":\"研发工程师\",\"salary\":8900.6,\"status\":\"0\",\"studentId\":20201045}','{\"msg\":\"操作成功\",\"code\":200}',0,NULL,'2024-07-04 16:15:48',13),(254,'学生就业信息',2,'com.ruoyi.web.controller.employment.EmploymentInfoController.edit()','PUT',1,'admin','研发部门','/employment/employment_info','127.0.0.1','内网IP','{\"companyName\":\"京东商城\",\"employmentDate\":\"2000-07-25\",\"employmentId\":1423,\"location\":\"北京\",\"params\":{},\"position\":\"研发工程师\",\"salary\":8900.6,\"status\":\"0\",\"studentId\":20201045}','{\"msg\":\"操作成功\",\"code\":200}',0,NULL,'2024-07-04 16:16:18',4),(255,'学生就业信息',2,'com.ruoyi.web.controller.employment.EmploymentInfoController.edit()','PUT',1,'admin','研发部门','/employment/employment_info','127.0.0.1','内网IP','{\"companyName\":\"京东商城\",\"employmentDate\":\"2005-10-25\",\"employmentId\":1424,\"location\":\"广东\",\"params\":{},\"position\":\"产品经理\",\"salary\":10876.54,\"status\":\"0\",\"studentId\":20011005}','{\"msg\":\"操作成功\",\"code\":200}',0,NULL,'2024-07-04 16:16:42',5),(256,'学生就业信息',2,'com.ruoyi.web.controller.employment.EmploymentInfoController.edit()','PUT',1,'admin','研发部门','/employment/employment_info','127.0.0.1','内网IP','{\"companyName\":\"美团点评\",\"employmentDate\":\"2006-11-30\",\"employmentId\":1425,\"location\":\"广东\",\"params\":{},\"position\":\"系统工程师\",\"salary\":10234.56,\"status\":\"0\",\"studentId\":20021006}','{\"msg\":\"操作成功\",\"code\":200}',0,NULL,'2024-07-04 16:17:09',4),(257,'学生就业信息',2,'com.ruoyi.web.controller.employment.EmploymentInfoController.edit()','PUT',1,'admin','研发部门','/employment/employment_info','127.0.0.1','内网IP','{\"companyName\":\"京东商城\",\"employmentDate\":\"2000-07-25\",\"employmentId\":1423,\"location\":\"北京\",\"params\":{},\"position\":\"研发工程师\",\"salary\":8900.7,\"status\":\"0\",\"studentId\":20201045}','{\"msg\":\"操作成功\",\"code\":200}',0,NULL,'2024-07-04 16:19:24',12),(258,'学生就业信息',2,'com.ruoyi.web.controller.employment.EmploymentInfoController.edit()','PUT',1,'admin','研发部门','/employment/employment_info','127.0.0.1','内网IP','{\"companyName\":\"京东商城\",\"employmentDate\":\"2000-07-25\",\"employmentId\":1423,\"location\":\"北京\",\"params\":{},\"position\":\"研发工程师\",\"salary\":8900.6,\"status\":\"0\",\"studentId\":20201045}','{\"msg\":\"操作成功\",\"code\":200}',0,NULL,'2024-07-04 16:19:56',7),(259,'高校院系专业学生信息',2,'com.ruoyi.web.controller.employment.DepartmentsStudentsController.edit()','PUT',1,'admin','研发部门','/employment/departments_students','127.0.0.1','内网IP','{\"collegeId\":3,\"collegeName\":\"西北大学\",\"dateOfBirth\":\"1979-01-01\",\"departmentId\":3,\"departmentName\":\"软件工程学院\",\"employmentInfoList\":[],\"enrollmentYear\":\"1997-01-01\",\"gender\":\"M\",\"id\":186,\"majorId\":2,\"majorName\":\"物联网\",\"params\":{},\"studentId\":19970101,\"studentName\":\"石海清\"}',NULL,1,'\r\n### Error updating database.  Cause: java.sql.SQLException: Data truncated for column \'enrollment_year\' at row 1\r\n### The error may exist in file [I:\\RuoYi-Vue-master (11)\\ruoyi-employment\\target\\classes\\mapper\\employment\\DepartmentsStudentsMapper.xml]\r\n### The error may involve com.ruoyi.employment.mapper.DepartmentsStudentsMapper.updateDepartmentsStudents-Inline\r\n### The error occurred while setting parameters\r\n### SQL: update departments_students          SET college_id = ?,             college_name = ?,             department_id = ?,             department_name = ?,             major_id = ?,             major_name = ?,             student_id = ?,             student_name = ?,             gender = ?,             date_of_birth = ?,             enrollment_year = ?          where id = ?\r\n### Cause: java.sql.SQLException: Data truncated for column \'enrollment_year\' at row 1\n; Data truncated for column \'enrollment_year\' at row 1; nested exception is java.sql.SQLException: Data truncated for column \'enrollment_year\' at row 1','2024-07-04 16:25:38',38),(260,'高校院系专业学生信息',2,'com.ruoyi.web.controller.employment.DepartmentsStudentsController.edit()','PUT',1,'admin','研发部门','/employment/departments_students','127.0.0.1','内网IP','{\"collegeId\":3,\"collegeName\":\"西北大学\",\"dateOfBirth\":\"1979-01-02\",\"departmentId\":3,\"departmentName\":\"软件工程学院\",\"employmentInfoList\":[],\"enrollmentYear\":\"1997-01-01\",\"gender\":\"M\",\"id\":186,\"majorId\":2,\"majorName\":\"物联网\",\"params\":{},\"studentId\":19970101,\"studentName\":\"石海清\"}',NULL,1,'\r\n### Error updating database.  Cause: java.sql.SQLException: Data truncated for column \'enrollment_year\' at row 1\r\n### The error may exist in file [I:\\RuoYi-Vue-master (11)\\ruoyi-employment\\target\\classes\\mapper\\employment\\DepartmentsStudentsMapper.xml]\r\n### The error may involve com.ruoyi.employment.mapper.DepartmentsStudentsMapper.updateDepartmentsStudents-Inline\r\n### The error occurred while setting parameters\r\n### SQL: update departments_students          SET college_id = ?,             college_name = ?,             department_id = ?,             department_name = ?,             major_id = ?,             major_name = ?,             student_id = ?,             student_name = ?,             gender = ?,             date_of_birth = ?,             enrollment_year = ?          where id = ?\r\n### Cause: java.sql.SQLException: Data truncated for column \'enrollment_year\' at row 1\n; Data truncated for column \'enrollment_year\' at row 1; nested exception is java.sql.SQLException: Data truncated for column \'enrollment_year\' at row 1','2024-07-04 16:26:34',4),(261,'高校院系专业学生信息',2,'com.ruoyi.web.controller.employment.DepartmentsStudentsController.edit()','PUT',1,'admin','研发部门','/employment/departments_students','127.0.0.1','内网IP','{\"collegeId\":3,\"collegeName\":\"西北大学\",\"dateOfBirth\":\"1979-01-01\",\"departmentId\":3,\"departmentName\":\"软件学院\",\"employmentInfoList\":[],\"enrollmentYear\":\"1997-01-01\",\"gender\":\"F\",\"id\":186,\"majorId\":2,\"majorName\":\"物联网\",\"params\":{},\"studentId\":19970101,\"studentName\":\"石海清\"}',NULL,1,'\r\n### Error updating database.  Cause: java.sql.SQLException: Data truncated for column \'enrollment_year\' at row 1\r\n### The error may exist in file [I:\\RuoYi-Vue-master (11)\\ruoyi-employment\\target\\classes\\mapper\\employment\\DepartmentsStudentsMapper.xml]\r\n### The error may involve com.ruoyi.employment.mapper.DepartmentsStudentsMapper.updateDepartmentsStudents-Inline\r\n### The error occurred while setting parameters\r\n### SQL: update departments_students          SET college_id = ?,             college_name = ?,             department_id = ?,             department_name = ?,             major_id = ?,             major_name = ?,             student_id = ?,             student_name = ?,             gender = ?,             date_of_birth = ?,             enrollment_year = ?          where id = ?\r\n### Cause: java.sql.SQLException: Data truncated for column \'enrollment_year\' at row 1\n; Data truncated for column \'enrollment_year\' at row 1; nested exception is java.sql.SQLException: Data truncated for column \'enrollment_year\' at row 1','2024-07-04 16:26:43',4),(262,'高校院系专业学生信息',2,'com.ruoyi.web.controller.employment.DepartmentsStudentsController.edit()','PUT',1,'admin','研发部门','/employment/departments_students','127.0.0.1','内网IP','{\"collegeId\":3,\"collegeName\":\"西北大学\",\"dateOfBirth\":\"1979-01-01\",\"departmentId\":3,\"departmentName\":\"软件工程学院\",\"employmentInfoList\":[],\"enrollmentYear\":\"1997\",\"gender\":\"M\",\"id\":186,\"majorId\":2,\"majorName\":\"物联网\",\"params\":{},\"studentId\":19970101,\"studentName\":\"石海清\"}','{\"msg\":\"操作成功\",\"code\":200}',0,NULL,'2024-07-04 16:37:07',6),(263,'学生就业信息',2,'com.ruoyi.web.controller.employment.EmploymentInfoController.edit()','PUT',1,'admin','研发部门','/employment/employment_info','127.0.0.1','内网IP','{\"companyName\":\"京东商城\",\"employmentDate\":\"2000-07-25\",\"employmentId\":1423,\"location\":\"广东\",\"params\":{},\"position\":\"研发工程师\",\"salary\":8900.6,\"status\":\"0\",\"studentId\":20201045}','{\"msg\":\"操作成功\",\"code\":200}',0,NULL,'2024-07-04 17:02:23',4),(264,'学生就业信息',2,'com.ruoyi.web.controller.employment.EmploymentInfoController.edit()','PUT',1,'admin','研发部门','/employment/employment_info','127.0.0.1','内网IP','{\"companyName\":\"京东商城\",\"employmentDate\":\"2000-07-25\",\"employmentId\":1423,\"location\":\"北京\",\"params\":{},\"position\":\"研发工程师\",\"salary\":8900.6,\"status\":\"0\",\"studentId\":20201045}','{\"msg\":\"操作成功\",\"code\":200}',0,NULL,'2024-07-04 17:02:39',6),(265,'高校院系专业学生信息',2,'com.ruoyi.web.controller.employment.DepartmentsStudentsController.edit()','PUT',1,'admin','研发部门','/employment/departments_students','127.0.0.1','内网IP','{\"collegeId\":4,\"collegeName\":\"西安交通大学\",\"dateOfBirth\":\"2002-01-01\",\"departmentId\":4,\"departmentName\":\"软件学院\",\"employmentInfoList\":[],\"enrollmentYear\":\"1997-01-01\",\"gender\":\"F\",\"id\":291,\"majorId\":3,\"majorName\":\"电气工程\",\"params\":{},\"studentId\":20201045,\"studentName\":\"语馨\"}',NULL,1,'\r\n### Error updating database.  Cause: java.sql.SQLException: Data truncated for column \'enrollment_year\' at row 1\r\n### The error may exist in file [I:\\RuoYi-Vue-master (11)\\ruoyi-employment\\target\\classes\\mapper\\employment\\DepartmentsStudentsMapper.xml]\r\n### The error may involve com.ruoyi.employment.mapper.DepartmentsStudentsMapper.updateDepartmentsStudents-Inline\r\n### The error occurred while setting parameters\r\n### SQL: update departments_students          SET college_id = ?,             college_name = ?,             department_id = ?,             department_name = ?,             major_id = ?,             major_name = ?,             student_id = ?,             student_name = ?,             gender = ?,             date_of_birth = ?,             enrollment_year = ?          where id = ?\r\n### Cause: java.sql.SQLException: Data truncated for column \'enrollment_year\' at row 1\n; Data truncated for column \'enrollment_year\' at row 1; nested exception is java.sql.SQLException: Data truncated for column \'enrollment_year\' at row 1','2024-07-04 17:05:02',3),(266,'高校院系专业学生信息',2,'com.ruoyi.web.controller.employment.DepartmentsStudentsController.edit()','PUT',1,'admin','研发部门','/employment/departments_students','127.0.0.1','内网IP','{\"collegeId\":4,\"collegeName\":\"西安交通大学\",\"dateOfBirth\":\"2002-01-01\",\"departmentId\":4,\"departmentName\":\"软件学院\",\"employmentInfoList\":[],\"enrollmentYear\":\"1997\",\"gender\":\"F\",\"id\":291,\"majorId\":3,\"majorName\":\"电气工程\",\"params\":{},\"studentId\":20201045,\"studentName\":\"语馨\"}','{\"msg\":\"操作成功\",\"code\":200}',0,NULL,'2024-07-04 17:05:13',6),(267,'学生就业信息',2,'com.ruoyi.web.controller.employment.EmploymentInfoController.edit()','PUT',1,'admin','研发部门','/employment/employment_info','127.0.0.1','内网IP','{\"companyName\":\"京东商城\",\"employmentDate\":\"2000-07-25\",\"employmentId\":1423,\"location\":\"广东\",\"params\":{},\"position\":\"研发工程师\",\"salary\":8900.6,\"status\":\"0\",\"studentId\":20201045}','{\"msg\":\"操作成功\",\"code\":200}',0,NULL,'2024-07-04 17:17:22',12),(268,'学生就业信息',2,'com.ruoyi.web.controller.employment.EmploymentInfoController.edit()','PUT',1,'admin','研发部门','/employment/employment_info','127.0.0.1','内网IP','{\"companyName\":\"京东商城\",\"employmentDate\":\"2000-07-25\",\"employmentId\":1423,\"location\":\"广东\",\"params\":{},\"position\":\"研发工程师\",\"salary\":8910,\"status\":\"0\",\"studentId\":20201045}','{\"msg\":\"操作成功\",\"code\":200}',0,NULL,'2024-07-05 08:59:20',12);
/*!40000 ALTER TABLE `sys_oper_log` ENABLE KEYS */;
UNLOCK TABLES;

--
-- Table structure for table `sys_post`
--

DROP TABLE IF EXISTS `sys_post`;
/*!40101 SET @saved_cs_client     = @@character_set_client */;
/*!50503 SET character_set_client = utf8mb4 */;
CREATE TABLE `sys_post` (
  `post_id` bigint NOT NULL AUTO_INCREMENT COMMENT '岗位ID',
  `post_code` varchar(64) NOT NULL COMMENT '岗位编码',
  `post_name` varchar(50) NOT NULL COMMENT '岗位名称',
  `post_sort` int NOT NULL COMMENT '显示顺序',
  `status` char(1) NOT NULL COMMENT '状态（0正常 1停用）',
  `create_by` varchar(64) DEFAULT '' COMMENT '创建者',
  `create_time` datetime DEFAULT NULL COMMENT '创建时间',
  `update_by` varchar(64) DEFAULT '' COMMENT '更新者',
  `update_time` datetime DEFAULT NULL COMMENT '更新时间',
  `remark` varchar(500) DEFAULT NULL COMMENT '备注',
  PRIMARY KEY (`post_id`)
) ENGINE=InnoDB AUTO_INCREMENT=5 DEFAULT CHARSET=utf8mb4 COLLATE=utf8mb4_0900_ai_ci COMMENT='岗位信息表';
/*!40101 SET character_set_client = @saved_cs_client */;

--
-- Dumping data for table `sys_post`
--

LOCK TABLES `sys_post` WRITE;
/*!40000 ALTER TABLE `sys_post` DISABLE KEYS */;
INSERT INTO `sys_post` VALUES (1,'ceo','董事长',1,'0','admin','2024-06-29 09:54:41','',NULL,''),(2,'se','项目经理',2,'0','admin','2024-06-29 09:54:41','',NULL,''),(3,'hr','人力资源',3,'0','admin','2024-06-29 09:54:41','',NULL,''),(4,'user','普通员工',4,'0','admin','2024-06-29 09:54:41','',NULL,'');
/*!40000 ALTER TABLE `sys_post` ENABLE KEYS */;
UNLOCK TABLES;

--
-- Table structure for table `sys_role`
--

DROP TABLE IF EXISTS `sys_role`;
/*!40101 SET @saved_cs_client     = @@character_set_client */;
/*!50503 SET character_set_client = utf8mb4 */;
CREATE TABLE `sys_role` (
  `role_id` bigint NOT NULL AUTO_INCREMENT COMMENT '角色ID',
  `role_name` varchar(30) NOT NULL COMMENT '角色名称',
  `role_key` varchar(100) NOT NULL COMMENT '角色权限字符串',
  `role_sort` int NOT NULL COMMENT '显示顺序',
  `data_scope` char(1) DEFAULT '1' COMMENT '数据范围（1：全部数据权限 2：自定数据权限 3：本部门数据权限 4：本部门及以下数据权限）',
  `menu_check_strictly` tinyint(1) DEFAULT '1' COMMENT '菜单树选择项是否关联显示',
  `dept_check_strictly` tinyint(1) DEFAULT '1' COMMENT '部门树选择项是否关联显示',
  `status` char(1) NOT NULL COMMENT '角色状态（0正常 1停用）',
  `del_flag` char(1) DEFAULT '0' COMMENT '删除标志（0代表存在 2代表删除）',
  `create_by` varchar(64) DEFAULT '' COMMENT '创建者',
  `create_time` datetime DEFAULT NULL COMMENT '创建时间',
  `update_by` varchar(64) DEFAULT '' COMMENT '更新者',
  `update_time` datetime DEFAULT NULL COMMENT '更新时间',
  `remark` varchar(500) DEFAULT NULL COMMENT '备注',
  PRIMARY KEY (`role_id`)
) ENGINE=InnoDB AUTO_INCREMENT=100 DEFAULT CHARSET=utf8mb4 COLLATE=utf8mb4_0900_ai_ci COMMENT='角色信息表';
/*!40101 SET character_set_client = @saved_cs_client */;

--
-- Dumping data for table `sys_role`
--

LOCK TABLES `sys_role` WRITE;
/*!40000 ALTER TABLE `sys_role` DISABLE KEYS */;
INSERT INTO `sys_role` VALUES (1,'超级管理员','admin',1,'1',1,1,'0','0','admin','2024-06-29 09:54:41','',NULL,'超级管理员'),(2,'普通角色','common',2,'2',1,1,'0','0','admin','2024-06-29 09:54:41','',NULL,'普通角色');
/*!40000 ALTER TABLE `sys_role` ENABLE KEYS */;
UNLOCK TABLES;

--
-- Table structure for table `sys_role_dept`
--

DROP TABLE IF EXISTS `sys_role_dept`;
/*!40101 SET @saved_cs_client     = @@character_set_client */;
/*!50503 SET character_set_client = utf8mb4 */;
CREATE TABLE `sys_role_dept` (
  `role_id` bigint NOT NULL COMMENT '角色ID',
  `dept_id` bigint NOT NULL COMMENT '部门ID',
  PRIMARY KEY (`role_id`,`dept_id`)
) ENGINE=InnoDB DEFAULT CHARSET=utf8mb4 COLLATE=utf8mb4_0900_ai_ci COMMENT='角色和部门关联表';
/*!40101 SET character_set_client = @saved_cs_client */;

--
-- Dumping data for table `sys_role_dept`
--

LOCK TABLES `sys_role_dept` WRITE;
/*!40000 ALTER TABLE `sys_role_dept` DISABLE KEYS */;
INSERT INTO `sys_role_dept` VALUES (2,100),(2,101),(2,105);
/*!40000 ALTER TABLE `sys_role_dept` ENABLE KEYS */;
UNLOCK TABLES;

--
-- Table structure for table `sys_role_menu`
--

DROP TABLE IF EXISTS `sys_role_menu`;
/*!40101 SET @saved_cs_client     = @@character_set_client */;
/*!50503 SET character_set_client = utf8mb4 */;
CREATE TABLE `sys_role_menu` (
  `role_id` bigint NOT NULL COMMENT '角色ID',
  `menu_id` bigint NOT NULL COMMENT '菜单ID',
  PRIMARY KEY (`role_id`,`menu_id`)
) ENGINE=InnoDB DEFAULT CHARSET=utf8mb4 COLLATE=utf8mb4_0900_ai_ci COMMENT='角色和菜单关联表';
/*!40101 SET character_set_client = @saved_cs_client */;

--
-- Dumping data for table `sys_role_menu`
--

LOCK TABLES `sys_role_menu` WRITE;
/*!40000 ALTER TABLE `sys_role_menu` DISABLE KEYS */;
INSERT INTO `sys_role_menu` VALUES (2,1),(2,2),(2,3),(2,4),(2,100),(2,101),(2,102),(2,103),(2,104),(2,105),(2,106),(2,107),(2,108),(2,109),(2,110),(2,111),(2,112),(2,113),(2,114),(2,115),(2,116),(2,117),(2,500),(2,501),(2,1000),(2,1001),(2,1002),(2,1003),(2,1004),(2,1005),(2,1006),(2,1007),(2,1008),(2,1009),(2,1010),(2,1011),(2,1012),(2,1013),(2,1014),(2,1015),(2,1016),(2,1017),(2,1018),(2,1019),(2,1020),(2,1021),(2,1022),(2,1023),(2,1024),(2,1025),(2,1026),(2,1027),(2,1028),(2,1029),(2,1030),(2,1031),(2,1032),(2,1033),(2,1034),(2,1035),(2,1036),(2,1037),(2,1038),(2,1039),(2,1040),(2,1041),(2,1042),(2,1043),(2,1044),(2,1045),(2,1046),(2,1047),(2,1048),(2,1049),(2,1050),(2,1051),(2,1052),(2,1053),(2,1054),(2,1055),(2,1056),(2,1057),(2,1058),(2,1059),(2,1060);
/*!40000 ALTER TABLE `sys_role_menu` ENABLE KEYS */;
UNLOCK TABLES;

--
-- Table structure for table `sys_user`
--

DROP TABLE IF EXISTS `sys_user`;
/*!40101 SET @saved_cs_client     = @@character_set_client */;
/*!50503 SET character_set_client = utf8mb4 */;
CREATE TABLE `sys_user` (
  `user_id` bigint NOT NULL AUTO_INCREMENT COMMENT '用户ID',
  `dept_id` bigint DEFAULT NULL COMMENT '部门ID',
  `user_name` varchar(30) NOT NULL COMMENT '用户账号',
  `nick_name` varchar(30) NOT NULL COMMENT '用户昵称',
  `user_type` varchar(2) DEFAULT '00' COMMENT '用户类型（00系统用户）',
  `email` varchar(50) DEFAULT '' COMMENT '用户邮箱',
  `phonenumber` varchar(11) DEFAULT '' COMMENT '手机号码',
  `sex` char(1) DEFAULT '0' COMMENT '用户性别（0男 1女 2未知）',
  `avatar` varchar(100) DEFAULT '' COMMENT '头像地址',
  `password` varchar(100) DEFAULT '' COMMENT '密码',
  `status` char(1) DEFAULT '0' COMMENT '帐号状态（0正常 1停用）',
  `del_flag` char(1) DEFAULT '0' COMMENT '删除标志（0代表存在 2代表删除）',
  `login_ip` varchar(128) DEFAULT '' COMMENT '最后登录IP',
  `login_date` datetime DEFAULT NULL COMMENT '最后登录时间',
  `create_by` varchar(64) DEFAULT '' COMMENT '创建者',
  `create_time` datetime DEFAULT NULL COMMENT '创建时间',
  `update_by` varchar(64) DEFAULT '' COMMENT '更新者',
  `update_time` datetime DEFAULT NULL COMMENT '更新时间',
  `remark` varchar(500) DEFAULT NULL COMMENT '备注',
  PRIMARY KEY (`user_id`)
) ENGINE=InnoDB AUTO_INCREMENT=100 DEFAULT CHARSET=utf8mb4 COLLATE=utf8mb4_0900_ai_ci COMMENT='用户信息表';
/*!40101 SET character_set_client = @saved_cs_client */;

--
-- Dumping data for table `sys_user`
--

LOCK TABLES `sys_user` WRITE;
/*!40000 ALTER TABLE `sys_user` DISABLE KEYS */;
INSERT INTO `sys_user` VALUES (1,103,'admin','若依','00','ry@163.com','15888888888','1','','$2a$10$7JB720yubVSZvUI0rEqK/.VqGOZTH.ulu33dHOiBE8ByOhJIrdAu2','0','0','127.0.0.1','2024-07-05 08:40:20','admin','2024-06-29 09:54:41','','2024-07-05 08:40:19','管理员'),(2,105,'ry','若依','00','ry@qq.com','15666666666','1','','$2a$10$7JB720yubVSZvUI0rEqK/.VqGOZTH.ulu33dHOiBE8ByOhJIrdAu2','0','0','127.0.0.1','2024-06-29 09:54:41','admin','2024-06-29 09:54:41','',NULL,'测试员');
/*!40000 ALTER TABLE `sys_user` ENABLE KEYS */;
UNLOCK TABLES;

--
-- Table structure for table `sys_user_post`
--

DROP TABLE IF EXISTS `sys_user_post`;
/*!40101 SET @saved_cs_client     = @@character_set_client */;
/*!50503 SET character_set_client = utf8mb4 */;
CREATE TABLE `sys_user_post` (
  `user_id` bigint NOT NULL COMMENT '用户ID',
  `post_id` bigint NOT NULL COMMENT '岗位ID',
  PRIMARY KEY (`user_id`,`post_id`)
) ENGINE=InnoDB DEFAULT CHARSET=utf8mb4 COLLATE=utf8mb4_0900_ai_ci COMMENT='用户与岗位关联表';
/*!40101 SET character_set_client = @saved_cs_client */;

--
-- Dumping data for table `sys_user_post`
--

LOCK TABLES `sys_user_post` WRITE;
/*!40000 ALTER TABLE `sys_user_post` DISABLE KEYS */;
INSERT INTO `sys_user_post` VALUES (1,1),(2,2);
/*!40000 ALTER TABLE `sys_user_post` ENABLE KEYS */;
UNLOCK TABLES;

--
-- Table structure for table `sys_user_role`
--

DROP TABLE IF EXISTS `sys_user_role`;
/*!40101 SET @saved_cs_client     = @@character_set_client */;
/*!50503 SET character_set_client = utf8mb4 */;
CREATE TABLE `sys_user_role` (
  `user_id` bigint NOT NULL COMMENT '用户ID',
  `role_id` bigint NOT NULL COMMENT '角色ID',
  PRIMARY KEY (`user_id`,`role_id`)
) ENGINE=InnoDB DEFAULT CHARSET=utf8mb4 COLLATE=utf8mb4_0900_ai_ci COMMENT='用户和角色关联表';
/*!40101 SET character_set_client = @saved_cs_client */;

--
-- Dumping data for table `sys_user_role`
--

LOCK TABLES `sys_user_role` WRITE;
/*!40000 ALTER TABLE `sys_user_role` DISABLE KEYS */;
INSERT INTO `sys_user_role` VALUES (1,1),(2,2);
/*!40000 ALTER TABLE `sys_user_role` ENABLE KEYS */;
UNLOCK TABLES;

--
-- Table structure for table `system_logs`
--

DROP TABLE IF EXISTS `system_logs`;
/*!40101 SET @saved_cs_client     = @@character_set_client */;
/*!50503 SET character_set_client = utf8mb4 */;
CREATE TABLE `system_logs` (
  `log_id` bigint unsigned NOT NULL AUTO_INCREMENT COMMENT '日志ID',
  `timestamp` timestamp NOT NULL DEFAULT CURRENT_TIMESTAMP COMMENT '时间戳',
  `user_id` bigint NOT NULL COMMENT '用户ID',
  `action` varchar(255) CHARACTER SET utf8mb4 COLLATE utf8mb4_general_ci NOT NULL COMMENT '操作',
  `details` text CHARACTER SET utf8mb4 COLLATE utf8mb4_general_ci COMMENT '操作详情',
  `ip_address` varchar(50) CHARACTER SET utf8mb4 COLLATE utf8mb4_general_ci DEFAULT NULL COMMENT 'IP地址',
  PRIMARY KEY (`log_id`) USING BTREE
) ENGINE=InnoDB AUTO_INCREMENT=3 DEFAULT CHARSET=utf8mb4 COLLATE=utf8mb4_general_ci ROW_FORMAT=DYNAMIC COMMENT='系统日志表';
/*!40101 SET character_set_client = @saved_cs_client */;

--
-- Dumping data for table `system_logs`
--

LOCK TABLES `system_logs` WRITE;
/*!40000 ALTER TABLE `system_logs` DISABLE KEYS */;
INSERT INTO `system_logs` VALUES (1,'2024-07-02 03:17:26',1,'登录','用户1登录系统','192.168.1.1'),(2,'2024-07-02 03:17:26',2,'添加数据','用户2添加了一条学生就业信息','192.168.1.2');
/*!40000 ALTER TABLE `system_logs` ENABLE KEYS */;
UNLOCK TABLES;

--
-- Table structure for table `wms_material`
--

DROP TABLE IF EXISTS `wms_material`;
/*!40101 SET @saved_cs_client     = @@character_set_client */;
/*!50503 SET character_set_client = utf8mb4 */;
CREATE TABLE `wms_material` (
  `id` bigint unsigned NOT NULL AUTO_INCREMENT COMMENT '物料档案ID',
  `classify_id` bigint DEFAULT NULL COMMENT '物料分类ID',
  `material_code` varchar(255) CHARACTER SET utf8mb4 COLLATE utf8mb4_general_ci DEFAULT NULL COMMENT '物料编码',
  `material_name` varchar(255) CHARACTER SET utf8mb4 COLLATE utf8mb4_general_ci DEFAULT NULL COMMENT '物料名称',
  `material_model` varchar(255) CHARACTER SET utf8mb4 COLLATE utf8mb4_0900_ai_ci DEFAULT NULL COMMENT '型号',
  `material_specifications` varchar(255) CHARACTER SET utf8mb4 COLLATE utf8mb4_general_ci DEFAULT NULL COMMENT '规格',
  `material_unit` varchar(255) CHARACTER SET utf8mb4 COLLATE utf8mb4_general_ci DEFAULT NULL COMMENT '单位',
  `material_price` decimal(10,2) DEFAULT NULL COMMENT '单价',
  `material_type` bigint DEFAULT NULL COMMENT '类型',
  `remark` varchar(255) CHARACTER SET utf8mb4 COLLATE utf8mb4_0900_ai_ci DEFAULT NULL COMMENT '备注',
  PRIMARY KEY (`id`) USING BTREE
) ENGINE=InnoDB AUTO_INCREMENT=49 DEFAULT CHARSET=utf8mb4 COLLATE=utf8mb4_0900_ai_ci ROW_FORMAT=DYNAMIC COMMENT='智能仓储WMS-物料档案表';
/*!40101 SET character_set_client = @saved_cs_client */;

--
-- Dumping data for table `wms_material`
--

LOCK TABLES `wms_material` WRITE;
/*!40000 ALTER TABLE `wms_material` DISABLE KEYS */;
INSERT INTO `wms_material` VALUES (1,11,'0001','1.4T发动机','1.4TASFG','1.4排量','个',5000.00,1,''),(2,9,'0002','1.4T排量轿车','1.4TSI','直立4缸','辆',100000.00,0,''),(8,9,'0003','1.6排量轿车','5挡手动两箱','汽油车','辆',85500.00,0,NULL),(9,9,'0004','1.8排量轿车','9挡双离合三厢','汽油车','辆',248000.00,0,NULL),(10,9,'0005','2.0排量轿车','7挡双离合三厢','汽油车','辆',298000.00,0,NULL),(11,9,'0006','2.5排量轿车','9挡双离合三厢','汽油车','辆',398000.00,0,NULL),(12,9,'0007','3.0排量轿车','9挡双离合两箱','汽油车','辆',428000.00,0,NULL),(13,9,'0008','4.5排量轿跑','9挡双离合三厢','汽油车','辆',888000.00,0,NULL),(14,13,'1001','米其林轮胎','胎面宽168','210','条',588.00,1,NULL),(15,14,'1002','锂电池','EL3RT4G','EL3RT4G','块',9800.00,1,NULL),(16,11,'1003','1.8排量发动机','VM18ERT','汽油发动机','台',488.00,1,NULL),(17,11,'1004','1.6排量发动机','EX917394','汽油发动机','台',68888.00,1,NULL),(18,13,'1005','215轮胎','固特异','宽胎','个',118.00,1,NULL),(19,12,'1006','CVT变速箱','CVT','CVT','个',688.00,1,NULL),(20,13,'1007','215轮胎','马牌215','窄胎','个',320.00,1,NULL),(21,11,'1008','2.5T发动机','汽油发动机','2.5排量自然吸气','个',1288.00,1,NULL),(22,11,'1009','3.0T发动机','汽油发动机','3.0排量自然吸气','个',1588.00,1,NULL),(23,11,'1010','4.5T发动机','汽油','4.5排量自然吸气','个',2088.00,1,NULL),(24,19,'1011','LED刹车灯','FA5987','LED','对',1088.00,1,NULL),(25,20,'1012','自动空调','DS3625','自动空调9.1','套',1388.00,1,NULL),(26,21,'1013','主驾座椅','FSA6366','真皮','个',3000.00,1,NULL),(27,21,'1014','副驾座椅','GS6366','真皮','个',1588.00,1,NULL),(28,15,'1015','4门三厢','DF659841','4门','个',6600.00,1,NULL),(29,15,'1016','4门一体','4门一体','RE5968','个',5800.00,1,NULL),(30,16,'1017','A类底盘','DS5666','整车','个',600.00,1,NULL),(31,16,'1018','B类底盘','TE3633','整车','个',1200.00,1,NULL),(32,18,'1019','LED转向灯','FF9988','LED','对',980.00,1,NULL),(33,9,'1020','3.0T越野吉普','全时四驱','3.0排量','辆',400000.00,0,NULL),(34,9,'1021','2.5T都市SUV','长城SUV','2.5排量四驱','辆',250000.00,0,NULL),(35,9,'1022','2.0T四驱SUV','大众SUV','四驱1.8T','辆',200000.00,0,NULL),(36,9,'1023','1.8T三厢轿车','哈弗1.8T','三厢1.8T','辆',170000.00,0,NULL),(37,10,'1024','理想混合动力轿车','VHE','油电混合','辆',220000.00,0,NULL),(38,10,'0101','比亚迪汉DM','5挡三厢','电车','辆',270000.00,0,NULL),(39,10,'0102','ZEEKER001','9挡三厢','纯电车','辆',350000.00,0,NULL),(40,10,'0103','理想L7','9挡三厢','纯电车','辆',370000.00,0,NULL),(41,10,'0104','海豹','9挡三厢','纯电车','辆',250000.00,0,NULL),(42,10,'0105','小鹏P7','10挡三厢','纯电车','量',330000.00,0,NULL),(43,10,'0106','问界M7','9挡三厢','纯电车','量',350000.00,0,NULL),(44,10,'0107','宝马i3','8挡三厢','纯电车','辆',400000.00,0,NULL),(45,10,'0108','Taycan','10挡三厢','纯电车','辆',890000.00,0,NULL),(46,10,'0109','宝马iX3','9挡三厢','纯电车','辆',420000.00,0,NULL),(47,10,'0110','ModelS','7挡三厢','纯电车','辆',800000.00,0,NULL),(48,17,'1020','氙气大灯','DF1020','氙气','个',720.00,1,NULL);
/*!40000 ALTER TABLE `wms_material` ENABLE KEYS */;
UNLOCK TABLES;

--
-- Table structure for table `wms_material_classify`
--

DROP TABLE IF EXISTS `wms_material_classify`;
/*!40101 SET @saved_cs_client     = @@character_set_client */;
/*!50503 SET character_set_client = utf8mb4 */;
CREATE TABLE `wms_material_classify` (
  `id` bigint unsigned NOT NULL AUTO_INCREMENT COMMENT '物料分类ID',
  `pid` bigint DEFAULT NULL COMMENT '父级ID',
  `name` varchar(255) CHARACTER SET utf8mb4 COLLATE utf8mb4_0900_ai_ci DEFAULT NULL COMMENT '分类名称',
  `code` varchar(255) CHARACTER SET utf8mb4 COLLATE utf8mb4_0900_ai_ci DEFAULT NULL COMMENT '分类编号',
  `remark` varchar(255) CHARACTER SET utf8mb4 COLLATE utf8mb4_0900_ai_ci DEFAULT NULL COMMENT '说明',
  PRIMARY KEY (`id`) USING BTREE
) ENGINE=InnoDB AUTO_INCREMENT=23 DEFAULT CHARSET=utf8mb4 COLLATE=utf8mb4_0900_ai_ci ROW_FORMAT=DYNAMIC COMMENT='智能仓储WMS-物料分类表';
/*!40101 SET character_set_client = @saved_cs_client */;

--
-- Dumping data for table `wms_material_classify`
--

LOCK TABLES `wms_material_classify` WRITE;
/*!40000 ALTER TABLE `wms_material_classify` DISABLE KEYS */;
INSERT INTO `wms_material_classify` VALUES (1,0,'成品','AA','物料成品'),(3,0,'零件','BB','物料零件'),(9,1,'燃油车','AA001','燃油车成品'),(10,1,'新能源车','AA002','新能源车成品'),(11,3,'发动机','BB001','发动机零件'),(12,3,'变速箱','BB002','变速箱零件'),(13,3,'轮胎','BB003','轮胎零件'),(14,3,'电池','BB004','电池零件'),(15,3,'车身','BB005','车身零件'),(16,3,'底盘','BB006','底盘零件'),(17,3,'前大灯','BB007','前大灯零件'),(18,3,'转向灯','BB008','转向灯零件'),(19,3,'刹车灯','BB009','刹车灯零件'),(20,3,'空调系统','BB010','空调系统零件'),(21,3,'车座椅','BB011','车座椅零件');
/*!40000 ALTER TABLE `wms_material_classify` ENABLE KEYS */;
UNLOCK TABLES;
/*!40103 SET TIME_ZONE=@OLD_TIME_ZONE */;

/*!40101 SET SQL_MODE=@OLD_SQL_MODE */;
/*!40014 SET FOREIGN_KEY_CHECKS=@OLD_FOREIGN_KEY_CHECKS */;
/*!40014 SET UNIQUE_CHECKS=@OLD_UNIQUE_CHECKS */;
/*!40101 SET CHARACTER_SET_CLIENT=@OLD_CHARACTER_SET_CLIENT */;
/*!40101 SET CHARACTER_SET_RESULTS=@OLD_CHARACTER_SET_RESULTS */;
/*!40101 SET COLLATION_CONNECTION=@OLD_COLLATION_CONNECTION */;
/*!40111 SET SQL_NOTES=@OLD_SQL_NOTES */;

-- Dump completed on 2024-07-05  9:00:21
